model,case_id,replicate_index,semantic_program_id,json_patch,line_patch,rewrite_with_ids,all_conditions_available
NousResearch/Hermes-4-405B,add_item_000,0,add_item:template-00,True,True,True,True
NousResearch/Hermes-4-405B,add_item_000,1,add_item:template-00,True,True,True,True
NousResearch/Hermes-4-405B,add_item_000,2,add_item:template-00,True,True,True,True
NousResearch/Hermes-4-405B,add_item_001,0,add_item:template-01,True,True,True,True
NousResearch/Hermes-4-405B,add_item_001,1,add_item:template-01,True,True,True,True
NousResearch/Hermes-4-405B,add_item_001,2,add_item:template-01,True,True,True,True
NousResearch/Hermes-4-405B,add_item_002,0,add_item:template-02,True,True,True,True
NousResearch/Hermes-4-405B,add_item_002,1,add_item:template-02,True,True,True,True
NousResearch/Hermes-4-405B,add_item_002,2,add_item:template-02,True,True,True,True
NousResearch/Hermes-4-405B,add_item_003,0,add_item:template-03,True,True,True,True
NousResearch/Hermes-4-405B,add_item_003,1,add_item:template-03,True,True,True,True
NousResearch/Hermes-4-405B,add_item_003,2,add_item:template-03,True,True,True,True
NousResearch/Hermes-4-405B,add_item_004,0,add_item:template-04,True,True,True,True
NousResearch/Hermes-4-405B,add_item_004,1,add_item:template-04,True,True,True,True
NousResearch/Hermes-4-405B,add_item_004,2,add_item:template-04,True,True,True,True
NousResearch/Hermes-4-405B,add_item_005,0,add_item:template-05,True,True,True,True
NousResearch/Hermes-4-405B,add_item_005,1,add_item:template-05,True,True,True,True
NousResearch/Hermes-4-405B,add_item_005,2,add_item:template-05,True,True,True,True
NousResearch/Hermes-4-405B,add_item_006,0,add_item:template-06,True,True,True,True
NousResearch/Hermes-4-405B,add_item_006,1,add_item:template-06,True,True,True,True
NousResearch/Hermes-4-405B,add_item_006,2,add_item:template-06,True,True,True,True
NousResearch/Hermes-4-405B,add_item_007,0,add_item:template-07,True,True,True,True
NousResearch/Hermes-4-405B,add_item_007,1,add_item:template-07,True,True,True,True
NousResearch/Hermes-4-405B,add_item_007,2,add_item:template-07,True,True,True,True
NousResearch/Hermes-4-405B,add_item_008,0,add_item:template-00,True,True,True,True
NousResearch/Hermes-4-405B,add_item_008,1,add_item:template-00,True,True,True,True
NousResearch/Hermes-4-405B,add_item_008,2,add_item:template-00,True,True,True,True
NousResearch/Hermes-4-405B,add_item_009,0,add_item:template-01,True,True,True,True
NousResearch/Hermes-4-405B,add_item_009,1,add_item:template-01,True,True,True,True
NousResearch/Hermes-4-405B,add_item_009,2,add_item:template-01,True,True,True,True
NousResearch/Hermes-4-405B,add_item_010,0,add_item:template-02,True,True,True,True
NousResearch/Hermes-4-405B,add_item_010,1,add_item:template-02,True,True,True,True
NousResearch/Hermes-4-405B,add_item_010,2,add_item:template-02,True,True,True,True
NousResearch/Hermes-4-405B,add_item_011,0,add_item:template-03,True,True,True,True
NousResearch/Hermes-4-405B,add_item_011,1,add_item:template-03,True,True,True,True
NousResearch/Hermes-4-405B,add_item_011,2,add_item:template-03,True,True,True,True
NousResearch/Hermes-4-405B,add_item_012,0,add_item:template-04,True,True,True,True
NousResearch/Hermes-4-405B,add_item_012,1,add_item:template-04,True,True,True,True
NousResearch/Hermes-4-405B,add_item_012,2,add_item:template-04,True,True,True,True
NousResearch/Hermes-4-405B,add_item_013,0,add_item:template-05,True,True,True,True
NousResearch/Hermes-4-405B,add_item_013,1,add_item:template-05,True,True,True,True
NousResearch/Hermes-4-405B,add_item_013,2,add_item:template-05,True,True,True,True
NousResearch/Hermes-4-405B,add_item_014,0,add_item:template-06,True,True,True,True
NousResearch/Hermes-4-405B,add_item_014,1,add_item:template-06,True,True,True,True
NousResearch/Hermes-4-405B,add_item_014,2,add_item:template-06,True,True,True,True
NousResearch/Hermes-4-405B,add_item_015,0,add_item:template-07,True,True,True,True
NousResearch/Hermes-4-405B,add_item_015,1,add_item:template-07,True,True,True,True
NousResearch/Hermes-4-405B,add_item_015,2,add_item:template-07,True,True,True,True
NousResearch/Hermes-4-405B,add_item_016,0,add_item:template-00,True,True,True,True
NousResearch/Hermes-4-405B,add_item_016,1,add_item:template-00,True,True,True,True
NousResearch/Hermes-4-405B,add_item_016,2,add_item:template-00,True,True,True,True
NousResearch/Hermes-4-405B,add_item_017,0,add_item:template-01,True,True,True,True
NousResearch/Hermes-4-405B,add_item_017,1,add_item:template-01,True,True,True,True
NousResearch/Hermes-4-405B,add_item_017,2,add_item:template-01,True,True,True,True
NousResearch/Hermes-4-405B,add_item_018,0,add_item:template-02,True,True,True,True
NousResearch/Hermes-4-405B,add_item_018,1,add_item:template-02,True,True,True,True
NousResearch/Hermes-4-405B,add_item_018,2,add_item:template-02,True,True,True,True
NousResearch/Hermes-4-405B,add_item_019,0,add_item:template-03,True,True,True,True
NousResearch/Hermes-4-405B,add_item_019,1,add_item:template-03,True,True,True,True
NousResearch/Hermes-4-405B,add_item_019,2,add_item:template-03,True,True,True,True
NousResearch/Hermes-4-405B,add_item_020,0,add_item:template-04,True,True,True,True
NousResearch/Hermes-4-405B,add_item_020,1,add_item:template-04,True,True,True,True
NousResearch/Hermes-4-405B,add_item_020,2,add_item:template-04,True,True,True,True
NousResearch/Hermes-4-405B,add_item_021,0,add_item:template-05,True,True,True,True
NousResearch/Hermes-4-405B,add_item_021,1,add_item:template-05,True,True,True,True
NousResearch/Hermes-4-405B,add_item_021,2,add_item:template-05,True,True,True,True
NousResearch/Hermes-4-405B,add_item_022,0,add_item:template-06,True,True,True,True
NousResearch/Hermes-4-405B,add_item_022,1,add_item:template-06,True,True,True,True
NousResearch/Hermes-4-405B,add_item_022,2,add_item:template-06,True,True,True,True
NousResearch/Hermes-4-405B,add_item_023,0,add_item:template-07,True,True,True,True
NousResearch/Hermes-4-405B,add_item_023,1,add_item:template-07,True,True,True,True
NousResearch/Hermes-4-405B,add_item_023,2,add_item:template-07,True,True,True,True
NousResearch/Hermes-4-405B,add_item_024,0,add_item:template-00,True,True,True,True
NousResearch/Hermes-4-405B,add_item_024,1,add_item:template-00,True,True,True,True
NousResearch/Hermes-4-405B,add_item_024,2,add_item:template-00,True,True,True,True
NousResearch/Hermes-4-405B,add_item_025,0,add_item:template-01,True,True,True,True
NousResearch/Hermes-4-405B,add_item_025,1,add_item:template-01,True,True,True,True
NousResearch/Hermes-4-405B,add_item_025,2,add_item:template-01,True,True,True,True
NousResearch/Hermes-4-405B,add_item_026,0,add_item:template-02,True,True,True,True
NousResearch/Hermes-4-405B,add_item_026,1,add_item:template-02,True,True,True,True
NousResearch/Hermes-4-405B,add_item_026,2,add_item:template-02,True,True,True,True
NousResearch/Hermes-4-405B,add_item_027,0,add_item:template-03,True,True,True,True
NousResearch/Hermes-4-405B,add_item_027,1,add_item:template-03,True,True,True,True
NousResearch/Hermes-4-405B,add_item_027,2,add_item:template-03,True,True,True,True
NousResearch/Hermes-4-405B,add_item_028,0,add_item:template-04,True,True,True,True
NousResearch/Hermes-4-405B,add_item_028,1,add_item:template-04,True,True,True,True
NousResearch/Hermes-4-405B,add_item_028,2,add_item:template-04,True,True,True,True
NousResearch/Hermes-4-405B,add_item_029,0,add_item:template-05,True,True,True,True
NousResearch/Hermes-4-405B,add_item_029,1,add_item:template-05,True,True,True,True
NousResearch/Hermes-4-405B,add_item_029,2,add_item:template-05,True,True,True,True
NousResearch/Hermes-4-405B,constraint_add_safe_000,0,constraint_add_safe:template-00,True,True,True,True
NousResearch/Hermes-4-405B,constraint_add_safe_000,1,constraint_add_safe:template-00,True,True,True,True
NousResearch/Hermes-4-405B,constraint_add_safe_000,2,constraint_add_safe:template-00,True,True,True,True
NousResearch/Hermes-4-405B,constraint_add_safe_001,0,constraint_add_safe:template-01,True,True,True,True
NousResearch/Hermes-4-405B,constraint_add_safe_001,1,constraint_add_safe:template-01,True,True,True,True
NousResearch/Hermes-4-405B,constraint_add_safe_001,2,constraint_add_safe:template-01,True,True,True,True
NousResearch/Hermes-4-405B,constraint_add_safe_002,0,constraint_add_safe:template-02,True,True,True,True
NousResearch/Hermes-4-405B,constraint_add_safe_002,1,constraint_add_safe:template-02,True,True,True,True
NousResearch/Hermes-4-405B,constraint_add_safe_002,2,constraint_add_safe:template-02,True,True,True,True
NousResearch/Hermes-4-405B,constraint_add_safe_003,0,constraint_add_safe:template-03,True,True,True,True
NousResearch/Hermes-4-405B,constraint_add_safe_003,1,constraint_add_safe:template-03,True,True,True,True
NousResearch/Hermes-4-405B,constraint_add_safe_003,2,constraint_add_safe:template-03,True,True,True,True
NousResearch/Hermes-4-405B,constraint_add_safe_004,0,constraint_add_safe:template-04,True,True,True,True
NousResearch/Hermes-4-405B,constraint_add_safe_004,1,constraint_add_safe:template-04,True,True,True,True
NousResearch/Hermes-4-405B,constraint_add_safe_004,2,constraint_add_safe:template-04,True,True,True,True
NousResearch/Hermes-4-405B,constraint_add_safe_005,0,constraint_add_safe:template-05,True,True,True,True
NousResearch/Hermes-4-405B,constraint_add_safe_005,1,constraint_add_safe:template-05,True,True,True,True
NousResearch/Hermes-4-405B,constraint_add_safe_005,2,constraint_add_safe:template-05,True,True,True,True
NousResearch/Hermes-4-405B,constraint_add_safe_006,0,constraint_add_safe:template-06,True,True,True,True
NousResearch/Hermes-4-405B,constraint_add_safe_006,1,constraint_add_safe:template-06,True,True,True,True
NousResearch/Hermes-4-405B,constraint_add_safe_006,2,constraint_add_safe:template-06,True,True,True,True
NousResearch/Hermes-4-405B,constraint_add_safe_007,0,constraint_add_safe:template-07,True,True,True,True
NousResearch/Hermes-4-405B,constraint_add_safe_007,1,constraint_add_safe:template-07,True,True,True,True
NousResearch/Hermes-4-405B,constraint_add_safe_007,2,constraint_add_safe:template-07,True,True,True,True
NousResearch/Hermes-4-405B,constraint_add_safe_008,0,constraint_add_safe:template-00,True,True,True,True
NousResearch/Hermes-4-405B,constraint_add_safe_008,1,constraint_add_safe:template-00,True,True,True,True
NousResearch/Hermes-4-405B,constraint_add_safe_008,2,constraint_add_safe:template-00,True,True,True,True
NousResearch/Hermes-4-405B,constraint_add_safe_009,0,constraint_add_safe:template-01,True,True,True,True
NousResearch/Hermes-4-405B,constraint_add_safe_009,1,constraint_add_safe:template-01,True,True,True,True
NousResearch/Hermes-4-405B,constraint_add_safe_009,2,constraint_add_safe:template-01,True,True,True,True
NousResearch/Hermes-4-405B,constraint_add_safe_010,0,constraint_add_safe:template-02,True,True,True,True
NousResearch/Hermes-4-405B,constraint_add_safe_010,1,constraint_add_safe:template-02,True,True,True,True
NousResearch/Hermes-4-405B,constraint_add_safe_010,2,constraint_add_safe:template-02,True,True,True,True
NousResearch/Hermes-4-405B,constraint_add_safe_011,0,constraint_add_safe:template-03,True,True,True,True
NousResearch/Hermes-4-405B,constraint_add_safe_011,1,constraint_add_safe:template-03,True,True,True,True
NousResearch/Hermes-4-405B,constraint_add_safe_011,2,constraint_add_safe:template-03,True,True,True,True
NousResearch/Hermes-4-405B,constraint_add_safe_012,0,constraint_add_safe:template-04,True,True,True,True
NousResearch/Hermes-4-405B,constraint_add_safe_012,1,constraint_add_safe:template-04,True,True,True,True
NousResearch/Hermes-4-405B,constraint_add_safe_012,2,constraint_add_safe:template-04,True,True,True,True
NousResearch/Hermes-4-405B,constraint_add_safe_013,0,constraint_add_safe:template-05,True,True,True,True
NousResearch/Hermes-4-405B,constraint_add_safe_013,1,constraint_add_safe:template-05,True,True,True,True
NousResearch/Hermes-4-405B,constraint_add_safe_013,2,constraint_add_safe:template-05,True,True,True,True
NousResearch/Hermes-4-405B,constraint_add_safe_014,0,constraint_add_safe:template-06,True,True,True,True
NousResearch/Hermes-4-405B,constraint_add_safe_014,1,constraint_add_safe:template-06,True,True,True,True
NousResearch/Hermes-4-405B,constraint_add_safe_014,2,constraint_add_safe:template-06,True,True,True,True
NousResearch/Hermes-4-405B,constraint_add_safe_015,0,constraint_add_safe:template-07,True,True,True,True
NousResearch/Hermes-4-405B,constraint_add_safe_015,1,constraint_add_safe:template-07,True,True,True,True
NousResearch/Hermes-4-405B,constraint_add_safe_015,2,constraint_add_safe:template-07,True,True,True,True
NousResearch/Hermes-4-405B,constraint_add_safe_016,0,constraint_add_safe:template-00,True,True,True,True
NousResearch/Hermes-4-405B,constraint_add_safe_016,1,constraint_add_safe:template-00,True,True,True,True
NousResearch/Hermes-4-405B,constraint_add_safe_016,2,constraint_add_safe:template-00,True,True,True,True
NousResearch/Hermes-4-405B,constraint_add_safe_017,0,constraint_add_safe:template-01,True,True,True,True
NousResearch/Hermes-4-405B,constraint_add_safe_017,1,constraint_add_safe:template-01,True,True,True,True
NousResearch/Hermes-4-405B,constraint_add_safe_017,2,constraint_add_safe:template-01,True,True,True,True
NousResearch/Hermes-4-405B,constraint_add_safe_018,0,constraint_add_safe:template-02,True,True,True,True
NousResearch/Hermes-4-405B,constraint_add_safe_018,1,constraint_add_safe:template-02,True,True,True,True
NousResearch/Hermes-4-405B,constraint_add_safe_018,2,constraint_add_safe:template-02,True,True,True,True
NousResearch/Hermes-4-405B,constraint_add_safe_019,0,constraint_add_safe:template-03,True,True,True,True
NousResearch/Hermes-4-405B,constraint_add_safe_019,1,constraint_add_safe:template-03,True,True,True,True
NousResearch/Hermes-4-405B,constraint_add_safe_019,2,constraint_add_safe:template-03,True,True,True,True
NousResearch/Hermes-4-405B,constraint_add_safe_020,0,constraint_add_safe:template-04,True,True,True,True
NousResearch/Hermes-4-405B,constraint_add_safe_020,1,constraint_add_safe:template-04,True,True,True,True
NousResearch/Hermes-4-405B,constraint_add_safe_020,2,constraint_add_safe:template-04,True,True,True,True
NousResearch/Hermes-4-405B,constraint_add_safe_021,0,constraint_add_safe:template-05,True,True,True,True
NousResearch/Hermes-4-405B,constraint_add_safe_021,1,constraint_add_safe:template-05,True,True,True,True
NousResearch/Hermes-4-405B,constraint_add_safe_021,2,constraint_add_safe:template-05,True,True,True,True
NousResearch/Hermes-4-405B,constraint_add_safe_022,0,constraint_add_safe:template-06,True,True,True,True
NousResearch/Hermes-4-405B,constraint_add_safe_022,1,constraint_add_safe:template-06,True,True,True,True
NousResearch/Hermes-4-405B,constraint_add_safe_022,2,constraint_add_safe:template-06,True,True,True,True
NousResearch/Hermes-4-405B,constraint_add_safe_023,0,constraint_add_safe:template-07,True,True,True,True
NousResearch/Hermes-4-405B,constraint_add_safe_023,1,constraint_add_safe:template-07,True,True,True,True
NousResearch/Hermes-4-405B,constraint_add_safe_023,2,constraint_add_safe:template-07,True,True,True,True
NousResearch/Hermes-4-405B,constraint_add_safe_024,0,constraint_add_safe:template-00,True,True,True,True
NousResearch/Hermes-4-405B,constraint_add_safe_024,1,constraint_add_safe:template-00,True,True,True,True
NousResearch/Hermes-4-405B,constraint_add_safe_024,2,constraint_add_safe:template-00,True,True,True,True
NousResearch/Hermes-4-405B,constraint_add_safe_025,0,constraint_add_safe:template-01,True,True,True,True
NousResearch/Hermes-4-405B,constraint_add_safe_025,1,constraint_add_safe:template-01,True,True,True,True
NousResearch/Hermes-4-405B,constraint_add_safe_025,2,constraint_add_safe:template-01,True,True,True,True
NousResearch/Hermes-4-405B,constraint_add_safe_026,0,constraint_add_safe:template-02,True,True,True,True
NousResearch/Hermes-4-405B,constraint_add_safe_026,1,constraint_add_safe:template-02,True,True,True,True
NousResearch/Hermes-4-405B,constraint_add_safe_026,2,constraint_add_safe:template-02,True,True,True,True
NousResearch/Hermes-4-405B,constraint_add_safe_027,0,constraint_add_safe:template-03,True,True,True,True
NousResearch/Hermes-4-405B,constraint_add_safe_027,1,constraint_add_safe:template-03,True,True,True,True
NousResearch/Hermes-4-405B,constraint_add_safe_027,2,constraint_add_safe:template-03,True,True,True,True
NousResearch/Hermes-4-405B,constraint_add_safe_028,0,constraint_add_safe:template-04,True,True,True,True
NousResearch/Hermes-4-405B,constraint_add_safe_028,1,constraint_add_safe:template-04,True,True,True,True
NousResearch/Hermes-4-405B,constraint_add_safe_028,2,constraint_add_safe:template-04,True,True,True,True
NousResearch/Hermes-4-405B,constraint_add_safe_029,0,constraint_add_safe:template-05,True,True,True,True
NousResearch/Hermes-4-405B,constraint_add_safe_029,1,constraint_add_safe:template-05,True,True,True,True
NousResearch/Hermes-4-405B,constraint_add_safe_029,2,constraint_add_safe:template-05,True,True,True,True
NousResearch/Hermes-4-405B,constraint_new_conflict_000,0,constraint_new_conflict:template-00,True,True,True,True
NousResearch/Hermes-4-405B,constraint_new_conflict_000,1,constraint_new_conflict:template-00,True,True,True,True
NousResearch/Hermes-4-405B,constraint_new_conflict_000,2,constraint_new_conflict:template-00,True,True,True,True
NousResearch/Hermes-4-405B,constraint_new_conflict_001,0,constraint_new_conflict:template-01,True,True,True,True
NousResearch/Hermes-4-405B,constraint_new_conflict_001,1,constraint_new_conflict:template-01,True,True,True,True
NousResearch/Hermes-4-405B,constraint_new_conflict_001,2,constraint_new_conflict:template-01,True,True,True,True
NousResearch/Hermes-4-405B,constraint_new_conflict_002,0,constraint_new_conflict:template-02,True,True,True,True
NousResearch/Hermes-4-405B,constraint_new_conflict_002,1,constraint_new_conflict:template-02,True,True,True,True
NousResearch/Hermes-4-405B,constraint_new_conflict_002,2,constraint_new_conflict:template-02,True,True,True,True
NousResearch/Hermes-4-405B,constraint_new_conflict_003,0,constraint_new_conflict:template-03,True,True,True,True
NousResearch/Hermes-4-405B,constraint_new_conflict_003,1,constraint_new_conflict:template-03,True,True,True,True
NousResearch/Hermes-4-405B,constraint_new_conflict_003,2,constraint_new_conflict:template-03,True,True,True,True
NousResearch/Hermes-4-405B,constraint_new_conflict_004,0,constraint_new_conflict:template-04,True,True,True,True
NousResearch/Hermes-4-405B,constraint_new_conflict_004,1,constraint_new_conflict:template-04,True,True,True,True
NousResearch/Hermes-4-405B,constraint_new_conflict_004,2,constraint_new_conflict:template-04,True,True,True,True
NousResearch/Hermes-4-405B,constraint_new_conflict_005,0,constraint_new_conflict:template-05,True,True,True,True
NousResearch/Hermes-4-405B,constraint_new_conflict_005,1,constraint_new_conflict:template-05,True,True,True,True
NousResearch/Hermes-4-405B,constraint_new_conflict_005,2,constraint_new_conflict:template-05,True,True,True,True
NousResearch/Hermes-4-405B,constraint_new_conflict_006,0,constraint_new_conflict:template-06,True,True,True,True
NousResearch/Hermes-4-405B,constraint_new_conflict_006,1,constraint_new_conflict:template-06,True,True,True,True
NousResearch/Hermes-4-405B,constraint_new_conflict_006,2,constraint_new_conflict:template-06,True,True,True,True
NousResearch/Hermes-4-405B,constraint_new_conflict_007,0,constraint_new_conflict:template-07,True,True,True,True
NousResearch/Hermes-4-405B,constraint_new_conflict_007,1,constraint_new_conflict:template-07,True,True,True,True
NousResearch/Hermes-4-405B,constraint_new_conflict_007,2,constraint_new_conflict:template-07,True,True,True,True
NousResearch/Hermes-4-405B,constraint_new_conflict_008,0,constraint_new_conflict:template-00,True,True,True,True
NousResearch/Hermes-4-405B,constraint_new_conflict_008,1,constraint_new_conflict:template-00,True,True,True,True
NousResearch/Hermes-4-405B,constraint_new_conflict_008,2,constraint_new_conflict:template-00,True,True,True,True
NousResearch/Hermes-4-405B,constraint_new_conflict_009,0,constraint_new_conflict:template-01,True,True,True,True
NousResearch/Hermes-4-405B,constraint_new_conflict_009,1,constraint_new_conflict:template-01,True,True,True,True
NousResearch/Hermes-4-405B,constraint_new_conflict_009,2,constraint_new_conflict:template-01,True,True,True,True
NousResearch/Hermes-4-405B,constraint_new_conflict_010,0,constraint_new_conflict:template-02,True,True,True,True
NousResearch/Hermes-4-405B,constraint_new_conflict_010,1,constraint_new_conflict:template-02,True,True,True,True
NousResearch/Hermes-4-405B,constraint_new_conflict_010,2,constraint_new_conflict:template-02,True,True,True,True
NousResearch/Hermes-4-405B,constraint_new_conflict_011,0,constraint_new_conflict:template-03,True,True,True,True
NousResearch/Hermes-4-405B,constraint_new_conflict_011,1,constraint_new_conflict:template-03,True,True,True,True
NousResearch/Hermes-4-405B,constraint_new_conflict_011,2,constraint_new_conflict:template-03,True,True,True,True
NousResearch/Hermes-4-405B,constraint_new_conflict_012,0,constraint_new_conflict:template-04,True,True,True,True
NousResearch/Hermes-4-405B,constraint_new_conflict_012,1,constraint_new_conflict:template-04,True,True,True,True
NousResearch/Hermes-4-405B,constraint_new_conflict_012,2,constraint_new_conflict:template-04,True,True,True,True
NousResearch/Hermes-4-405B,constraint_new_conflict_013,0,constraint_new_conflict:template-05,True,True,True,True
NousResearch/Hermes-4-405B,constraint_new_conflict_013,1,constraint_new_conflict:template-05,True,True,True,True
NousResearch/Hermes-4-405B,constraint_new_conflict_013,2,constraint_new_conflict:template-05,True,True,True,True
NousResearch/Hermes-4-405B,constraint_new_conflict_014,0,constraint_new_conflict:template-06,True,True,True,True
NousResearch/Hermes-4-405B,constraint_new_conflict_014,1,constraint_new_conflict:template-06,True,True,True,True
NousResearch/Hermes-4-405B,constraint_new_conflict_014,2,constraint_new_conflict:template-06,True,True,True,True
NousResearch/Hermes-4-405B,constraint_new_conflict_015,0,constraint_new_conflict:template-07,True,True,True,True
NousResearch/Hermes-4-405B,constraint_new_conflict_015,1,constraint_new_conflict:template-07,True,True,True,True
NousResearch/Hermes-4-405B,constraint_new_conflict_015,2,constraint_new_conflict:template-07,True,True,True,True
NousResearch/Hermes-4-405B,constraint_new_conflict_016,0,constraint_new_conflict:template-00,True,True,True,True
NousResearch/Hermes-4-405B,constraint_new_conflict_016,1,constraint_new_conflict:template-00,True,True,True,True
NousResearch/Hermes-4-405B,constraint_new_conflict_016,2,constraint_new_conflict:template-00,True,True,True,True
NousResearch/Hermes-4-405B,constraint_new_conflict_017,0,constraint_new_conflict:template-01,True,True,True,True
NousResearch/Hermes-4-405B,constraint_new_conflict_017,1,constraint_new_conflict:template-01,True,True,True,True
NousResearch/Hermes-4-405B,constraint_new_conflict_017,2,constraint_new_conflict:template-01,True,True,True,True
NousResearch/Hermes-4-405B,constraint_new_conflict_018,0,constraint_new_conflict:template-02,True,True,True,True
NousResearch/Hermes-4-405B,constraint_new_conflict_018,1,constraint_new_conflict:template-02,True,True,True,True
NousResearch/Hermes-4-405B,constraint_new_conflict_018,2,constraint_new_conflict:template-02,True,True,True,True
NousResearch/Hermes-4-405B,constraint_new_conflict_019,0,constraint_new_conflict:template-03,True,True,True,True
NousResearch/Hermes-4-405B,constraint_new_conflict_019,1,constraint_new_conflict:template-03,True,True,True,True
NousResearch/Hermes-4-405B,constraint_new_conflict_019,2,constraint_new_conflict:template-03,True,True,True,True
NousResearch/Hermes-4-405B,constraint_new_conflict_020,0,constraint_new_conflict:template-04,True,True,True,True
NousResearch/Hermes-4-405B,constraint_new_conflict_020,1,constraint_new_conflict:template-04,True,True,True,True
NousResearch/Hermes-4-405B,constraint_new_conflict_020,2,constraint_new_conflict:template-04,True,True,True,True
NousResearch/Hermes-4-405B,constraint_new_conflict_021,0,constraint_new_conflict:template-05,True,True,True,True
NousResearch/Hermes-4-405B,constraint_new_conflict_021,1,constraint_new_conflict:template-05,True,True,True,True
NousResearch/Hermes-4-405B,constraint_new_conflict_021,2,constraint_new_conflict:template-05,True,True,True,True
NousResearch/Hermes-4-405B,constraint_new_conflict_022,0,constraint_new_conflict:template-06,True,True,True,True
NousResearch/Hermes-4-405B,constraint_new_conflict_022,1,constraint_new_conflict:template-06,True,True,True,True
NousResearch/Hermes-4-405B,constraint_new_conflict_022,2,constraint_new_conflict:template-06,True,True,True,True
NousResearch/Hermes-4-405B,constraint_new_conflict_023,0,constraint_new_conflict:template-07,True,True,True,True
NousResearch/Hermes-4-405B,constraint_new_conflict_023,1,constraint_new_conflict:template-07,True,True,True,True
NousResearch/Hermes-4-405B,constraint_new_conflict_023,2,constraint_new_conflict:template-07,True,True,True,True
NousResearch/Hermes-4-405B,constraint_new_conflict_024,0,constraint_new_conflict:template-00,True,True,True,True
NousResearch/Hermes-4-405B,constraint_new_conflict_024,1,constraint_new_conflict:template-00,True,True,True,True
NousResearch/Hermes-4-405B,constraint_new_conflict_024,2,constraint_new_conflict:template-00,True,True,True,True
NousResearch/Hermes-4-405B,constraint_new_conflict_025,0,constraint_new_conflict:template-01,True,True,True,True
NousResearch/Hermes-4-405B,constraint_new_conflict_025,1,constraint_new_conflict:template-01,True,True,True,True
NousResearch/Hermes-4-405B,constraint_new_conflict_025,2,constraint_new_conflict:template-01,True,True,True,True
NousResearch/Hermes-4-405B,constraint_new_conflict_026,0,constraint_new_conflict:template-02,True,True,True,True
NousResearch/Hermes-4-405B,constraint_new_conflict_026,1,constraint_new_conflict:template-02,True,True,True,True
NousResearch/Hermes-4-405B,constraint_new_conflict_026,2,constraint_new_conflict:template-02,True,True,True,True
NousResearch/Hermes-4-405B,constraint_new_conflict_027,0,constraint_new_conflict:template-03,True,True,True,True
NousResearch/Hermes-4-405B,constraint_new_conflict_027,1,constraint_new_conflict:template-03,True,True,True,True
NousResearch/Hermes-4-405B,constraint_new_conflict_027,2,constraint_new_conflict:template-03,True,True,True,True
NousResearch/Hermes-4-405B,constraint_new_conflict_028,0,constraint_new_conflict:template-04,True,True,True,True
NousResearch/Hermes-4-405B,constraint_new_conflict_028,1,constraint_new_conflict:template-04,True,True,True,True
NousResearch/Hermes-4-405B,constraint_new_conflict_028,2,constraint_new_conflict:template-04,True,True,True,True
NousResearch/Hermes-4-405B,constraint_new_conflict_029,0,constraint_new_conflict:template-05,True,True,True,True
NousResearch/Hermes-4-405B,constraint_new_conflict_029,1,constraint_new_conflict:template-05,True,True,True,True
NousResearch/Hermes-4-405B,constraint_new_conflict_029,2,constraint_new_conflict:template-05,True,True,True,True
NousResearch/Hermes-4-405B,modifier_add_scoped_000,0,modifier_add_scoped:template-00,True,True,True,True
NousResearch/Hermes-4-405B,modifier_add_scoped_000,1,modifier_add_scoped:template-00,True,True,True,True
NousResearch/Hermes-4-405B,modifier_add_scoped_000,2,modifier_add_scoped:template-00,True,True,True,True
NousResearch/Hermes-4-405B,modifier_add_scoped_001,0,modifier_add_scoped:template-01,True,True,True,True
NousResearch/Hermes-4-405B,modifier_add_scoped_001,1,modifier_add_scoped:template-01,True,True,True,True
NousResearch/Hermes-4-405B,modifier_add_scoped_001,2,modifier_add_scoped:template-01,True,True,True,True
NousResearch/Hermes-4-405B,modifier_add_scoped_002,0,modifier_add_scoped:template-02,True,True,True,True
NousResearch/Hermes-4-405B,modifier_add_scoped_002,1,modifier_add_scoped:template-02,True,True,True,True
NousResearch/Hermes-4-405B,modifier_add_scoped_002,2,modifier_add_scoped:template-02,True,True,True,True
NousResearch/Hermes-4-405B,modifier_add_scoped_003,0,modifier_add_scoped:template-03,True,True,True,True
NousResearch/Hermes-4-405B,modifier_add_scoped_003,1,modifier_add_scoped:template-03,True,True,True,True
NousResearch/Hermes-4-405B,modifier_add_scoped_003,2,modifier_add_scoped:template-03,True,True,True,True
NousResearch/Hermes-4-405B,modifier_add_scoped_004,0,modifier_add_scoped:template-04,True,True,True,True
NousResearch/Hermes-4-405B,modifier_add_scoped_004,1,modifier_add_scoped:template-04,True,True,True,True
NousResearch/Hermes-4-405B,modifier_add_scoped_004,2,modifier_add_scoped:template-04,True,True,True,True
NousResearch/Hermes-4-405B,modifier_add_scoped_005,0,modifier_add_scoped:template-05,True,True,True,True
NousResearch/Hermes-4-405B,modifier_add_scoped_005,1,modifier_add_scoped:template-05,True,True,True,True
NousResearch/Hermes-4-405B,modifier_add_scoped_005,2,modifier_add_scoped:template-05,True,True,True,True
NousResearch/Hermes-4-405B,modifier_add_scoped_006,0,modifier_add_scoped:template-06,True,True,True,True
NousResearch/Hermes-4-405B,modifier_add_scoped_006,1,modifier_add_scoped:template-06,True,True,True,True
NousResearch/Hermes-4-405B,modifier_add_scoped_006,2,modifier_add_scoped:template-06,True,True,True,True
NousResearch/Hermes-4-405B,modifier_add_scoped_007,0,modifier_add_scoped:template-07,True,True,True,True
NousResearch/Hermes-4-405B,modifier_add_scoped_007,1,modifier_add_scoped:template-07,True,True,True,True
NousResearch/Hermes-4-405B,modifier_add_scoped_007,2,modifier_add_scoped:template-07,True,True,True,True
NousResearch/Hermes-4-405B,modifier_add_scoped_008,0,modifier_add_scoped:template-00,True,True,True,True
NousResearch/Hermes-4-405B,modifier_add_scoped_008,1,modifier_add_scoped:template-00,True,True,True,True
NousResearch/Hermes-4-405B,modifier_add_scoped_008,2,modifier_add_scoped:template-00,True,True,True,True
NousResearch/Hermes-4-405B,modifier_add_scoped_009,0,modifier_add_scoped:template-01,True,True,True,True
NousResearch/Hermes-4-405B,modifier_add_scoped_009,1,modifier_add_scoped:template-01,True,True,True,True
NousResearch/Hermes-4-405B,modifier_add_scoped_009,2,modifier_add_scoped:template-01,True,True,True,True
NousResearch/Hermes-4-405B,modifier_add_scoped_010,0,modifier_add_scoped:template-02,True,True,True,True
NousResearch/Hermes-4-405B,modifier_add_scoped_010,1,modifier_add_scoped:template-02,True,True,True,True
NousResearch/Hermes-4-405B,modifier_add_scoped_010,2,modifier_add_scoped:template-02,True,True,True,True
NousResearch/Hermes-4-405B,modifier_add_scoped_011,0,modifier_add_scoped:template-03,True,True,True,True
NousResearch/Hermes-4-405B,modifier_add_scoped_011,1,modifier_add_scoped:template-03,True,True,True,True
NousResearch/Hermes-4-405B,modifier_add_scoped_011,2,modifier_add_scoped:template-03,True,True,True,True
NousResearch/Hermes-4-405B,modifier_add_scoped_012,0,modifier_add_scoped:template-04,True,True,True,True
NousResearch/Hermes-4-405B,modifier_add_scoped_012,1,modifier_add_scoped:template-04,True,True,True,True
NousResearch/Hermes-4-405B,modifier_add_scoped_012,2,modifier_add_scoped:template-04,True,True,True,True
NousResearch/Hermes-4-405B,modifier_add_scoped_013,0,modifier_add_scoped:template-05,True,True,True,True
NousResearch/Hermes-4-405B,modifier_add_scoped_013,1,modifier_add_scoped:template-05,True,True,True,True
NousResearch/Hermes-4-405B,modifier_add_scoped_013,2,modifier_add_scoped:template-05,True,True,True,True
NousResearch/Hermes-4-405B,modifier_add_scoped_014,0,modifier_add_scoped:template-06,True,True,True,True
NousResearch/Hermes-4-405B,modifier_add_scoped_014,1,modifier_add_scoped:template-06,True,True,True,True
NousResearch/Hermes-4-405B,modifier_add_scoped_014,2,modifier_add_scoped:template-06,True,True,True,True
NousResearch/Hermes-4-405B,modifier_add_scoped_015,0,modifier_add_scoped:template-07,True,True,True,True
NousResearch/Hermes-4-405B,modifier_add_scoped_015,1,modifier_add_scoped:template-07,True,True,True,True
NousResearch/Hermes-4-405B,modifier_add_scoped_015,2,modifier_add_scoped:template-07,True,True,True,True
NousResearch/Hermes-4-405B,modifier_add_scoped_016,0,modifier_add_scoped:template-00,True,True,True,True
NousResearch/Hermes-4-405B,modifier_add_scoped_016,1,modifier_add_scoped:template-00,True,True,True,True
NousResearch/Hermes-4-405B,modifier_add_scoped_016,2,modifier_add_scoped:template-00,True,True,True,True
NousResearch/Hermes-4-405B,modifier_add_scoped_017,0,modifier_add_scoped:template-01,True,True,True,True
NousResearch/Hermes-4-405B,modifier_add_scoped_017,1,modifier_add_scoped:template-01,True,True,True,True
NousResearch/Hermes-4-405B,modifier_add_scoped_017,2,modifier_add_scoped:template-01,True,True,True,True
NousResearch/Hermes-4-405B,modifier_add_scoped_018,0,modifier_add_scoped:template-02,True,True,True,True
NousResearch/Hermes-4-405B,modifier_add_scoped_018,1,modifier_add_scoped:template-02,True,True,True,True
NousResearch/Hermes-4-405B,modifier_add_scoped_018,2,modifier_add_scoped:template-02,True,True,True,True
NousResearch/Hermes-4-405B,modifier_add_scoped_019,0,modifier_add_scoped:template-03,True,True,True,True
NousResearch/Hermes-4-405B,modifier_add_scoped_019,1,modifier_add_scoped:template-03,True,True,True,True
NousResearch/Hermes-4-405B,modifier_add_scoped_019,2,modifier_add_scoped:template-03,True,True,True,True
NousResearch/Hermes-4-405B,modifier_add_scoped_020,0,modifier_add_scoped:template-04,True,True,True,True
NousResearch/Hermes-4-405B,modifier_add_scoped_020,1,modifier_add_scoped:template-04,True,True,True,True
NousResearch/Hermes-4-405B,modifier_add_scoped_020,2,modifier_add_scoped:template-04,True,True,True,True
NousResearch/Hermes-4-405B,modifier_add_scoped_021,0,modifier_add_scoped:template-05,True,True,True,True
NousResearch/Hermes-4-405B,modifier_add_scoped_021,1,modifier_add_scoped:template-05,True,True,True,True
NousResearch/Hermes-4-405B,modifier_add_scoped_021,2,modifier_add_scoped:template-05,True,True,True,True
NousResearch/Hermes-4-405B,modifier_add_scoped_022,0,modifier_add_scoped:template-06,True,True,True,True
NousResearch/Hermes-4-405B,modifier_add_scoped_022,1,modifier_add_scoped:template-06,True,True,True,True
NousResearch/Hermes-4-405B,modifier_add_scoped_022,2,modifier_add_scoped:template-06,True,True,True,True
NousResearch/Hermes-4-405B,modifier_add_scoped_023,0,modifier_add_scoped:template-07,True,True,True,True
NousResearch/Hermes-4-405B,modifier_add_scoped_023,1,modifier_add_scoped:template-07,True,True,True,True
NousResearch/Hermes-4-405B,modifier_add_scoped_023,2,modifier_add_scoped:template-07,True,True,True,True
NousResearch/Hermes-4-405B,modifier_add_scoped_024,0,modifier_add_scoped:template-00,True,True,True,True
NousResearch/Hermes-4-405B,modifier_add_scoped_024,1,modifier_add_scoped:template-00,True,True,True,True
NousResearch/Hermes-4-405B,modifier_add_scoped_024,2,modifier_add_scoped:template-00,True,True,True,True
NousResearch/Hermes-4-405B,modifier_add_scoped_025,0,modifier_add_scoped:template-01,True,True,True,True
NousResearch/Hermes-4-405B,modifier_add_scoped_025,1,modifier_add_scoped:template-01,True,True,True,True
NousResearch/Hermes-4-405B,modifier_add_scoped_025,2,modifier_add_scoped:template-01,True,True,True,True
NousResearch/Hermes-4-405B,modifier_add_scoped_026,0,modifier_add_scoped:template-02,True,True,True,True
NousResearch/Hermes-4-405B,modifier_add_scoped_026,1,modifier_add_scoped:template-02,True,True,True,True
NousResearch/Hermes-4-405B,modifier_add_scoped_026,2,modifier_add_scoped:template-02,True,True,True,True
NousResearch/Hermes-4-405B,modifier_add_scoped_027,0,modifier_add_scoped:template-03,True,True,True,True
NousResearch/Hermes-4-405B,modifier_add_scoped_027,1,modifier_add_scoped:template-03,True,True,True,True
NousResearch/Hermes-4-405B,modifier_add_scoped_027,2,modifier_add_scoped:template-03,True,True,True,True
NousResearch/Hermes-4-405B,modifier_add_scoped_028,0,modifier_add_scoped:template-04,True,True,True,True
NousResearch/Hermes-4-405B,modifier_add_scoped_028,1,modifier_add_scoped:template-04,True,True,True,True
NousResearch/Hermes-4-405B,modifier_add_scoped_028,2,modifier_add_scoped:template-04,True,True,True,True
NousResearch/Hermes-4-405B,modifier_add_scoped_029,0,modifier_add_scoped:template-05,True,True,True,True
NousResearch/Hermes-4-405B,modifier_add_scoped_029,1,modifier_add_scoped:template-05,True,True,True,True
NousResearch/Hermes-4-405B,modifier_add_scoped_029,2,modifier_add_scoped:template-05,True,True,True,True
NousResearch/Hermes-4-405B,modifier_reversal_000,0,modifier_reversal:template-00,True,True,True,True
NousResearch/Hermes-4-405B,modifier_reversal_000,1,modifier_reversal:template-00,True,True,True,True
NousResearch/Hermes-4-405B,modifier_reversal_000,2,modifier_reversal:template-00,True,True,True,True
NousResearch/Hermes-4-405B,modifier_reversal_001,0,modifier_reversal:template-01,True,True,True,True
NousResearch/Hermes-4-405B,modifier_reversal_001,1,modifier_reversal:template-01,True,True,True,True
NousResearch/Hermes-4-405B,modifier_reversal_001,2,modifier_reversal:template-01,True,True,True,True
NousResearch/Hermes-4-405B,modifier_reversal_002,0,modifier_reversal:template-02,True,True,True,True
NousResearch/Hermes-4-405B,modifier_reversal_002,1,modifier_reversal:template-02,True,True,True,True
NousResearch/Hermes-4-405B,modifier_reversal_002,2,modifier_reversal:template-02,True,True,True,True
NousResearch/Hermes-4-405B,modifier_reversal_003,0,modifier_reversal:template-03,True,True,True,True
NousResearch/Hermes-4-405B,modifier_reversal_003,1,modifier_reversal:template-03,True,True,True,True
NousResearch/Hermes-4-405B,modifier_reversal_003,2,modifier_reversal:template-03,True,True,True,True
NousResearch/Hermes-4-405B,modifier_reversal_004,0,modifier_reversal:template-04,True,True,True,True
NousResearch/Hermes-4-405B,modifier_reversal_004,1,modifier_reversal:template-04,True,True,True,True
NousResearch/Hermes-4-405B,modifier_reversal_004,2,modifier_reversal:template-04,True,True,True,True
NousResearch/Hermes-4-405B,modifier_reversal_005,0,modifier_reversal:template-05,True,True,True,True
NousResearch/Hermes-4-405B,modifier_reversal_005,1,modifier_reversal:template-05,True,True,True,True
NousResearch/Hermes-4-405B,modifier_reversal_005,2,modifier_reversal:template-05,True,True,True,True
NousResearch/Hermes-4-405B,modifier_reversal_006,0,modifier_reversal:template-06,True,True,True,True
NousResearch/Hermes-4-405B,modifier_reversal_006,1,modifier_reversal:template-06,True,True,True,True
NousResearch/Hermes-4-405B,modifier_reversal_006,2,modifier_reversal:template-06,True,True,True,True
NousResearch/Hermes-4-405B,modifier_reversal_007,0,modifier_reversal:template-07,True,True,True,True
NousResearch/Hermes-4-405B,modifier_reversal_007,1,modifier_reversal:template-07,True,True,True,True
NousResearch/Hermes-4-405B,modifier_reversal_007,2,modifier_reversal:template-07,True,True,True,True
NousResearch/Hermes-4-405B,modifier_reversal_008,0,modifier_reversal:template-00,True,True,True,True
NousResearch/Hermes-4-405B,modifier_reversal_008,1,modifier_reversal:template-00,True,True,True,True
NousResearch/Hermes-4-405B,modifier_reversal_008,2,modifier_reversal:template-00,True,True,True,True
NousResearch/Hermes-4-405B,modifier_reversal_009,0,modifier_reversal:template-01,True,True,True,True
NousResearch/Hermes-4-405B,modifier_reversal_009,1,modifier_reversal:template-01,True,True,True,True
NousResearch/Hermes-4-405B,modifier_reversal_009,2,modifier_reversal:template-01,True,True,True,True
NousResearch/Hermes-4-405B,modifier_reversal_010,0,modifier_reversal:template-02,True,True,True,True
NousResearch/Hermes-4-405B,modifier_reversal_010,1,modifier_reversal:template-02,True,True,True,True
NousResearch/Hermes-4-405B,modifier_reversal_010,2,modifier_reversal:template-02,True,True,True,True
NousResearch/Hermes-4-405B,modifier_reversal_011,0,modifier_reversal:template-03,True,True,True,True
NousResearch/Hermes-4-405B,modifier_reversal_011,1,modifier_reversal:template-03,True,True,True,True
NousResearch/Hermes-4-405B,modifier_reversal_011,2,modifier_reversal:template-03,True,True,True,True
NousResearch/Hermes-4-405B,modifier_reversal_012,0,modifier_reversal:template-04,True,True,True,True
NousResearch/Hermes-4-405B,modifier_reversal_012,1,modifier_reversal:template-04,True,True,True,True
NousResearch/Hermes-4-405B,modifier_reversal_012,2,modifier_reversal:template-04,True,True,True,True
NousResearch/Hermes-4-405B,modifier_reversal_013,0,modifier_reversal:template-05,True,True,True,True
NousResearch/Hermes-4-405B,modifier_reversal_013,1,modifier_reversal:template-05,True,True,True,True
NousResearch/Hermes-4-405B,modifier_reversal_013,2,modifier_reversal:template-05,True,True,True,True
NousResearch/Hermes-4-405B,modifier_reversal_014,0,modifier_reversal:template-06,True,True,True,True
NousResearch/Hermes-4-405B,modifier_reversal_014,1,modifier_reversal:template-06,True,True,True,True
NousResearch/Hermes-4-405B,modifier_reversal_014,2,modifier_reversal:template-06,True,True,True,True
NousResearch/Hermes-4-405B,modifier_reversal_015,0,modifier_reversal:template-07,True,True,True,True
NousResearch/Hermes-4-405B,modifier_reversal_015,1,modifier_reversal:template-07,True,True,True,True
NousResearch/Hermes-4-405B,modifier_reversal_015,2,modifier_reversal:template-07,True,True,True,True
NousResearch/Hermes-4-405B,modifier_reversal_016,0,modifier_reversal:template-00,True,True,True,True
NousResearch/Hermes-4-405B,modifier_reversal_016,1,modifier_reversal:template-00,True,True,True,True
NousResearch/Hermes-4-405B,modifier_reversal_016,2,modifier_reversal:template-00,True,True,True,True
NousResearch/Hermes-4-405B,modifier_reversal_017,0,modifier_reversal:template-01,True,True,True,True
NousResearch/Hermes-4-405B,modifier_reversal_017,1,modifier_reversal:template-01,True,True,True,True
NousResearch/Hermes-4-405B,modifier_reversal_017,2,modifier_reversal:template-01,True,True,True,True
NousResearch/Hermes-4-405B,modifier_reversal_018,0,modifier_reversal:template-02,True,True,True,True
NousResearch/Hermes-4-405B,modifier_reversal_018,1,modifier_reversal:template-02,True,True,True,True
NousResearch/Hermes-4-405B,modifier_reversal_018,2,modifier_reversal:template-02,True,True,True,True
NousResearch/Hermes-4-405B,modifier_reversal_019,0,modifier_reversal:template-03,True,True,True,True
NousResearch/Hermes-4-405B,modifier_reversal_019,1,modifier_reversal:template-03,True,True,True,True
NousResearch/Hermes-4-405B,modifier_reversal_019,2,modifier_reversal:template-03,True,True,True,True
NousResearch/Hermes-4-405B,modifier_reversal_020,0,modifier_reversal:template-04,True,True,True,True
NousResearch/Hermes-4-405B,modifier_reversal_020,1,modifier_reversal:template-04,True,True,True,True
NousResearch/Hermes-4-405B,modifier_reversal_020,2,modifier_reversal:template-04,True,True,True,True
NousResearch/Hermes-4-405B,modifier_reversal_021,0,modifier_reversal:template-05,True,True,True,True
NousResearch/Hermes-4-405B,modifier_reversal_021,1,modifier_reversal:template-05,True,True,True,True
NousResearch/Hermes-4-405B,modifier_reversal_021,2,modifier_reversal:template-05,True,True,True,True
NousResearch/Hermes-4-405B,modifier_reversal_022,0,modifier_reversal:template-06,True,True,True,True
NousResearch/Hermes-4-405B,modifier_reversal_022,1,modifier_reversal:template-06,True,True,True,True
NousResearch/Hermes-4-405B,modifier_reversal_022,2,modifier_reversal:template-06,True,True,True,True
NousResearch/Hermes-4-405B,modifier_reversal_023,0,modifier_reversal:template-07,True,True,True,True
NousResearch/Hermes-4-405B,modifier_reversal_023,1,modifier_reversal:template-07,True,True,True,True
NousResearch/Hermes-4-405B,modifier_reversal_023,2,modifier_reversal:template-07,True,True,True,True
NousResearch/Hermes-4-405B,modifier_reversal_024,0,modifier_reversal:template-00,True,True,True,True
NousResearch/Hermes-4-405B,modifier_reversal_024,1,modifier_reversal:template-00,True,True,True,True
NousResearch/Hermes-4-405B,modifier_reversal_024,2,modifier_reversal:template-00,True,True,True,True
NousResearch/Hermes-4-405B,modifier_reversal_025,0,modifier_reversal:template-01,True,True,True,True
NousResearch/Hermes-4-405B,modifier_reversal_025,1,modifier_reversal:template-01,True,True,True,True
NousResearch/Hermes-4-405B,modifier_reversal_025,2,modifier_reversal:template-01,True,True,True,True
NousResearch/Hermes-4-405B,modifier_reversal_026,0,modifier_reversal:template-02,True,True,True,True
NousResearch/Hermes-4-405B,modifier_reversal_026,1,modifier_reversal:template-02,True,True,True,True
NousResearch/Hermes-4-405B,modifier_reversal_026,2,modifier_reversal:template-02,True,True,True,True
NousResearch/Hermes-4-405B,modifier_reversal_027,0,modifier_reversal:template-03,True,True,True,True
NousResearch/Hermes-4-405B,modifier_reversal_027,1,modifier_reversal:template-03,True,True,True,True
NousResearch/Hermes-4-405B,modifier_reversal_027,2,modifier_reversal:template-03,True,True,True,True
NousResearch/Hermes-4-405B,modifier_reversal_028,0,modifier_reversal:template-04,True,True,True,True
NousResearch/Hermes-4-405B,modifier_reversal_028,1,modifier_reversal:template-04,True,True,True,True
NousResearch/Hermes-4-405B,modifier_reversal_028,2,modifier_reversal:template-04,True,True,True,True
NousResearch/Hermes-4-405B,modifier_reversal_029,0,modifier_reversal:template-05,True,True,True,True
NousResearch/Hermes-4-405B,modifier_reversal_029,1,modifier_reversal:template-05,True,True,True,True
NousResearch/Hermes-4-405B,modifier_reversal_029,2,modifier_reversal:template-05,True,True,True,True
NousResearch/Hermes-4-405B,quantity_decrease_000,0,quantity_decrease:template-00,True,True,True,True
NousResearch/Hermes-4-405B,quantity_decrease_000,1,quantity_decrease:template-00,True,True,True,True
NousResearch/Hermes-4-405B,quantity_decrease_000,2,quantity_decrease:template-00,True,True,True,True
NousResearch/Hermes-4-405B,quantity_decrease_001,0,quantity_decrease:template-01,True,True,True,True
NousResearch/Hermes-4-405B,quantity_decrease_001,1,quantity_decrease:template-01,True,True,True,True
NousResearch/Hermes-4-405B,quantity_decrease_001,2,quantity_decrease:template-01,True,True,True,True
NousResearch/Hermes-4-405B,quantity_decrease_002,0,quantity_decrease:template-02,True,True,True,True
NousResearch/Hermes-4-405B,quantity_decrease_002,1,quantity_decrease:template-02,True,True,True,True
NousResearch/Hermes-4-405B,quantity_decrease_002,2,quantity_decrease:template-02,True,True,True,True
NousResearch/Hermes-4-405B,quantity_decrease_003,0,quantity_decrease:template-03,True,True,True,True
NousResearch/Hermes-4-405B,quantity_decrease_003,1,quantity_decrease:template-03,True,True,True,True
NousResearch/Hermes-4-405B,quantity_decrease_003,2,quantity_decrease:template-03,True,True,True,True
NousResearch/Hermes-4-405B,quantity_decrease_004,0,quantity_decrease:template-04,True,True,True,True
NousResearch/Hermes-4-405B,quantity_decrease_004,1,quantity_decrease:template-04,True,True,True,True
NousResearch/Hermes-4-405B,quantity_decrease_004,2,quantity_decrease:template-04,True,True,True,True
NousResearch/Hermes-4-405B,quantity_decrease_005,0,quantity_decrease:template-05,True,True,True,True
NousResearch/Hermes-4-405B,quantity_decrease_005,1,quantity_decrease:template-05,True,True,True,True
NousResearch/Hermes-4-405B,quantity_decrease_005,2,quantity_decrease:template-05,True,True,True,True
NousResearch/Hermes-4-405B,quantity_decrease_006,0,quantity_decrease:template-06,True,True,True,True
NousResearch/Hermes-4-405B,quantity_decrease_006,1,quantity_decrease:template-06,True,True,True,True
NousResearch/Hermes-4-405B,quantity_decrease_006,2,quantity_decrease:template-06,True,True,True,True
NousResearch/Hermes-4-405B,quantity_decrease_007,0,quantity_decrease:template-07,True,True,True,True
NousResearch/Hermes-4-405B,quantity_decrease_007,1,quantity_decrease:template-07,True,True,True,True
NousResearch/Hermes-4-405B,quantity_decrease_007,2,quantity_decrease:template-07,True,True,True,True
NousResearch/Hermes-4-405B,quantity_decrease_008,0,quantity_decrease:template-00,True,True,True,True
NousResearch/Hermes-4-405B,quantity_decrease_008,1,quantity_decrease:template-00,True,True,True,True
NousResearch/Hermes-4-405B,quantity_decrease_008,2,quantity_decrease:template-00,True,True,True,True
NousResearch/Hermes-4-405B,quantity_decrease_009,0,quantity_decrease:template-01,True,True,True,True
NousResearch/Hermes-4-405B,quantity_decrease_009,1,quantity_decrease:template-01,True,True,True,True
NousResearch/Hermes-4-405B,quantity_decrease_009,2,quantity_decrease:template-01,True,True,True,True
NousResearch/Hermes-4-405B,quantity_decrease_010,0,quantity_decrease:template-02,True,True,True,True
NousResearch/Hermes-4-405B,quantity_decrease_010,1,quantity_decrease:template-02,True,True,True,True
NousResearch/Hermes-4-405B,quantity_decrease_010,2,quantity_decrease:template-02,True,True,True,True
NousResearch/Hermes-4-405B,quantity_decrease_011,0,quantity_decrease:template-03,True,True,True,True
NousResearch/Hermes-4-405B,quantity_decrease_011,1,quantity_decrease:template-03,True,True,True,True
NousResearch/Hermes-4-405B,quantity_decrease_011,2,quantity_decrease:template-03,True,True,True,True
NousResearch/Hermes-4-405B,quantity_decrease_012,0,quantity_decrease:template-04,True,True,True,True
NousResearch/Hermes-4-405B,quantity_decrease_012,1,quantity_decrease:template-04,True,True,True,True
NousResearch/Hermes-4-405B,quantity_decrease_012,2,quantity_decrease:template-04,True,True,True,True
NousResearch/Hermes-4-405B,quantity_decrease_013,0,quantity_decrease:template-05,True,True,True,True
NousResearch/Hermes-4-405B,quantity_decrease_013,1,quantity_decrease:template-05,True,True,True,True
NousResearch/Hermes-4-405B,quantity_decrease_013,2,quantity_decrease:template-05,True,True,True,True
NousResearch/Hermes-4-405B,quantity_decrease_014,0,quantity_decrease:template-06,True,True,True,True
NousResearch/Hermes-4-405B,quantity_decrease_014,1,quantity_decrease:template-06,True,True,True,True
NousResearch/Hermes-4-405B,quantity_decrease_014,2,quantity_decrease:template-06,True,True,True,True
NousResearch/Hermes-4-405B,quantity_decrease_015,0,quantity_decrease:template-07,True,True,True,True
NousResearch/Hermes-4-405B,quantity_decrease_015,1,quantity_decrease:template-07,True,True,True,True
NousResearch/Hermes-4-405B,quantity_decrease_015,2,quantity_decrease:template-07,True,True,True,True
NousResearch/Hermes-4-405B,quantity_decrease_016,0,quantity_decrease:template-00,True,True,True,True
NousResearch/Hermes-4-405B,quantity_decrease_016,1,quantity_decrease:template-00,True,True,True,True
NousResearch/Hermes-4-405B,quantity_decrease_016,2,quantity_decrease:template-00,True,True,True,True
NousResearch/Hermes-4-405B,quantity_decrease_017,0,quantity_decrease:template-01,True,True,True,True
NousResearch/Hermes-4-405B,quantity_decrease_017,1,quantity_decrease:template-01,True,True,True,True
NousResearch/Hermes-4-405B,quantity_decrease_017,2,quantity_decrease:template-01,True,True,True,True
NousResearch/Hermes-4-405B,quantity_decrease_018,0,quantity_decrease:template-02,True,True,True,True
NousResearch/Hermes-4-405B,quantity_decrease_018,1,quantity_decrease:template-02,True,True,True,True
NousResearch/Hermes-4-405B,quantity_decrease_018,2,quantity_decrease:template-02,True,True,True,True
NousResearch/Hermes-4-405B,quantity_decrease_019,0,quantity_decrease:template-03,True,True,True,True
NousResearch/Hermes-4-405B,quantity_decrease_019,1,quantity_decrease:template-03,True,True,True,True
NousResearch/Hermes-4-405B,quantity_decrease_019,2,quantity_decrease:template-03,True,True,True,True
NousResearch/Hermes-4-405B,quantity_decrease_020,0,quantity_decrease:template-04,True,True,True,True
NousResearch/Hermes-4-405B,quantity_decrease_020,1,quantity_decrease:template-04,True,True,True,True
NousResearch/Hermes-4-405B,quantity_decrease_020,2,quantity_decrease:template-04,True,True,True,True
NousResearch/Hermes-4-405B,quantity_decrease_021,0,quantity_decrease:template-05,True,True,True,True
NousResearch/Hermes-4-405B,quantity_decrease_021,1,quantity_decrease:template-05,True,True,True,True
NousResearch/Hermes-4-405B,quantity_decrease_021,2,quantity_decrease:template-05,True,True,True,True
NousResearch/Hermes-4-405B,quantity_decrease_022,0,quantity_decrease:template-06,True,True,True,True
NousResearch/Hermes-4-405B,quantity_decrease_022,1,quantity_decrease:template-06,True,True,True,True
NousResearch/Hermes-4-405B,quantity_decrease_022,2,quantity_decrease:template-06,True,True,True,True
NousResearch/Hermes-4-405B,quantity_decrease_023,0,quantity_decrease:template-07,True,True,True,True
NousResearch/Hermes-4-405B,quantity_decrease_023,1,quantity_decrease:template-07,True,True,True,True
NousResearch/Hermes-4-405B,quantity_decrease_023,2,quantity_decrease:template-07,True,True,True,True
NousResearch/Hermes-4-405B,quantity_decrease_024,0,quantity_decrease:template-00,True,True,True,True
NousResearch/Hermes-4-405B,quantity_decrease_024,1,quantity_decrease:template-00,True,True,True,True
NousResearch/Hermes-4-405B,quantity_decrease_024,2,quantity_decrease:template-00,True,True,True,True
NousResearch/Hermes-4-405B,quantity_decrease_025,0,quantity_decrease:template-01,True,True,True,True
NousResearch/Hermes-4-405B,quantity_decrease_025,1,quantity_decrease:template-01,True,True,True,True
NousResearch/Hermes-4-405B,quantity_decrease_025,2,quantity_decrease:template-01,True,True,True,True
NousResearch/Hermes-4-405B,quantity_decrease_026,0,quantity_decrease:template-02,True,True,True,True
NousResearch/Hermes-4-405B,quantity_decrease_026,1,quantity_decrease:template-02,True,True,True,True
NousResearch/Hermes-4-405B,quantity_decrease_026,2,quantity_decrease:template-02,True,True,True,True
NousResearch/Hermes-4-405B,quantity_decrease_027,0,quantity_decrease:template-03,True,True,True,True
NousResearch/Hermes-4-405B,quantity_decrease_027,1,quantity_decrease:template-03,True,True,True,True
NousResearch/Hermes-4-405B,quantity_decrease_027,2,quantity_decrease:template-03,True,True,True,True
NousResearch/Hermes-4-405B,quantity_decrease_028,0,quantity_decrease:template-04,True,True,True,True
NousResearch/Hermes-4-405B,quantity_decrease_028,1,quantity_decrease:template-04,True,True,True,True
NousResearch/Hermes-4-405B,quantity_decrease_028,2,quantity_decrease:template-04,True,True,True,True
NousResearch/Hermes-4-405B,quantity_decrease_029,0,quantity_decrease:template-05,True,True,True,True
NousResearch/Hermes-4-405B,quantity_decrease_029,1,quantity_decrease:template-05,True,True,True,True
NousResearch/Hermes-4-405B,quantity_decrease_029,2,quantity_decrease:template-05,True,True,True,True
NousResearch/Hermes-4-405B,quantity_increase_000,0,quantity_increase:template-00,True,True,True,True
NousResearch/Hermes-4-405B,quantity_increase_000,1,quantity_increase:template-00,True,True,True,True
NousResearch/Hermes-4-405B,quantity_increase_000,2,quantity_increase:template-00,True,True,True,True
NousResearch/Hermes-4-405B,quantity_increase_001,0,quantity_increase:template-01,True,True,True,True
NousResearch/Hermes-4-405B,quantity_increase_001,1,quantity_increase:template-01,True,True,True,True
NousResearch/Hermes-4-405B,quantity_increase_001,2,quantity_increase:template-01,True,True,True,True
NousResearch/Hermes-4-405B,quantity_increase_002,0,quantity_increase:template-02,True,True,True,True
NousResearch/Hermes-4-405B,quantity_increase_002,1,quantity_increase:template-02,True,True,True,True
NousResearch/Hermes-4-405B,quantity_increase_002,2,quantity_increase:template-02,True,True,True,True
NousResearch/Hermes-4-405B,quantity_increase_003,0,quantity_increase:template-03,True,True,True,True
NousResearch/Hermes-4-405B,quantity_increase_003,1,quantity_increase:template-03,True,True,True,True
NousResearch/Hermes-4-405B,quantity_increase_003,2,quantity_increase:template-03,True,True,True,True
NousResearch/Hermes-4-405B,quantity_increase_004,0,quantity_increase:template-04,True,True,True,True
NousResearch/Hermes-4-405B,quantity_increase_004,1,quantity_increase:template-04,True,True,True,True
NousResearch/Hermes-4-405B,quantity_increase_004,2,quantity_increase:template-04,True,True,True,True
NousResearch/Hermes-4-405B,quantity_increase_005,0,quantity_increase:template-05,True,True,True,True
NousResearch/Hermes-4-405B,quantity_increase_005,1,quantity_increase:template-05,True,True,True,True
NousResearch/Hermes-4-405B,quantity_increase_005,2,quantity_increase:template-05,True,True,True,True
NousResearch/Hermes-4-405B,quantity_increase_006,0,quantity_increase:template-06,True,True,True,True
NousResearch/Hermes-4-405B,quantity_increase_006,1,quantity_increase:template-06,True,True,True,True
NousResearch/Hermes-4-405B,quantity_increase_006,2,quantity_increase:template-06,True,True,True,True
NousResearch/Hermes-4-405B,quantity_increase_007,0,quantity_increase:template-07,True,True,True,True
NousResearch/Hermes-4-405B,quantity_increase_007,1,quantity_increase:template-07,True,True,True,True
NousResearch/Hermes-4-405B,quantity_increase_007,2,quantity_increase:template-07,True,True,True,True
NousResearch/Hermes-4-405B,quantity_increase_008,0,quantity_increase:template-00,True,True,True,True
NousResearch/Hermes-4-405B,quantity_increase_008,1,quantity_increase:template-00,True,True,True,True
NousResearch/Hermes-4-405B,quantity_increase_008,2,quantity_increase:template-00,True,True,True,True
NousResearch/Hermes-4-405B,quantity_increase_009,0,quantity_increase:template-01,True,True,True,True
NousResearch/Hermes-4-405B,quantity_increase_009,1,quantity_increase:template-01,True,True,True,True
NousResearch/Hermes-4-405B,quantity_increase_009,2,quantity_increase:template-01,True,True,True,True
NousResearch/Hermes-4-405B,quantity_increase_010,0,quantity_increase:template-02,True,True,True,True
NousResearch/Hermes-4-405B,quantity_increase_010,1,quantity_increase:template-02,True,True,True,True
NousResearch/Hermes-4-405B,quantity_increase_010,2,quantity_increase:template-02,True,True,True,True
NousResearch/Hermes-4-405B,quantity_increase_011,0,quantity_increase:template-03,True,True,True,True
NousResearch/Hermes-4-405B,quantity_increase_011,1,quantity_increase:template-03,True,True,True,True
NousResearch/Hermes-4-405B,quantity_increase_011,2,quantity_increase:template-03,True,True,True,True
NousResearch/Hermes-4-405B,quantity_increase_012,0,quantity_increase:template-04,True,True,True,True
NousResearch/Hermes-4-405B,quantity_increase_012,1,quantity_increase:template-04,True,True,True,True
NousResearch/Hermes-4-405B,quantity_increase_012,2,quantity_increase:template-04,True,True,True,True
NousResearch/Hermes-4-405B,quantity_increase_013,0,quantity_increase:template-05,True,True,True,True
NousResearch/Hermes-4-405B,quantity_increase_013,1,quantity_increase:template-05,True,True,True,True
NousResearch/Hermes-4-405B,quantity_increase_013,2,quantity_increase:template-05,True,True,True,True
NousResearch/Hermes-4-405B,quantity_increase_014,0,quantity_increase:template-06,True,True,True,True
NousResearch/Hermes-4-405B,quantity_increase_014,1,quantity_increase:template-06,True,True,True,True
NousResearch/Hermes-4-405B,quantity_increase_014,2,quantity_increase:template-06,True,True,True,True
NousResearch/Hermes-4-405B,quantity_increase_015,0,quantity_increase:template-07,True,True,True,True
NousResearch/Hermes-4-405B,quantity_increase_015,1,quantity_increase:template-07,True,True,True,True
NousResearch/Hermes-4-405B,quantity_increase_015,2,quantity_increase:template-07,True,True,True,True
NousResearch/Hermes-4-405B,quantity_increase_016,0,quantity_increase:template-00,True,True,True,True
NousResearch/Hermes-4-405B,quantity_increase_016,1,quantity_increase:template-00,True,True,True,True
NousResearch/Hermes-4-405B,quantity_increase_016,2,quantity_increase:template-00,True,True,True,True
NousResearch/Hermes-4-405B,quantity_increase_017,0,quantity_increase:template-01,True,True,True,True
NousResearch/Hermes-4-405B,quantity_increase_017,1,quantity_increase:template-01,True,True,True,True
NousResearch/Hermes-4-405B,quantity_increase_017,2,quantity_increase:template-01,True,True,True,True
NousResearch/Hermes-4-405B,quantity_increase_018,0,quantity_increase:template-02,True,True,True,True
NousResearch/Hermes-4-405B,quantity_increase_018,1,quantity_increase:template-02,True,True,True,True
NousResearch/Hermes-4-405B,quantity_increase_018,2,quantity_increase:template-02,True,True,True,True
NousResearch/Hermes-4-405B,quantity_increase_019,0,quantity_increase:template-03,True,True,True,True
NousResearch/Hermes-4-405B,quantity_increase_019,1,quantity_increase:template-03,True,True,True,True
NousResearch/Hermes-4-405B,quantity_increase_019,2,quantity_increase:template-03,True,True,True,True
NousResearch/Hermes-4-405B,quantity_increase_020,0,quantity_increase:template-04,True,True,True,True
NousResearch/Hermes-4-405B,quantity_increase_020,1,quantity_increase:template-04,True,True,True,True
NousResearch/Hermes-4-405B,quantity_increase_020,2,quantity_increase:template-04,True,True,True,True
NousResearch/Hermes-4-405B,quantity_increase_021,0,quantity_increase:template-05,True,True,True,True
NousResearch/Hermes-4-405B,quantity_increase_021,1,quantity_increase:template-05,True,True,True,True
NousResearch/Hermes-4-405B,quantity_increase_021,2,quantity_increase:template-05,True,True,True,True
NousResearch/Hermes-4-405B,quantity_increase_022,0,quantity_increase:template-06,True,True,True,True
NousResearch/Hermes-4-405B,quantity_increase_022,1,quantity_increase:template-06,True,True,True,True
NousResearch/Hermes-4-405B,quantity_increase_022,2,quantity_increase:template-06,True,True,True,True
NousResearch/Hermes-4-405B,quantity_increase_023,0,quantity_increase:template-07,True,True,True,True
NousResearch/Hermes-4-405B,quantity_increase_023,1,quantity_increase:template-07,True,True,True,True
NousResearch/Hermes-4-405B,quantity_increase_023,2,quantity_increase:template-07,True,True,True,True
NousResearch/Hermes-4-405B,quantity_increase_024,0,quantity_increase:template-00,True,True,True,True
NousResearch/Hermes-4-405B,quantity_increase_024,1,quantity_increase:template-00,True,True,True,True
NousResearch/Hermes-4-405B,quantity_increase_024,2,quantity_increase:template-00,True,True,True,True
NousResearch/Hermes-4-405B,quantity_increase_025,0,quantity_increase:template-01,True,True,True,True
NousResearch/Hermes-4-405B,quantity_increase_025,1,quantity_increase:template-01,True,True,True,True
NousResearch/Hermes-4-405B,quantity_increase_025,2,quantity_increase:template-01,True,True,True,True
NousResearch/Hermes-4-405B,quantity_increase_026,0,quantity_increase:template-02,True,True,True,True
NousResearch/Hermes-4-405B,quantity_increase_026,1,quantity_increase:template-02,True,True,True,True
NousResearch/Hermes-4-405B,quantity_increase_026,2,quantity_increase:template-02,True,True,True,True
NousResearch/Hermes-4-405B,quantity_increase_027,0,quantity_increase:template-03,True,True,True,True
NousResearch/Hermes-4-405B,quantity_increase_027,1,quantity_increase:template-03,True,True,True,True
NousResearch/Hermes-4-405B,quantity_increase_027,2,quantity_increase:template-03,True,True,True,True
NousResearch/Hermes-4-405B,quantity_increase_028,0,quantity_increase:template-04,True,True,True,True
NousResearch/Hermes-4-405B,quantity_increase_028,1,quantity_increase:template-04,True,True,True,True
NousResearch/Hermes-4-405B,quantity_increase_028,2,quantity_increase:template-04,True,True,True,True
NousResearch/Hermes-4-405B,quantity_increase_029,0,quantity_increase:template-05,True,True,True,True
NousResearch/Hermes-4-405B,quantity_increase_029,1,quantity_increase:template-05,True,True,True,True
NousResearch/Hermes-4-405B,quantity_increase_029,2,quantity_increase:template-05,True,True,True,True
NousResearch/Hermes-4-405B,remove_scoped_duplicate_000,0,remove_scoped_duplicate:template-00,True,True,True,True
NousResearch/Hermes-4-405B,remove_scoped_duplicate_000,1,remove_scoped_duplicate:template-00,True,True,True,True
NousResearch/Hermes-4-405B,remove_scoped_duplicate_000,2,remove_scoped_duplicate:template-00,True,True,True,True
NousResearch/Hermes-4-405B,remove_scoped_duplicate_001,0,remove_scoped_duplicate:template-01,True,True,True,True
NousResearch/Hermes-4-405B,remove_scoped_duplicate_001,1,remove_scoped_duplicate:template-01,True,True,True,True
NousResearch/Hermes-4-405B,remove_scoped_duplicate_001,2,remove_scoped_duplicate:template-01,True,True,True,True
NousResearch/Hermes-4-405B,remove_scoped_duplicate_002,0,remove_scoped_duplicate:template-02,True,True,True,True
NousResearch/Hermes-4-405B,remove_scoped_duplicate_002,1,remove_scoped_duplicate:template-02,True,True,True,True
NousResearch/Hermes-4-405B,remove_scoped_duplicate_002,2,remove_scoped_duplicate:template-02,True,True,True,True
NousResearch/Hermes-4-405B,remove_scoped_duplicate_003,0,remove_scoped_duplicate:template-03,True,True,True,True
NousResearch/Hermes-4-405B,remove_scoped_duplicate_003,1,remove_scoped_duplicate:template-03,True,True,True,True
NousResearch/Hermes-4-405B,remove_scoped_duplicate_003,2,remove_scoped_duplicate:template-03,True,True,True,True
NousResearch/Hermes-4-405B,remove_scoped_duplicate_004,0,remove_scoped_duplicate:template-04,True,True,True,True
NousResearch/Hermes-4-405B,remove_scoped_duplicate_004,1,remove_scoped_duplicate:template-04,True,True,True,True
NousResearch/Hermes-4-405B,remove_scoped_duplicate_004,2,remove_scoped_duplicate:template-04,True,True,True,True
NousResearch/Hermes-4-405B,remove_scoped_duplicate_005,0,remove_scoped_duplicate:template-05,True,True,True,True
NousResearch/Hermes-4-405B,remove_scoped_duplicate_005,1,remove_scoped_duplicate:template-05,True,True,True,True
NousResearch/Hermes-4-405B,remove_scoped_duplicate_005,2,remove_scoped_duplicate:template-05,True,True,True,True
NousResearch/Hermes-4-405B,remove_scoped_duplicate_006,0,remove_scoped_duplicate:template-06,True,True,True,True
NousResearch/Hermes-4-405B,remove_scoped_duplicate_006,1,remove_scoped_duplicate:template-06,True,True,True,True
NousResearch/Hermes-4-405B,remove_scoped_duplicate_006,2,remove_scoped_duplicate:template-06,True,True,True,True
NousResearch/Hermes-4-405B,remove_scoped_duplicate_007,0,remove_scoped_duplicate:template-07,True,True,True,True
NousResearch/Hermes-4-405B,remove_scoped_duplicate_007,1,remove_scoped_duplicate:template-07,True,True,True,True
NousResearch/Hermes-4-405B,remove_scoped_duplicate_007,2,remove_scoped_duplicate:template-07,True,True,True,True
NousResearch/Hermes-4-405B,remove_scoped_duplicate_008,0,remove_scoped_duplicate:template-00,True,True,True,True
NousResearch/Hermes-4-405B,remove_scoped_duplicate_008,1,remove_scoped_duplicate:template-00,True,True,True,True
NousResearch/Hermes-4-405B,remove_scoped_duplicate_008,2,remove_scoped_duplicate:template-00,True,True,True,True
NousResearch/Hermes-4-405B,remove_scoped_duplicate_009,0,remove_scoped_duplicate:template-01,True,True,True,True
NousResearch/Hermes-4-405B,remove_scoped_duplicate_009,1,remove_scoped_duplicate:template-01,True,True,True,True
NousResearch/Hermes-4-405B,remove_scoped_duplicate_009,2,remove_scoped_duplicate:template-01,True,True,True,True
NousResearch/Hermes-4-405B,remove_scoped_duplicate_010,0,remove_scoped_duplicate:template-02,True,True,True,True
NousResearch/Hermes-4-405B,remove_scoped_duplicate_010,1,remove_scoped_duplicate:template-02,True,True,True,True
NousResearch/Hermes-4-405B,remove_scoped_duplicate_010,2,remove_scoped_duplicate:template-02,True,True,True,True
NousResearch/Hermes-4-405B,remove_scoped_duplicate_011,0,remove_scoped_duplicate:template-03,True,True,True,True
NousResearch/Hermes-4-405B,remove_scoped_duplicate_011,1,remove_scoped_duplicate:template-03,True,True,True,True
NousResearch/Hermes-4-405B,remove_scoped_duplicate_011,2,remove_scoped_duplicate:template-03,True,True,True,True
NousResearch/Hermes-4-405B,remove_scoped_duplicate_012,0,remove_scoped_duplicate:template-04,True,True,True,True
NousResearch/Hermes-4-405B,remove_scoped_duplicate_012,1,remove_scoped_duplicate:template-04,True,True,True,True
NousResearch/Hermes-4-405B,remove_scoped_duplicate_012,2,remove_scoped_duplicate:template-04,True,True,True,True
NousResearch/Hermes-4-405B,remove_scoped_duplicate_013,0,remove_scoped_duplicate:template-05,True,True,True,True
NousResearch/Hermes-4-405B,remove_scoped_duplicate_013,1,remove_scoped_duplicate:template-05,True,True,True,True
NousResearch/Hermes-4-405B,remove_scoped_duplicate_013,2,remove_scoped_duplicate:template-05,True,True,True,True
NousResearch/Hermes-4-405B,remove_scoped_duplicate_014,0,remove_scoped_duplicate:template-06,True,True,True,True
NousResearch/Hermes-4-405B,remove_scoped_duplicate_014,1,remove_scoped_duplicate:template-06,True,True,True,True
NousResearch/Hermes-4-405B,remove_scoped_duplicate_014,2,remove_scoped_duplicate:template-06,True,True,True,True
NousResearch/Hermes-4-405B,remove_scoped_duplicate_015,0,remove_scoped_duplicate:template-07,True,True,True,True
NousResearch/Hermes-4-405B,remove_scoped_duplicate_015,1,remove_scoped_duplicate:template-07,True,True,True,True
NousResearch/Hermes-4-405B,remove_scoped_duplicate_015,2,remove_scoped_duplicate:template-07,True,True,True,True
NousResearch/Hermes-4-405B,remove_scoped_duplicate_016,0,remove_scoped_duplicate:template-00,True,True,True,True
NousResearch/Hermes-4-405B,remove_scoped_duplicate_016,1,remove_scoped_duplicate:template-00,True,True,True,True
NousResearch/Hermes-4-405B,remove_scoped_duplicate_016,2,remove_scoped_duplicate:template-00,True,True,True,True
NousResearch/Hermes-4-405B,remove_scoped_duplicate_017,0,remove_scoped_duplicate:template-01,True,True,True,True
NousResearch/Hermes-4-405B,remove_scoped_duplicate_017,1,remove_scoped_duplicate:template-01,True,True,True,True
NousResearch/Hermes-4-405B,remove_scoped_duplicate_017,2,remove_scoped_duplicate:template-01,True,True,True,True
NousResearch/Hermes-4-405B,remove_scoped_duplicate_018,0,remove_scoped_duplicate:template-02,True,True,True,True
NousResearch/Hermes-4-405B,remove_scoped_duplicate_018,1,remove_scoped_duplicate:template-02,True,True,True,True
NousResearch/Hermes-4-405B,remove_scoped_duplicate_018,2,remove_scoped_duplicate:template-02,True,True,True,True
NousResearch/Hermes-4-405B,remove_scoped_duplicate_019,0,remove_scoped_duplicate:template-03,True,True,True,True
NousResearch/Hermes-4-405B,remove_scoped_duplicate_019,1,remove_scoped_duplicate:template-03,True,True,True,True
NousResearch/Hermes-4-405B,remove_scoped_duplicate_019,2,remove_scoped_duplicate:template-03,True,True,True,True
NousResearch/Hermes-4-405B,remove_scoped_duplicate_020,0,remove_scoped_duplicate:template-04,True,True,True,True
NousResearch/Hermes-4-405B,remove_scoped_duplicate_020,1,remove_scoped_duplicate:template-04,True,True,True,True
NousResearch/Hermes-4-405B,remove_scoped_duplicate_020,2,remove_scoped_duplicate:template-04,True,True,True,True
NousResearch/Hermes-4-405B,remove_scoped_duplicate_021,0,remove_scoped_duplicate:template-05,True,True,True,True
NousResearch/Hermes-4-405B,remove_scoped_duplicate_021,1,remove_scoped_duplicate:template-05,True,True,True,True
NousResearch/Hermes-4-405B,remove_scoped_duplicate_021,2,remove_scoped_duplicate:template-05,True,True,True,True
NousResearch/Hermes-4-405B,remove_scoped_duplicate_022,0,remove_scoped_duplicate:template-06,True,True,True,True
NousResearch/Hermes-4-405B,remove_scoped_duplicate_022,1,remove_scoped_duplicate:template-06,True,True,True,True
NousResearch/Hermes-4-405B,remove_scoped_duplicate_022,2,remove_scoped_duplicate:template-06,True,True,True,True
NousResearch/Hermes-4-405B,remove_scoped_duplicate_023,0,remove_scoped_duplicate:template-07,True,True,True,True
NousResearch/Hermes-4-405B,remove_scoped_duplicate_023,1,remove_scoped_duplicate:template-07,True,True,True,True
NousResearch/Hermes-4-405B,remove_scoped_duplicate_023,2,remove_scoped_duplicate:template-07,True,True,True,True
NousResearch/Hermes-4-405B,remove_scoped_duplicate_024,0,remove_scoped_duplicate:template-00,True,True,True,True
NousResearch/Hermes-4-405B,remove_scoped_duplicate_024,1,remove_scoped_duplicate:template-00,True,True,True,True
NousResearch/Hermes-4-405B,remove_scoped_duplicate_024,2,remove_scoped_duplicate:template-00,True,True,True,True
NousResearch/Hermes-4-405B,remove_scoped_duplicate_025,0,remove_scoped_duplicate:template-01,True,True,True,True
NousResearch/Hermes-4-405B,remove_scoped_duplicate_025,1,remove_scoped_duplicate:template-01,True,True,True,True
NousResearch/Hermes-4-405B,remove_scoped_duplicate_025,2,remove_scoped_duplicate:template-01,True,True,True,True
NousResearch/Hermes-4-405B,remove_scoped_duplicate_026,0,remove_scoped_duplicate:template-02,True,True,True,True
NousResearch/Hermes-4-405B,remove_scoped_duplicate_026,1,remove_scoped_duplicate:template-02,True,True,True,True
NousResearch/Hermes-4-405B,remove_scoped_duplicate_026,2,remove_scoped_duplicate:template-02,True,True,True,True
NousResearch/Hermes-4-405B,remove_scoped_duplicate_027,0,remove_scoped_duplicate:template-03,True,True,True,True
NousResearch/Hermes-4-405B,remove_scoped_duplicate_027,1,remove_scoped_duplicate:template-03,True,True,True,True
NousResearch/Hermes-4-405B,remove_scoped_duplicate_027,2,remove_scoped_duplicate:template-03,True,True,True,True
NousResearch/Hermes-4-405B,remove_scoped_duplicate_028,0,remove_scoped_duplicate:template-04,True,True,True,True
NousResearch/Hermes-4-405B,remove_scoped_duplicate_028,1,remove_scoped_duplicate:template-04,True,True,True,True
NousResearch/Hermes-4-405B,remove_scoped_duplicate_028,2,remove_scoped_duplicate:template-04,True,True,True,True
NousResearch/Hermes-4-405B,remove_scoped_duplicate_029,0,remove_scoped_duplicate:template-05,True,True,True,True
NousResearch/Hermes-4-405B,remove_scoped_duplicate_029,1,remove_scoped_duplicate:template-05,True,True,True,True
NousResearch/Hermes-4-405B,remove_scoped_duplicate_029,2,remove_scoped_duplicate:template-05,True,True,True,True
NousResearch/Hermes-4-405B,replace_item_000,0,replace_item:template-00,True,True,True,True
NousResearch/Hermes-4-405B,replace_item_000,1,replace_item:template-00,True,True,True,True
NousResearch/Hermes-4-405B,replace_item_000,2,replace_item:template-00,True,True,True,True
NousResearch/Hermes-4-405B,replace_item_001,0,replace_item:template-01,True,True,True,True
NousResearch/Hermes-4-405B,replace_item_001,1,replace_item:template-01,True,True,True,True
NousResearch/Hermes-4-405B,replace_item_001,2,replace_item:template-01,True,True,True,True
NousResearch/Hermes-4-405B,replace_item_002,0,replace_item:template-02,True,True,True,True
NousResearch/Hermes-4-405B,replace_item_002,1,replace_item:template-02,True,True,True,True
NousResearch/Hermes-4-405B,replace_item_002,2,replace_item:template-02,True,True,True,True
NousResearch/Hermes-4-405B,replace_item_003,0,replace_item:template-03,True,True,True,True
NousResearch/Hermes-4-405B,replace_item_003,1,replace_item:template-03,True,True,True,True
NousResearch/Hermes-4-405B,replace_item_003,2,replace_item:template-03,True,True,True,True
NousResearch/Hermes-4-405B,replace_item_004,0,replace_item:template-04,True,True,True,True
NousResearch/Hermes-4-405B,replace_item_004,1,replace_item:template-04,True,True,True,True
NousResearch/Hermes-4-405B,replace_item_004,2,replace_item:template-04,True,True,True,True
NousResearch/Hermes-4-405B,replace_item_005,0,replace_item:template-05,True,True,True,True
NousResearch/Hermes-4-405B,replace_item_005,1,replace_item:template-05,True,True,True,True
NousResearch/Hermes-4-405B,replace_item_005,2,replace_item:template-05,True,True,True,True
NousResearch/Hermes-4-405B,replace_item_006,0,replace_item:template-06,True,True,True,True
NousResearch/Hermes-4-405B,replace_item_006,1,replace_item:template-06,True,True,True,True
NousResearch/Hermes-4-405B,replace_item_006,2,replace_item:template-06,True,True,True,True
NousResearch/Hermes-4-405B,replace_item_007,0,replace_item:template-07,True,True,True,True
NousResearch/Hermes-4-405B,replace_item_007,1,replace_item:template-07,True,True,True,True
NousResearch/Hermes-4-405B,replace_item_007,2,replace_item:template-07,True,True,True,True
NousResearch/Hermes-4-405B,replace_item_008,0,replace_item:template-00,True,True,True,True
NousResearch/Hermes-4-405B,replace_item_008,1,replace_item:template-00,True,True,True,True
NousResearch/Hermes-4-405B,replace_item_008,2,replace_item:template-00,True,True,True,True
NousResearch/Hermes-4-405B,replace_item_009,0,replace_item:template-01,True,True,True,True
NousResearch/Hermes-4-405B,replace_item_009,1,replace_item:template-01,True,True,True,True
NousResearch/Hermes-4-405B,replace_item_009,2,replace_item:template-01,True,True,True,True
NousResearch/Hermes-4-405B,replace_item_010,0,replace_item:template-02,True,True,True,True
NousResearch/Hermes-4-405B,replace_item_010,1,replace_item:template-02,True,True,True,True
NousResearch/Hermes-4-405B,replace_item_010,2,replace_item:template-02,True,True,True,True
NousResearch/Hermes-4-405B,replace_item_011,0,replace_item:template-03,True,True,True,True
NousResearch/Hermes-4-405B,replace_item_011,1,replace_item:template-03,True,True,True,True
NousResearch/Hermes-4-405B,replace_item_011,2,replace_item:template-03,True,True,True,True
NousResearch/Hermes-4-405B,replace_item_012,0,replace_item:template-04,True,True,True,True
NousResearch/Hermes-4-405B,replace_item_012,1,replace_item:template-04,True,True,True,True
NousResearch/Hermes-4-405B,replace_item_012,2,replace_item:template-04,True,True,True,True
NousResearch/Hermes-4-405B,replace_item_013,0,replace_item:template-05,True,True,True,True
NousResearch/Hermes-4-405B,replace_item_013,1,replace_item:template-05,True,True,True,True
NousResearch/Hermes-4-405B,replace_item_013,2,replace_item:template-05,True,True,True,True
NousResearch/Hermes-4-405B,replace_item_014,0,replace_item:template-06,True,True,True,True
NousResearch/Hermes-4-405B,replace_item_014,1,replace_item:template-06,True,True,True,True
NousResearch/Hermes-4-405B,replace_item_014,2,replace_item:template-06,True,True,True,True
NousResearch/Hermes-4-405B,replace_item_015,0,replace_item:template-07,True,True,True,True
NousResearch/Hermes-4-405B,replace_item_015,1,replace_item:template-07,True,True,True,True
NousResearch/Hermes-4-405B,replace_item_015,2,replace_item:template-07,True,True,True,True
NousResearch/Hermes-4-405B,replace_item_016,0,replace_item:template-00,True,True,True,True
NousResearch/Hermes-4-405B,replace_item_016,1,replace_item:template-00,True,True,True,True
NousResearch/Hermes-4-405B,replace_item_016,2,replace_item:template-00,True,True,True,True
NousResearch/Hermes-4-405B,replace_item_017,0,replace_item:template-01,True,True,True,True
NousResearch/Hermes-4-405B,replace_item_017,1,replace_item:template-01,True,True,True,True
NousResearch/Hermes-4-405B,replace_item_017,2,replace_item:template-01,True,True,True,True
NousResearch/Hermes-4-405B,replace_item_018,0,replace_item:template-02,True,True,True,True
NousResearch/Hermes-4-405B,replace_item_018,1,replace_item:template-02,True,True,True,True
NousResearch/Hermes-4-405B,replace_item_018,2,replace_item:template-02,True,True,True,True
NousResearch/Hermes-4-405B,replace_item_019,0,replace_item:template-03,True,True,True,True
NousResearch/Hermes-4-405B,replace_item_019,1,replace_item:template-03,True,True,True,True
NousResearch/Hermes-4-405B,replace_item_019,2,replace_item:template-03,True,True,True,True
NousResearch/Hermes-4-405B,replace_item_020,0,replace_item:template-04,True,True,True,True
NousResearch/Hermes-4-405B,replace_item_020,1,replace_item:template-04,True,True,True,True
NousResearch/Hermes-4-405B,replace_item_020,2,replace_item:template-04,True,True,True,True
NousResearch/Hermes-4-405B,replace_item_021,0,replace_item:template-05,True,True,True,True
NousResearch/Hermes-4-405B,replace_item_021,1,replace_item:template-05,True,True,True,True
NousResearch/Hermes-4-405B,replace_item_021,2,replace_item:template-05,True,True,True,True
NousResearch/Hermes-4-405B,replace_item_022,0,replace_item:template-06,True,True,True,True
NousResearch/Hermes-4-405B,replace_item_022,1,replace_item:template-06,True,True,True,True
NousResearch/Hermes-4-405B,replace_item_022,2,replace_item:template-06,True,True,True,True
NousResearch/Hermes-4-405B,replace_item_023,0,replace_item:template-07,True,True,True,True
NousResearch/Hermes-4-405B,replace_item_023,1,replace_item:template-07,True,True,True,True
NousResearch/Hermes-4-405B,replace_item_023,2,replace_item:template-07,True,True,True,True
NousResearch/Hermes-4-405B,replace_item_024,0,replace_item:template-00,True,True,True,True
NousResearch/Hermes-4-405B,replace_item_024,1,replace_item:template-00,True,True,True,True
NousResearch/Hermes-4-405B,replace_item_024,2,replace_item:template-00,True,True,True,True
NousResearch/Hermes-4-405B,replace_item_025,0,replace_item:template-01,True,True,True,True
NousResearch/Hermes-4-405B,replace_item_025,1,replace_item:template-01,True,True,True,True
NousResearch/Hermes-4-405B,replace_item_025,2,replace_item:template-01,True,True,True,True
NousResearch/Hermes-4-405B,replace_item_026,0,replace_item:template-02,True,True,True,True
NousResearch/Hermes-4-405B,replace_item_026,1,replace_item:template-02,True,True,True,True
NousResearch/Hermes-4-405B,replace_item_026,2,replace_item:template-02,True,True,True,True
NousResearch/Hermes-4-405B,replace_item_027,0,replace_item:template-03,True,True,True,True
NousResearch/Hermes-4-405B,replace_item_027,1,replace_item:template-03,True,True,True,True
NousResearch/Hermes-4-405B,replace_item_027,2,replace_item:template-03,True,True,True,True
NousResearch/Hermes-4-405B,replace_item_028,0,replace_item:template-04,True,True,True,True
NousResearch/Hermes-4-405B,replace_item_028,1,replace_item:template-04,True,True,True,True
NousResearch/Hermes-4-405B,replace_item_028,2,replace_item:template-04,True,True,True,True
NousResearch/Hermes-4-405B,replace_item_029,0,replace_item:template-05,True,True,True,True
NousResearch/Hermes-4-405B,replace_item_029,1,replace_item:template-05,True,True,True,True
NousResearch/Hermes-4-405B,replace_item_029,2,replace_item:template-05,True,True,True,True
NousResearch/Hermes-4-405B,size_change_scoped_000,0,size_change_scoped:template-00,True,True,True,True
NousResearch/Hermes-4-405B,size_change_scoped_000,1,size_change_scoped:template-00,True,True,True,True
NousResearch/Hermes-4-405B,size_change_scoped_000,2,size_change_scoped:template-00,True,True,True,True
NousResearch/Hermes-4-405B,size_change_scoped_001,0,size_change_scoped:template-01,True,True,True,True
NousResearch/Hermes-4-405B,size_change_scoped_001,1,size_change_scoped:template-01,True,True,True,True
NousResearch/Hermes-4-405B,size_change_scoped_001,2,size_change_scoped:template-01,True,True,True,True
NousResearch/Hermes-4-405B,size_change_scoped_002,0,size_change_scoped:template-02,True,True,True,True
NousResearch/Hermes-4-405B,size_change_scoped_002,1,size_change_scoped:template-02,True,True,True,True
NousResearch/Hermes-4-405B,size_change_scoped_002,2,size_change_scoped:template-02,True,True,True,True
NousResearch/Hermes-4-405B,size_change_scoped_003,0,size_change_scoped:template-03,True,True,True,True
NousResearch/Hermes-4-405B,size_change_scoped_003,1,size_change_scoped:template-03,True,True,True,True
NousResearch/Hermes-4-405B,size_change_scoped_003,2,size_change_scoped:template-03,True,True,True,True
NousResearch/Hermes-4-405B,size_change_scoped_004,0,size_change_scoped:template-04,True,True,True,True
NousResearch/Hermes-4-405B,size_change_scoped_004,1,size_change_scoped:template-04,True,True,True,True
NousResearch/Hermes-4-405B,size_change_scoped_004,2,size_change_scoped:template-04,True,True,True,True
NousResearch/Hermes-4-405B,size_change_scoped_005,0,size_change_scoped:template-05,True,True,True,True
NousResearch/Hermes-4-405B,size_change_scoped_005,1,size_change_scoped:template-05,True,True,True,True
NousResearch/Hermes-4-405B,size_change_scoped_005,2,size_change_scoped:template-05,True,True,True,True
NousResearch/Hermes-4-405B,size_change_scoped_006,0,size_change_scoped:template-06,True,True,True,True
NousResearch/Hermes-4-405B,size_change_scoped_006,1,size_change_scoped:template-06,True,True,True,True
NousResearch/Hermes-4-405B,size_change_scoped_006,2,size_change_scoped:template-06,True,True,True,True
NousResearch/Hermes-4-405B,size_change_scoped_007,0,size_change_scoped:template-07,True,True,True,True
NousResearch/Hermes-4-405B,size_change_scoped_007,1,size_change_scoped:template-07,True,True,True,True
NousResearch/Hermes-4-405B,size_change_scoped_007,2,size_change_scoped:template-07,True,True,True,True
NousResearch/Hermes-4-405B,size_change_scoped_008,0,size_change_scoped:template-00,True,True,True,True
NousResearch/Hermes-4-405B,size_change_scoped_008,1,size_change_scoped:template-00,True,True,True,True
NousResearch/Hermes-4-405B,size_change_scoped_008,2,size_change_scoped:template-00,True,True,True,True
NousResearch/Hermes-4-405B,size_change_scoped_009,0,size_change_scoped:template-01,True,True,True,True
NousResearch/Hermes-4-405B,size_change_scoped_009,1,size_change_scoped:template-01,True,True,True,True
NousResearch/Hermes-4-405B,size_change_scoped_009,2,size_change_scoped:template-01,True,True,True,True
NousResearch/Hermes-4-405B,size_change_scoped_010,0,size_change_scoped:template-02,True,True,True,True
NousResearch/Hermes-4-405B,size_change_scoped_010,1,size_change_scoped:template-02,True,True,True,True
NousResearch/Hermes-4-405B,size_change_scoped_010,2,size_change_scoped:template-02,True,True,True,True
NousResearch/Hermes-4-405B,size_change_scoped_011,0,size_change_scoped:template-03,True,True,True,True
NousResearch/Hermes-4-405B,size_change_scoped_011,1,size_change_scoped:template-03,True,True,True,True
NousResearch/Hermes-4-405B,size_change_scoped_011,2,size_change_scoped:template-03,True,True,True,True
NousResearch/Hermes-4-405B,size_change_scoped_012,0,size_change_scoped:template-04,True,True,True,True
NousResearch/Hermes-4-405B,size_change_scoped_012,1,size_change_scoped:template-04,True,True,True,True
NousResearch/Hermes-4-405B,size_change_scoped_012,2,size_change_scoped:template-04,True,True,True,True
NousResearch/Hermes-4-405B,size_change_scoped_013,0,size_change_scoped:template-05,True,True,True,True
NousResearch/Hermes-4-405B,size_change_scoped_013,1,size_change_scoped:template-05,True,True,True,True
NousResearch/Hermes-4-405B,size_change_scoped_013,2,size_change_scoped:template-05,True,True,True,True
NousResearch/Hermes-4-405B,size_change_scoped_014,0,size_change_scoped:template-06,True,True,True,True
NousResearch/Hermes-4-405B,size_change_scoped_014,1,size_change_scoped:template-06,True,True,True,True
NousResearch/Hermes-4-405B,size_change_scoped_014,2,size_change_scoped:template-06,True,True,True,True
NousResearch/Hermes-4-405B,size_change_scoped_015,0,size_change_scoped:template-07,True,True,True,True
NousResearch/Hermes-4-405B,size_change_scoped_015,1,size_change_scoped:template-07,True,True,True,True
NousResearch/Hermes-4-405B,size_change_scoped_015,2,size_change_scoped:template-07,True,True,True,True
NousResearch/Hermes-4-405B,size_change_scoped_016,0,size_change_scoped:template-00,True,True,True,True
NousResearch/Hermes-4-405B,size_change_scoped_016,1,size_change_scoped:template-00,True,True,True,True
NousResearch/Hermes-4-405B,size_change_scoped_016,2,size_change_scoped:template-00,True,True,True,True
NousResearch/Hermes-4-405B,size_change_scoped_017,0,size_change_scoped:template-01,True,True,True,True
NousResearch/Hermes-4-405B,size_change_scoped_017,1,size_change_scoped:template-01,True,True,True,True
NousResearch/Hermes-4-405B,size_change_scoped_017,2,size_change_scoped:template-01,True,True,True,True
NousResearch/Hermes-4-405B,size_change_scoped_018,0,size_change_scoped:template-02,True,True,True,True
NousResearch/Hermes-4-405B,size_change_scoped_018,1,size_change_scoped:template-02,True,True,True,True
NousResearch/Hermes-4-405B,size_change_scoped_018,2,size_change_scoped:template-02,True,True,True,True
NousResearch/Hermes-4-405B,size_change_scoped_019,0,size_change_scoped:template-03,True,True,True,True
NousResearch/Hermes-4-405B,size_change_scoped_019,1,size_change_scoped:template-03,True,True,True,True
NousResearch/Hermes-4-405B,size_change_scoped_019,2,size_change_scoped:template-03,True,True,True,True
NousResearch/Hermes-4-405B,size_change_scoped_020,0,size_change_scoped:template-04,True,True,True,True
NousResearch/Hermes-4-405B,size_change_scoped_020,1,size_change_scoped:template-04,True,True,True,True
NousResearch/Hermes-4-405B,size_change_scoped_020,2,size_change_scoped:template-04,True,True,True,True
NousResearch/Hermes-4-405B,size_change_scoped_021,0,size_change_scoped:template-05,True,True,True,True
NousResearch/Hermes-4-405B,size_change_scoped_021,1,size_change_scoped:template-05,True,True,True,True
NousResearch/Hermes-4-405B,size_change_scoped_021,2,size_change_scoped:template-05,True,True,True,True
NousResearch/Hermes-4-405B,size_change_scoped_022,0,size_change_scoped:template-06,True,True,True,True
NousResearch/Hermes-4-405B,size_change_scoped_022,1,size_change_scoped:template-06,True,True,True,True
NousResearch/Hermes-4-405B,size_change_scoped_022,2,size_change_scoped:template-06,True,True,True,True
NousResearch/Hermes-4-405B,size_change_scoped_023,0,size_change_scoped:template-07,True,True,True,True
NousResearch/Hermes-4-405B,size_change_scoped_023,1,size_change_scoped:template-07,True,True,True,True
NousResearch/Hermes-4-405B,size_change_scoped_023,2,size_change_scoped:template-07,True,True,True,True
NousResearch/Hermes-4-405B,size_change_scoped_024,0,size_change_scoped:template-00,True,True,True,True
NousResearch/Hermes-4-405B,size_change_scoped_024,1,size_change_scoped:template-00,True,True,True,True
NousResearch/Hermes-4-405B,size_change_scoped_024,2,size_change_scoped:template-00,True,True,True,True
NousResearch/Hermes-4-405B,size_change_scoped_025,0,size_change_scoped:template-01,True,True,True,True
NousResearch/Hermes-4-405B,size_change_scoped_025,1,size_change_scoped:template-01,True,True,True,True
NousResearch/Hermes-4-405B,size_change_scoped_025,2,size_change_scoped:template-01,True,True,True,True
NousResearch/Hermes-4-405B,size_change_scoped_026,0,size_change_scoped:template-02,True,True,True,True
NousResearch/Hermes-4-405B,size_change_scoped_026,1,size_change_scoped:template-02,True,True,True,True
NousResearch/Hermes-4-405B,size_change_scoped_026,2,size_change_scoped:template-02,True,True,True,True
NousResearch/Hermes-4-405B,size_change_scoped_027,0,size_change_scoped:template-03,True,True,True,True
NousResearch/Hermes-4-405B,size_change_scoped_027,1,size_change_scoped:template-03,True,True,True,True
NousResearch/Hermes-4-405B,size_change_scoped_027,2,size_change_scoped:template-03,True,True,True,True
NousResearch/Hermes-4-405B,size_change_scoped_028,0,size_change_scoped:template-04,True,True,True,True
NousResearch/Hermes-4-405B,size_change_scoped_028,1,size_change_scoped:template-04,True,True,True,True
NousResearch/Hermes-4-405B,size_change_scoped_028,2,size_change_scoped:template-04,True,True,True,True
NousResearch/Hermes-4-405B,size_change_scoped_029,0,size_change_scoped:template-05,True,True,True,True
NousResearch/Hermes-4-405B,size_change_scoped_029,1,size_change_scoped:template-05,True,True,True,True
NousResearch/Hermes-4-405B,size_change_scoped_029,2,size_change_scoped:template-05,True,True,True,True
NousResearch/Hermes-4-405B,stale_reference_000,0,stale_reference:template-00,True,True,True,True
NousResearch/Hermes-4-405B,stale_reference_000,1,stale_reference:template-00,True,True,True,True
NousResearch/Hermes-4-405B,stale_reference_000,2,stale_reference:template-00,True,True,True,True
NousResearch/Hermes-4-405B,stale_reference_001,0,stale_reference:template-01,True,True,True,True
NousResearch/Hermes-4-405B,stale_reference_001,1,stale_reference:template-01,True,True,True,True
NousResearch/Hermes-4-405B,stale_reference_001,2,stale_reference:template-01,True,True,True,True
NousResearch/Hermes-4-405B,stale_reference_002,0,stale_reference:template-02,True,True,True,True
NousResearch/Hermes-4-405B,stale_reference_002,1,stale_reference:template-02,True,True,True,True
NousResearch/Hermes-4-405B,stale_reference_002,2,stale_reference:template-02,True,True,True,True
NousResearch/Hermes-4-405B,stale_reference_003,0,stale_reference:template-03,True,True,True,True
NousResearch/Hermes-4-405B,stale_reference_003,1,stale_reference:template-03,True,True,True,True
NousResearch/Hermes-4-405B,stale_reference_003,2,stale_reference:template-03,True,True,True,True
NousResearch/Hermes-4-405B,stale_reference_004,0,stale_reference:template-04,True,True,True,True
NousResearch/Hermes-4-405B,stale_reference_004,1,stale_reference:template-04,True,True,True,True
NousResearch/Hermes-4-405B,stale_reference_004,2,stale_reference:template-04,True,True,True,True
NousResearch/Hermes-4-405B,stale_reference_005,0,stale_reference:template-05,True,True,True,True
NousResearch/Hermes-4-405B,stale_reference_005,1,stale_reference:template-05,True,True,True,True
NousResearch/Hermes-4-405B,stale_reference_005,2,stale_reference:template-05,True,True,True,True
NousResearch/Hermes-4-405B,stale_reference_006,0,stale_reference:template-06,True,True,True,True
NousResearch/Hermes-4-405B,stale_reference_006,1,stale_reference:template-06,True,True,True,True
NousResearch/Hermes-4-405B,stale_reference_006,2,stale_reference:template-06,True,True,True,True
NousResearch/Hermes-4-405B,stale_reference_007,0,stale_reference:template-07,True,True,True,True
NousResearch/Hermes-4-405B,stale_reference_007,1,stale_reference:template-07,True,True,True,True
NousResearch/Hermes-4-405B,stale_reference_007,2,stale_reference:template-07,True,True,True,True
NousResearch/Hermes-4-405B,stale_reference_008,0,stale_reference:template-00,True,True,True,True
NousResearch/Hermes-4-405B,stale_reference_008,1,stale_reference:template-00,True,True,True,True
NousResearch/Hermes-4-405B,stale_reference_008,2,stale_reference:template-00,True,True,True,True
NousResearch/Hermes-4-405B,stale_reference_009,0,stale_reference:template-01,True,True,True,True
NousResearch/Hermes-4-405B,stale_reference_009,1,stale_reference:template-01,True,True,True,True
NousResearch/Hermes-4-405B,stale_reference_009,2,stale_reference:template-01,True,True,True,True
NousResearch/Hermes-4-405B,stale_reference_010,0,stale_reference:template-02,True,True,True,True
NousResearch/Hermes-4-405B,stale_reference_010,1,stale_reference:template-02,True,True,True,True
NousResearch/Hermes-4-405B,stale_reference_010,2,stale_reference:template-02,True,True,True,True
NousResearch/Hermes-4-405B,stale_reference_011,0,stale_reference:template-03,True,True,True,True
NousResearch/Hermes-4-405B,stale_reference_011,1,stale_reference:template-03,True,True,True,True
NousResearch/Hermes-4-405B,stale_reference_011,2,stale_reference:template-03,True,True,True,True
NousResearch/Hermes-4-405B,stale_reference_012,0,stale_reference:template-04,True,True,True,True
NousResearch/Hermes-4-405B,stale_reference_012,1,stale_reference:template-04,True,True,True,True
NousResearch/Hermes-4-405B,stale_reference_012,2,stale_reference:template-04,True,True,True,True
NousResearch/Hermes-4-405B,stale_reference_013,0,stale_reference:template-05,True,True,True,True
NousResearch/Hermes-4-405B,stale_reference_013,1,stale_reference:template-05,True,True,True,True
NousResearch/Hermes-4-405B,stale_reference_013,2,stale_reference:template-05,True,True,True,True
NousResearch/Hermes-4-405B,stale_reference_014,0,stale_reference:template-06,True,True,True,True
NousResearch/Hermes-4-405B,stale_reference_014,1,stale_reference:template-06,True,True,True,True
NousResearch/Hermes-4-405B,stale_reference_014,2,stale_reference:template-06,True,True,True,True
NousResearch/Hermes-4-405B,stale_reference_015,0,stale_reference:template-07,True,True,True,True
NousResearch/Hermes-4-405B,stale_reference_015,1,stale_reference:template-07,True,True,True,True
NousResearch/Hermes-4-405B,stale_reference_015,2,stale_reference:template-07,True,True,True,True
NousResearch/Hermes-4-405B,stale_reference_016,0,stale_reference:template-00,True,True,True,True
NousResearch/Hermes-4-405B,stale_reference_016,1,stale_reference:template-00,True,True,True,True
NousResearch/Hermes-4-405B,stale_reference_016,2,stale_reference:template-00,True,True,True,True
NousResearch/Hermes-4-405B,stale_reference_017,0,stale_reference:template-01,True,True,True,True
NousResearch/Hermes-4-405B,stale_reference_017,1,stale_reference:template-01,True,True,True,True
NousResearch/Hermes-4-405B,stale_reference_017,2,stale_reference:template-01,True,True,True,True
NousResearch/Hermes-4-405B,stale_reference_018,0,stale_reference:template-02,True,True,True,True
NousResearch/Hermes-4-405B,stale_reference_018,1,stale_reference:template-02,True,True,True,True
NousResearch/Hermes-4-405B,stale_reference_018,2,stale_reference:template-02,True,True,True,True
NousResearch/Hermes-4-405B,stale_reference_019,0,stale_reference:template-03,True,True,True,True
NousResearch/Hermes-4-405B,stale_reference_019,1,stale_reference:template-03,True,True,True,True
NousResearch/Hermes-4-405B,stale_reference_019,2,stale_reference:template-03,True,True,True,True
NousResearch/Hermes-4-405B,stale_reference_020,0,stale_reference:template-04,True,True,True,True
NousResearch/Hermes-4-405B,stale_reference_020,1,stale_reference:template-04,True,True,True,True
NousResearch/Hermes-4-405B,stale_reference_020,2,stale_reference:template-04,True,True,True,True
NousResearch/Hermes-4-405B,stale_reference_021,0,stale_reference:template-05,True,True,True,True
NousResearch/Hermes-4-405B,stale_reference_021,1,stale_reference:template-05,True,True,True,True
NousResearch/Hermes-4-405B,stale_reference_021,2,stale_reference:template-05,True,True,True,True
NousResearch/Hermes-4-405B,stale_reference_022,0,stale_reference:template-06,True,True,True,True
NousResearch/Hermes-4-405B,stale_reference_022,1,stale_reference:template-06,True,True,True,True
NousResearch/Hermes-4-405B,stale_reference_022,2,stale_reference:template-06,True,True,True,True
NousResearch/Hermes-4-405B,stale_reference_023,0,stale_reference:template-07,True,True,True,True
NousResearch/Hermes-4-405B,stale_reference_023,1,stale_reference:template-07,True,True,True,True
NousResearch/Hermes-4-405B,stale_reference_023,2,stale_reference:template-07,True,True,True,True
NousResearch/Hermes-4-405B,stale_reference_024,0,stale_reference:template-00,True,True,True,True
NousResearch/Hermes-4-405B,stale_reference_024,1,stale_reference:template-00,True,True,True,True
NousResearch/Hermes-4-405B,stale_reference_024,2,stale_reference:template-00,True,True,True,True
NousResearch/Hermes-4-405B,stale_reference_025,0,stale_reference:template-01,True,True,True,True
NousResearch/Hermes-4-405B,stale_reference_025,1,stale_reference:template-01,True,True,True,True
NousResearch/Hermes-4-405B,stale_reference_025,2,stale_reference:template-01,True,True,True,True
NousResearch/Hermes-4-405B,stale_reference_026,0,stale_reference:template-02,True,True,True,True
NousResearch/Hermes-4-405B,stale_reference_026,1,stale_reference:template-02,True,True,True,True
NousResearch/Hermes-4-405B,stale_reference_026,2,stale_reference:template-02,True,True,True,True
NousResearch/Hermes-4-405B,stale_reference_027,0,stale_reference:template-03,True,True,True,True
NousResearch/Hermes-4-405B,stale_reference_027,1,stale_reference:template-03,True,True,True,True
NousResearch/Hermes-4-405B,stale_reference_027,2,stale_reference:template-03,True,True,True,True
NousResearch/Hermes-4-405B,stale_reference_028,0,stale_reference:template-04,True,True,True,True
NousResearch/Hermes-4-405B,stale_reference_028,1,stale_reference:template-04,True,True,True,True
NousResearch/Hermes-4-405B,stale_reference_028,2,stale_reference:template-04,True,True,True,True
NousResearch/Hermes-4-405B,stale_reference_029,0,stale_reference:template-05,True,True,True,True
NousResearch/Hermes-4-405B,stale_reference_029,1,stale_reference:template-05,True,True,True,True
NousResearch/Hermes-4-405B,stale_reference_029,2,stale_reference:template-05,True,True,True,True
NousResearch/Hermes-4-405B,unavailable_add_000,0,unavailable_add:template-00,True,True,True,True
NousResearch/Hermes-4-405B,unavailable_add_000,1,unavailable_add:template-00,True,True,True,True
NousResearch/Hermes-4-405B,unavailable_add_000,2,unavailable_add:template-00,True,True,True,True
NousResearch/Hermes-4-405B,unavailable_add_001,0,unavailable_add:template-01,True,True,True,True
NousResearch/Hermes-4-405B,unavailable_add_001,1,unavailable_add:template-01,True,True,True,True
NousResearch/Hermes-4-405B,unavailable_add_001,2,unavailable_add:template-01,True,True,True,True
NousResearch/Hermes-4-405B,unavailable_add_002,0,unavailable_add:template-02,True,True,True,True
NousResearch/Hermes-4-405B,unavailable_add_002,1,unavailable_add:template-02,True,True,True,True
NousResearch/Hermes-4-405B,unavailable_add_002,2,unavailable_add:template-02,True,True,True,True
NousResearch/Hermes-4-405B,unavailable_add_003,0,unavailable_add:template-03,True,True,True,True
NousResearch/Hermes-4-405B,unavailable_add_003,1,unavailable_add:template-03,True,True,True,True
NousResearch/Hermes-4-405B,unavailable_add_003,2,unavailable_add:template-03,True,True,True,True
NousResearch/Hermes-4-405B,unavailable_add_004,0,unavailable_add:template-04,True,True,True,True
NousResearch/Hermes-4-405B,unavailable_add_004,1,unavailable_add:template-04,True,True,True,True
NousResearch/Hermes-4-405B,unavailable_add_004,2,unavailable_add:template-04,True,True,True,True
NousResearch/Hermes-4-405B,unavailable_add_005,0,unavailable_add:template-05,True,True,True,True
NousResearch/Hermes-4-405B,unavailable_add_005,1,unavailable_add:template-05,True,True,True,True
NousResearch/Hermes-4-405B,unavailable_add_005,2,unavailable_add:template-05,True,True,True,True
NousResearch/Hermes-4-405B,unavailable_add_006,0,unavailable_add:template-06,True,True,True,True
NousResearch/Hermes-4-405B,unavailable_add_006,1,unavailable_add:template-06,True,True,True,True
NousResearch/Hermes-4-405B,unavailable_add_006,2,unavailable_add:template-06,True,True,True,True
NousResearch/Hermes-4-405B,unavailable_add_007,0,unavailable_add:template-07,True,True,True,True
NousResearch/Hermes-4-405B,unavailable_add_007,1,unavailable_add:template-07,True,True,True,True
NousResearch/Hermes-4-405B,unavailable_add_007,2,unavailable_add:template-07,True,True,True,True
NousResearch/Hermes-4-405B,unavailable_add_008,0,unavailable_add:template-00,True,True,True,True
NousResearch/Hermes-4-405B,unavailable_add_008,1,unavailable_add:template-00,True,True,True,True
NousResearch/Hermes-4-405B,unavailable_add_008,2,unavailable_add:template-00,True,True,True,True
NousResearch/Hermes-4-405B,unavailable_add_009,0,unavailable_add:template-01,True,True,True,True
NousResearch/Hermes-4-405B,unavailable_add_009,1,unavailable_add:template-01,True,True,True,True
NousResearch/Hermes-4-405B,unavailable_add_009,2,unavailable_add:template-01,True,True,True,True
NousResearch/Hermes-4-405B,unavailable_add_010,0,unavailable_add:template-02,True,True,True,True
NousResearch/Hermes-4-405B,unavailable_add_010,1,unavailable_add:template-02,True,True,True,True
NousResearch/Hermes-4-405B,unavailable_add_010,2,unavailable_add:template-02,True,True,True,True
NousResearch/Hermes-4-405B,unavailable_add_011,0,unavailable_add:template-03,True,True,True,True
NousResearch/Hermes-4-405B,unavailable_add_011,1,unavailable_add:template-03,True,True,True,True
NousResearch/Hermes-4-405B,unavailable_add_011,2,unavailable_add:template-03,True,True,True,True
NousResearch/Hermes-4-405B,unavailable_add_012,0,unavailable_add:template-04,True,True,True,True
NousResearch/Hermes-4-405B,unavailable_add_012,1,unavailable_add:template-04,True,True,True,True
NousResearch/Hermes-4-405B,unavailable_add_012,2,unavailable_add:template-04,True,True,True,True
NousResearch/Hermes-4-405B,unavailable_add_013,0,unavailable_add:template-05,True,True,True,True
NousResearch/Hermes-4-405B,unavailable_add_013,1,unavailable_add:template-05,True,True,True,True
NousResearch/Hermes-4-405B,unavailable_add_013,2,unavailable_add:template-05,True,True,True,True
NousResearch/Hermes-4-405B,unavailable_add_014,0,unavailable_add:template-06,True,True,True,True
NousResearch/Hermes-4-405B,unavailable_add_014,1,unavailable_add:template-06,True,True,True,True
NousResearch/Hermes-4-405B,unavailable_add_014,2,unavailable_add:template-06,True,True,True,True
NousResearch/Hermes-4-405B,unavailable_add_015,0,unavailable_add:template-07,True,True,True,True
NousResearch/Hermes-4-405B,unavailable_add_015,1,unavailable_add:template-07,True,True,True,True
NousResearch/Hermes-4-405B,unavailable_add_015,2,unavailable_add:template-07,True,True,True,True
NousResearch/Hermes-4-405B,unavailable_add_016,0,unavailable_add:template-00,True,True,True,True
NousResearch/Hermes-4-405B,unavailable_add_016,1,unavailable_add:template-00,True,True,True,True
NousResearch/Hermes-4-405B,unavailable_add_016,2,unavailable_add:template-00,True,True,True,True
NousResearch/Hermes-4-405B,unavailable_add_017,0,unavailable_add:template-01,True,True,True,True
NousResearch/Hermes-4-405B,unavailable_add_017,1,unavailable_add:template-01,True,True,True,True
NousResearch/Hermes-4-405B,unavailable_add_017,2,unavailable_add:template-01,True,True,True,True
NousResearch/Hermes-4-405B,unavailable_add_018,0,unavailable_add:template-02,True,True,True,True
NousResearch/Hermes-4-405B,unavailable_add_018,1,unavailable_add:template-02,True,True,True,True
NousResearch/Hermes-4-405B,unavailable_add_018,2,unavailable_add:template-02,True,True,True,True
NousResearch/Hermes-4-405B,unavailable_add_019,0,unavailable_add:template-03,True,True,True,True
NousResearch/Hermes-4-405B,unavailable_add_019,1,unavailable_add:template-03,True,True,True,True
NousResearch/Hermes-4-405B,unavailable_add_019,2,unavailable_add:template-03,True,True,True,True
NousResearch/Hermes-4-405B,unavailable_add_020,0,unavailable_add:template-04,True,True,True,True
NousResearch/Hermes-4-405B,unavailable_add_020,1,unavailable_add:template-04,True,True,True,True
NousResearch/Hermes-4-405B,unavailable_add_020,2,unavailable_add:template-04,True,True,True,True
NousResearch/Hermes-4-405B,unavailable_add_021,0,unavailable_add:template-05,True,True,True,True
NousResearch/Hermes-4-405B,unavailable_add_021,1,unavailable_add:template-05,True,True,True,True
NousResearch/Hermes-4-405B,unavailable_add_021,2,unavailable_add:template-05,True,True,True,True
NousResearch/Hermes-4-405B,unavailable_add_022,0,unavailable_add:template-06,True,True,True,True
NousResearch/Hermes-4-405B,unavailable_add_022,1,unavailable_add:template-06,True,True,True,True
NousResearch/Hermes-4-405B,unavailable_add_022,2,unavailable_add:template-06,True,True,True,True
NousResearch/Hermes-4-405B,unavailable_add_023,0,unavailable_add:template-07,True,True,True,True
NousResearch/Hermes-4-405B,unavailable_add_023,1,unavailable_add:template-07,True,True,True,True
NousResearch/Hermes-4-405B,unavailable_add_023,2,unavailable_add:template-07,True,True,True,True
NousResearch/Hermes-4-405B,unavailable_add_024,0,unavailable_add:template-00,True,True,True,True
NousResearch/Hermes-4-405B,unavailable_add_024,1,unavailable_add:template-00,True,True,True,True
NousResearch/Hermes-4-405B,unavailable_add_024,2,unavailable_add:template-00,True,True,True,True
NousResearch/Hermes-4-405B,unavailable_add_025,0,unavailable_add:template-01,True,True,True,True
NousResearch/Hermes-4-405B,unavailable_add_025,1,unavailable_add:template-01,True,True,True,True
NousResearch/Hermes-4-405B,unavailable_add_025,2,unavailable_add:template-01,True,True,True,True
NousResearch/Hermes-4-405B,unavailable_add_026,0,unavailable_add:template-02,True,True,True,True
NousResearch/Hermes-4-405B,unavailable_add_026,1,unavailable_add:template-02,True,True,True,True
NousResearch/Hermes-4-405B,unavailable_add_026,2,unavailable_add:template-02,True,True,True,True
NousResearch/Hermes-4-405B,unavailable_add_027,0,unavailable_add:template-03,True,True,True,True
NousResearch/Hermes-4-405B,unavailable_add_027,1,unavailable_add:template-03,True,True,True,True
NousResearch/Hermes-4-405B,unavailable_add_027,2,unavailable_add:template-03,True,True,True,True
NousResearch/Hermes-4-405B,unavailable_add_028,0,unavailable_add:template-04,True,True,True,True
NousResearch/Hermes-4-405B,unavailable_add_028,1,unavailable_add:template-04,True,True,True,True
NousResearch/Hermes-4-405B,unavailable_add_028,2,unavailable_add:template-04,True,True,True,True
NousResearch/Hermes-4-405B,unavailable_add_029,0,unavailable_add:template-05,True,True,True,True
NousResearch/Hermes-4-405B,unavailable_add_029,1,unavailable_add:template-05,True,True,True,True
NousResearch/Hermes-4-405B,unavailable_add_029,2,unavailable_add:template-05,True,True,True,True
NousResearch/Hermes-4-70B,add_item_000,0,add_item:template-00,True,True,True,True
NousResearch/Hermes-4-70B,add_item_000,1,add_item:template-00,True,True,True,True
NousResearch/Hermes-4-70B,add_item_000,2,add_item:template-00,True,True,True,True
NousResearch/Hermes-4-70B,add_item_001,0,add_item:template-01,True,True,True,True
NousResearch/Hermes-4-70B,add_item_001,1,add_item:template-01,True,True,True,True
NousResearch/Hermes-4-70B,add_item_001,2,add_item:template-01,True,True,True,True
NousResearch/Hermes-4-70B,add_item_002,0,add_item:template-02,True,True,True,True
NousResearch/Hermes-4-70B,add_item_002,1,add_item:template-02,True,True,True,True
NousResearch/Hermes-4-70B,add_item_002,2,add_item:template-02,True,True,True,True
NousResearch/Hermes-4-70B,add_item_003,0,add_item:template-03,True,True,True,True
NousResearch/Hermes-4-70B,add_item_003,1,add_item:template-03,True,True,True,True
NousResearch/Hermes-4-70B,add_item_003,2,add_item:template-03,True,True,True,True
NousResearch/Hermes-4-70B,add_item_004,0,add_item:template-04,True,True,True,True
NousResearch/Hermes-4-70B,add_item_004,1,add_item:template-04,True,True,True,True
NousResearch/Hermes-4-70B,add_item_004,2,add_item:template-04,True,True,True,True
NousResearch/Hermes-4-70B,add_item_005,0,add_item:template-05,True,True,True,True
NousResearch/Hermes-4-70B,add_item_005,1,add_item:template-05,True,True,True,True
NousResearch/Hermes-4-70B,add_item_005,2,add_item:template-05,True,True,True,True
NousResearch/Hermes-4-70B,add_item_006,0,add_item:template-06,True,True,True,True
NousResearch/Hermes-4-70B,add_item_006,1,add_item:template-06,True,True,True,True
NousResearch/Hermes-4-70B,add_item_006,2,add_item:template-06,True,True,True,True
NousResearch/Hermes-4-70B,add_item_007,0,add_item:template-07,True,True,True,True
NousResearch/Hermes-4-70B,add_item_007,1,add_item:template-07,True,True,True,True
NousResearch/Hermes-4-70B,add_item_007,2,add_item:template-07,True,True,True,True
NousResearch/Hermes-4-70B,add_item_008,0,add_item:template-00,True,True,True,True
NousResearch/Hermes-4-70B,add_item_008,1,add_item:template-00,True,True,True,True
NousResearch/Hermes-4-70B,add_item_008,2,add_item:template-00,True,True,True,True
NousResearch/Hermes-4-70B,add_item_009,0,add_item:template-01,True,True,True,True
NousResearch/Hermes-4-70B,add_item_009,1,add_item:template-01,True,True,True,True
NousResearch/Hermes-4-70B,add_item_009,2,add_item:template-01,True,True,True,True
NousResearch/Hermes-4-70B,add_item_010,0,add_item:template-02,True,True,True,True
NousResearch/Hermes-4-70B,add_item_010,1,add_item:template-02,True,True,True,True
NousResearch/Hermes-4-70B,add_item_010,2,add_item:template-02,True,True,True,True
NousResearch/Hermes-4-70B,add_item_011,0,add_item:template-03,True,True,True,True
NousResearch/Hermes-4-70B,add_item_011,1,add_item:template-03,True,True,True,True
NousResearch/Hermes-4-70B,add_item_011,2,add_item:template-03,True,True,True,True
NousResearch/Hermes-4-70B,add_item_012,0,add_item:template-04,True,True,True,True
NousResearch/Hermes-4-70B,add_item_012,1,add_item:template-04,True,True,True,True
NousResearch/Hermes-4-70B,add_item_012,2,add_item:template-04,True,True,True,True
NousResearch/Hermes-4-70B,add_item_013,0,add_item:template-05,True,True,True,True
NousResearch/Hermes-4-70B,add_item_013,1,add_item:template-05,True,True,True,True
NousResearch/Hermes-4-70B,add_item_013,2,add_item:template-05,True,True,True,True
NousResearch/Hermes-4-70B,add_item_014,0,add_item:template-06,True,True,True,True
NousResearch/Hermes-4-70B,add_item_014,1,add_item:template-06,True,True,True,True
NousResearch/Hermes-4-70B,add_item_014,2,add_item:template-06,True,True,True,True
NousResearch/Hermes-4-70B,add_item_015,0,add_item:template-07,True,True,True,True
NousResearch/Hermes-4-70B,add_item_015,1,add_item:template-07,True,True,True,True
NousResearch/Hermes-4-70B,add_item_015,2,add_item:template-07,True,True,True,True
NousResearch/Hermes-4-70B,add_item_016,0,add_item:template-00,True,True,True,True
NousResearch/Hermes-4-70B,add_item_016,1,add_item:template-00,True,True,True,True
NousResearch/Hermes-4-70B,add_item_016,2,add_item:template-00,True,True,True,True
NousResearch/Hermes-4-70B,add_item_017,0,add_item:template-01,True,True,True,True
NousResearch/Hermes-4-70B,add_item_017,1,add_item:template-01,True,True,True,True
NousResearch/Hermes-4-70B,add_item_017,2,add_item:template-01,True,True,True,True
NousResearch/Hermes-4-70B,add_item_018,0,add_item:template-02,True,True,True,True
NousResearch/Hermes-4-70B,add_item_018,1,add_item:template-02,True,True,True,True
NousResearch/Hermes-4-70B,add_item_018,2,add_item:template-02,True,True,True,True
NousResearch/Hermes-4-70B,add_item_019,0,add_item:template-03,True,True,True,True
NousResearch/Hermes-4-70B,add_item_019,1,add_item:template-03,True,True,True,True
NousResearch/Hermes-4-70B,add_item_019,2,add_item:template-03,True,True,True,True
NousResearch/Hermes-4-70B,add_item_020,0,add_item:template-04,True,True,True,True
NousResearch/Hermes-4-70B,add_item_020,1,add_item:template-04,True,True,True,True
NousResearch/Hermes-4-70B,add_item_020,2,add_item:template-04,True,True,True,True
NousResearch/Hermes-4-70B,add_item_021,0,add_item:template-05,True,True,True,True
NousResearch/Hermes-4-70B,add_item_021,1,add_item:template-05,True,True,True,True
NousResearch/Hermes-4-70B,add_item_021,2,add_item:template-05,True,True,True,True
NousResearch/Hermes-4-70B,add_item_022,0,add_item:template-06,True,True,True,True
NousResearch/Hermes-4-70B,add_item_022,1,add_item:template-06,True,True,True,True
NousResearch/Hermes-4-70B,add_item_022,2,add_item:template-06,True,True,True,True
NousResearch/Hermes-4-70B,add_item_023,0,add_item:template-07,True,True,True,True
NousResearch/Hermes-4-70B,add_item_023,1,add_item:template-07,True,True,True,True
NousResearch/Hermes-4-70B,add_item_023,2,add_item:template-07,True,True,True,True
NousResearch/Hermes-4-70B,add_item_024,0,add_item:template-00,True,True,True,True
NousResearch/Hermes-4-70B,add_item_024,1,add_item:template-00,True,True,True,True
NousResearch/Hermes-4-70B,add_item_024,2,add_item:template-00,True,True,True,True
NousResearch/Hermes-4-70B,add_item_025,0,add_item:template-01,True,True,True,True
NousResearch/Hermes-4-70B,add_item_025,1,add_item:template-01,True,True,True,True
NousResearch/Hermes-4-70B,add_item_025,2,add_item:template-01,True,True,True,True
NousResearch/Hermes-4-70B,add_item_026,0,add_item:template-02,True,True,True,True
NousResearch/Hermes-4-70B,add_item_026,1,add_item:template-02,True,True,True,True
NousResearch/Hermes-4-70B,add_item_026,2,add_item:template-02,True,True,True,True
NousResearch/Hermes-4-70B,add_item_027,0,add_item:template-03,True,True,True,True
NousResearch/Hermes-4-70B,add_item_027,1,add_item:template-03,True,True,True,True
NousResearch/Hermes-4-70B,add_item_027,2,add_item:template-03,True,True,True,True
NousResearch/Hermes-4-70B,add_item_028,0,add_item:template-04,True,True,True,True
NousResearch/Hermes-4-70B,add_item_028,1,add_item:template-04,True,True,True,True
NousResearch/Hermes-4-70B,add_item_028,2,add_item:template-04,True,True,True,True
NousResearch/Hermes-4-70B,add_item_029,0,add_item:template-05,True,True,True,True
NousResearch/Hermes-4-70B,add_item_029,1,add_item:template-05,True,True,True,True
NousResearch/Hermes-4-70B,add_item_029,2,add_item:template-05,True,True,True,True
NousResearch/Hermes-4-70B,constraint_add_safe_000,0,constraint_add_safe:template-00,True,True,True,True
NousResearch/Hermes-4-70B,constraint_add_safe_000,1,constraint_add_safe:template-00,True,True,True,True
NousResearch/Hermes-4-70B,constraint_add_safe_000,2,constraint_add_safe:template-00,True,True,True,True
NousResearch/Hermes-4-70B,constraint_add_safe_001,0,constraint_add_safe:template-01,True,True,True,True
NousResearch/Hermes-4-70B,constraint_add_safe_001,1,constraint_add_safe:template-01,True,True,True,True
NousResearch/Hermes-4-70B,constraint_add_safe_001,2,constraint_add_safe:template-01,True,True,True,True
NousResearch/Hermes-4-70B,constraint_add_safe_002,0,constraint_add_safe:template-02,True,True,True,True
NousResearch/Hermes-4-70B,constraint_add_safe_002,1,constraint_add_safe:template-02,True,True,True,True
NousResearch/Hermes-4-70B,constraint_add_safe_002,2,constraint_add_safe:template-02,True,True,True,True
NousResearch/Hermes-4-70B,constraint_add_safe_003,0,constraint_add_safe:template-03,True,True,True,True
NousResearch/Hermes-4-70B,constraint_add_safe_003,1,constraint_add_safe:template-03,True,True,True,True
NousResearch/Hermes-4-70B,constraint_add_safe_003,2,constraint_add_safe:template-03,True,True,True,True
NousResearch/Hermes-4-70B,constraint_add_safe_004,0,constraint_add_safe:template-04,True,True,True,True
NousResearch/Hermes-4-70B,constraint_add_safe_004,1,constraint_add_safe:template-04,True,True,True,True
NousResearch/Hermes-4-70B,constraint_add_safe_004,2,constraint_add_safe:template-04,True,True,True,True
NousResearch/Hermes-4-70B,constraint_add_safe_005,0,constraint_add_safe:template-05,True,True,True,True
NousResearch/Hermes-4-70B,constraint_add_safe_005,1,constraint_add_safe:template-05,True,True,True,True
NousResearch/Hermes-4-70B,constraint_add_safe_005,2,constraint_add_safe:template-05,True,True,True,True
NousResearch/Hermes-4-70B,constraint_add_safe_006,0,constraint_add_safe:template-06,True,True,True,True
NousResearch/Hermes-4-70B,constraint_add_safe_006,1,constraint_add_safe:template-06,True,True,True,True
NousResearch/Hermes-4-70B,constraint_add_safe_006,2,constraint_add_safe:template-06,True,True,True,True
NousResearch/Hermes-4-70B,constraint_add_safe_007,0,constraint_add_safe:template-07,True,True,True,True
NousResearch/Hermes-4-70B,constraint_add_safe_007,1,constraint_add_safe:template-07,True,True,True,True
NousResearch/Hermes-4-70B,constraint_add_safe_007,2,constraint_add_safe:template-07,True,True,True,True
NousResearch/Hermes-4-70B,constraint_add_safe_008,0,constraint_add_safe:template-00,True,True,True,True
NousResearch/Hermes-4-70B,constraint_add_safe_008,1,constraint_add_safe:template-00,True,True,True,True
NousResearch/Hermes-4-70B,constraint_add_safe_008,2,constraint_add_safe:template-00,True,True,True,True
NousResearch/Hermes-4-70B,constraint_add_safe_009,0,constraint_add_safe:template-01,True,True,True,True
NousResearch/Hermes-4-70B,constraint_add_safe_009,1,constraint_add_safe:template-01,True,True,True,True
NousResearch/Hermes-4-70B,constraint_add_safe_009,2,constraint_add_safe:template-01,True,True,True,True
NousResearch/Hermes-4-70B,constraint_add_safe_010,0,constraint_add_safe:template-02,True,True,True,True
NousResearch/Hermes-4-70B,constraint_add_safe_010,1,constraint_add_safe:template-02,True,True,True,True
NousResearch/Hermes-4-70B,constraint_add_safe_010,2,constraint_add_safe:template-02,True,True,True,True
NousResearch/Hermes-4-70B,constraint_add_safe_011,0,constraint_add_safe:template-03,True,True,True,True
NousResearch/Hermes-4-70B,constraint_add_safe_011,1,constraint_add_safe:template-03,True,True,True,True
NousResearch/Hermes-4-70B,constraint_add_safe_011,2,constraint_add_safe:template-03,True,True,True,True
NousResearch/Hermes-4-70B,constraint_add_safe_012,0,constraint_add_safe:template-04,True,True,True,True
NousResearch/Hermes-4-70B,constraint_add_safe_012,1,constraint_add_safe:template-04,True,True,True,True
NousResearch/Hermes-4-70B,constraint_add_safe_012,2,constraint_add_safe:template-04,True,True,True,True
NousResearch/Hermes-4-70B,constraint_add_safe_013,0,constraint_add_safe:template-05,True,True,True,True
NousResearch/Hermes-4-70B,constraint_add_safe_013,1,constraint_add_safe:template-05,True,True,True,True
NousResearch/Hermes-4-70B,constraint_add_safe_013,2,constraint_add_safe:template-05,True,True,True,True
NousResearch/Hermes-4-70B,constraint_add_safe_014,0,constraint_add_safe:template-06,True,True,True,True
NousResearch/Hermes-4-70B,constraint_add_safe_014,1,constraint_add_safe:template-06,True,True,True,True
NousResearch/Hermes-4-70B,constraint_add_safe_014,2,constraint_add_safe:template-06,True,True,True,True
NousResearch/Hermes-4-70B,constraint_add_safe_015,0,constraint_add_safe:template-07,True,True,True,True
NousResearch/Hermes-4-70B,constraint_add_safe_015,1,constraint_add_safe:template-07,True,True,True,True
NousResearch/Hermes-4-70B,constraint_add_safe_015,2,constraint_add_safe:template-07,True,True,True,True
NousResearch/Hermes-4-70B,constraint_add_safe_016,0,constraint_add_safe:template-00,True,True,True,True
NousResearch/Hermes-4-70B,constraint_add_safe_016,1,constraint_add_safe:template-00,True,True,True,True
NousResearch/Hermes-4-70B,constraint_add_safe_016,2,constraint_add_safe:template-00,True,True,True,True
NousResearch/Hermes-4-70B,constraint_add_safe_017,0,constraint_add_safe:template-01,True,True,True,True
NousResearch/Hermes-4-70B,constraint_add_safe_017,1,constraint_add_safe:template-01,True,True,True,True
NousResearch/Hermes-4-70B,constraint_add_safe_017,2,constraint_add_safe:template-01,True,True,True,True
NousResearch/Hermes-4-70B,constraint_add_safe_018,0,constraint_add_safe:template-02,True,True,True,True
NousResearch/Hermes-4-70B,constraint_add_safe_018,1,constraint_add_safe:template-02,True,True,True,True
NousResearch/Hermes-4-70B,constraint_add_safe_018,2,constraint_add_safe:template-02,True,True,True,True
NousResearch/Hermes-4-70B,constraint_add_safe_019,0,constraint_add_safe:template-03,True,True,True,True
NousResearch/Hermes-4-70B,constraint_add_safe_019,1,constraint_add_safe:template-03,True,True,True,True
NousResearch/Hermes-4-70B,constraint_add_safe_019,2,constraint_add_safe:template-03,True,True,True,True
NousResearch/Hermes-4-70B,constraint_add_safe_020,0,constraint_add_safe:template-04,True,True,True,True
NousResearch/Hermes-4-70B,constraint_add_safe_020,1,constraint_add_safe:template-04,True,True,True,True
NousResearch/Hermes-4-70B,constraint_add_safe_020,2,constraint_add_safe:template-04,True,True,True,True
NousResearch/Hermes-4-70B,constraint_add_safe_021,0,constraint_add_safe:template-05,True,True,True,True
NousResearch/Hermes-4-70B,constraint_add_safe_021,1,constraint_add_safe:template-05,True,True,True,True
NousResearch/Hermes-4-70B,constraint_add_safe_021,2,constraint_add_safe:template-05,True,True,True,True
NousResearch/Hermes-4-70B,constraint_add_safe_022,0,constraint_add_safe:template-06,True,True,True,True
NousResearch/Hermes-4-70B,constraint_add_safe_022,1,constraint_add_safe:template-06,True,True,True,True
NousResearch/Hermes-4-70B,constraint_add_safe_022,2,constraint_add_safe:template-06,True,True,True,True
NousResearch/Hermes-4-70B,constraint_add_safe_023,0,constraint_add_safe:template-07,True,True,True,True
NousResearch/Hermes-4-70B,constraint_add_safe_023,1,constraint_add_safe:template-07,True,True,True,True
NousResearch/Hermes-4-70B,constraint_add_safe_023,2,constraint_add_safe:template-07,True,True,True,True
NousResearch/Hermes-4-70B,constraint_add_safe_024,0,constraint_add_safe:template-00,True,True,True,True
NousResearch/Hermes-4-70B,constraint_add_safe_024,1,constraint_add_safe:template-00,True,True,True,True
NousResearch/Hermes-4-70B,constraint_add_safe_024,2,constraint_add_safe:template-00,True,True,True,True
NousResearch/Hermes-4-70B,constraint_add_safe_025,0,constraint_add_safe:template-01,True,True,True,True
NousResearch/Hermes-4-70B,constraint_add_safe_025,1,constraint_add_safe:template-01,True,True,True,True
NousResearch/Hermes-4-70B,constraint_add_safe_025,2,constraint_add_safe:template-01,True,True,True,True
NousResearch/Hermes-4-70B,constraint_add_safe_026,0,constraint_add_safe:template-02,True,True,True,True
NousResearch/Hermes-4-70B,constraint_add_safe_026,1,constraint_add_safe:template-02,True,True,True,True
NousResearch/Hermes-4-70B,constraint_add_safe_026,2,constraint_add_safe:template-02,True,True,True,True
NousResearch/Hermes-4-70B,constraint_add_safe_027,0,constraint_add_safe:template-03,True,True,True,True
NousResearch/Hermes-4-70B,constraint_add_safe_027,1,constraint_add_safe:template-03,True,True,True,True
NousResearch/Hermes-4-70B,constraint_add_safe_027,2,constraint_add_safe:template-03,True,True,True,True
NousResearch/Hermes-4-70B,constraint_add_safe_028,0,constraint_add_safe:template-04,True,True,True,True
NousResearch/Hermes-4-70B,constraint_add_safe_028,1,constraint_add_safe:template-04,True,True,True,True
NousResearch/Hermes-4-70B,constraint_add_safe_028,2,constraint_add_safe:template-04,True,True,True,True
NousResearch/Hermes-4-70B,constraint_add_safe_029,0,constraint_add_safe:template-05,True,True,True,True
NousResearch/Hermes-4-70B,constraint_add_safe_029,1,constraint_add_safe:template-05,True,True,True,True
NousResearch/Hermes-4-70B,constraint_add_safe_029,2,constraint_add_safe:template-05,True,True,True,True
NousResearch/Hermes-4-70B,constraint_new_conflict_000,0,constraint_new_conflict:template-00,True,True,True,True
NousResearch/Hermes-4-70B,constraint_new_conflict_000,1,constraint_new_conflict:template-00,True,True,True,True
NousResearch/Hermes-4-70B,constraint_new_conflict_000,2,constraint_new_conflict:template-00,True,True,True,True
NousResearch/Hermes-4-70B,constraint_new_conflict_001,0,constraint_new_conflict:template-01,True,True,True,True
NousResearch/Hermes-4-70B,constraint_new_conflict_001,1,constraint_new_conflict:template-01,True,True,True,True
NousResearch/Hermes-4-70B,constraint_new_conflict_001,2,constraint_new_conflict:template-01,True,True,True,True
NousResearch/Hermes-4-70B,constraint_new_conflict_002,0,constraint_new_conflict:template-02,True,True,True,True
NousResearch/Hermes-4-70B,constraint_new_conflict_002,1,constraint_new_conflict:template-02,True,True,True,True
NousResearch/Hermes-4-70B,constraint_new_conflict_002,2,constraint_new_conflict:template-02,True,True,True,True
NousResearch/Hermes-4-70B,constraint_new_conflict_003,0,constraint_new_conflict:template-03,True,True,True,True
NousResearch/Hermes-4-70B,constraint_new_conflict_003,1,constraint_new_conflict:template-03,True,True,True,True
NousResearch/Hermes-4-70B,constraint_new_conflict_003,2,constraint_new_conflict:template-03,True,True,True,True
NousResearch/Hermes-4-70B,constraint_new_conflict_004,0,constraint_new_conflict:template-04,True,True,True,True
NousResearch/Hermes-4-70B,constraint_new_conflict_004,1,constraint_new_conflict:template-04,True,True,True,True
NousResearch/Hermes-4-70B,constraint_new_conflict_004,2,constraint_new_conflict:template-04,True,True,True,True
NousResearch/Hermes-4-70B,constraint_new_conflict_005,0,constraint_new_conflict:template-05,True,True,True,True
NousResearch/Hermes-4-70B,constraint_new_conflict_005,1,constraint_new_conflict:template-05,True,True,True,True
NousResearch/Hermes-4-70B,constraint_new_conflict_005,2,constraint_new_conflict:template-05,True,True,True,True
NousResearch/Hermes-4-70B,constraint_new_conflict_006,0,constraint_new_conflict:template-06,True,True,True,True
NousResearch/Hermes-4-70B,constraint_new_conflict_006,1,constraint_new_conflict:template-06,True,True,True,True
NousResearch/Hermes-4-70B,constraint_new_conflict_006,2,constraint_new_conflict:template-06,True,True,True,True
NousResearch/Hermes-4-70B,constraint_new_conflict_007,0,constraint_new_conflict:template-07,True,True,True,True
NousResearch/Hermes-4-70B,constraint_new_conflict_007,1,constraint_new_conflict:template-07,True,True,True,True
NousResearch/Hermes-4-70B,constraint_new_conflict_007,2,constraint_new_conflict:template-07,True,True,True,True
NousResearch/Hermes-4-70B,constraint_new_conflict_008,0,constraint_new_conflict:template-00,True,True,True,True
NousResearch/Hermes-4-70B,constraint_new_conflict_008,1,constraint_new_conflict:template-00,True,True,True,True
NousResearch/Hermes-4-70B,constraint_new_conflict_008,2,constraint_new_conflict:template-00,True,True,True,True
NousResearch/Hermes-4-70B,constraint_new_conflict_009,0,constraint_new_conflict:template-01,True,True,True,True
NousResearch/Hermes-4-70B,constraint_new_conflict_009,1,constraint_new_conflict:template-01,True,True,True,True
NousResearch/Hermes-4-70B,constraint_new_conflict_009,2,constraint_new_conflict:template-01,True,True,True,True
NousResearch/Hermes-4-70B,constraint_new_conflict_010,0,constraint_new_conflict:template-02,True,True,True,True
NousResearch/Hermes-4-70B,constraint_new_conflict_010,1,constraint_new_conflict:template-02,True,True,True,True
NousResearch/Hermes-4-70B,constraint_new_conflict_010,2,constraint_new_conflict:template-02,True,True,True,True
NousResearch/Hermes-4-70B,constraint_new_conflict_011,0,constraint_new_conflict:template-03,True,True,True,True
NousResearch/Hermes-4-70B,constraint_new_conflict_011,1,constraint_new_conflict:template-03,True,True,True,True
NousResearch/Hermes-4-70B,constraint_new_conflict_011,2,constraint_new_conflict:template-03,True,True,True,True
NousResearch/Hermes-4-70B,constraint_new_conflict_012,0,constraint_new_conflict:template-04,True,True,True,True
NousResearch/Hermes-4-70B,constraint_new_conflict_012,1,constraint_new_conflict:template-04,True,True,True,True
NousResearch/Hermes-4-70B,constraint_new_conflict_012,2,constraint_new_conflict:template-04,True,True,True,True
NousResearch/Hermes-4-70B,constraint_new_conflict_013,0,constraint_new_conflict:template-05,True,True,True,True
NousResearch/Hermes-4-70B,constraint_new_conflict_013,1,constraint_new_conflict:template-05,True,True,True,True
NousResearch/Hermes-4-70B,constraint_new_conflict_013,2,constraint_new_conflict:template-05,True,True,True,True
NousResearch/Hermes-4-70B,constraint_new_conflict_014,0,constraint_new_conflict:template-06,True,True,True,True
NousResearch/Hermes-4-70B,constraint_new_conflict_014,1,constraint_new_conflict:template-06,True,True,True,True
NousResearch/Hermes-4-70B,constraint_new_conflict_014,2,constraint_new_conflict:template-06,True,True,True,True
NousResearch/Hermes-4-70B,constraint_new_conflict_015,0,constraint_new_conflict:template-07,True,True,True,True
NousResearch/Hermes-4-70B,constraint_new_conflict_015,1,constraint_new_conflict:template-07,True,True,True,True
NousResearch/Hermes-4-70B,constraint_new_conflict_015,2,constraint_new_conflict:template-07,True,True,True,True
NousResearch/Hermes-4-70B,constraint_new_conflict_016,0,constraint_new_conflict:template-00,True,True,True,True
NousResearch/Hermes-4-70B,constraint_new_conflict_016,1,constraint_new_conflict:template-00,True,True,True,True
NousResearch/Hermes-4-70B,constraint_new_conflict_016,2,constraint_new_conflict:template-00,True,True,True,True
NousResearch/Hermes-4-70B,constraint_new_conflict_017,0,constraint_new_conflict:template-01,True,True,True,True
NousResearch/Hermes-4-70B,constraint_new_conflict_017,1,constraint_new_conflict:template-01,True,True,True,True
NousResearch/Hermes-4-70B,constraint_new_conflict_017,2,constraint_new_conflict:template-01,True,True,True,True
NousResearch/Hermes-4-70B,constraint_new_conflict_018,0,constraint_new_conflict:template-02,True,True,True,True
NousResearch/Hermes-4-70B,constraint_new_conflict_018,1,constraint_new_conflict:template-02,True,True,True,True
NousResearch/Hermes-4-70B,constraint_new_conflict_018,2,constraint_new_conflict:template-02,True,True,True,True
NousResearch/Hermes-4-70B,constraint_new_conflict_019,0,constraint_new_conflict:template-03,True,True,True,True
NousResearch/Hermes-4-70B,constraint_new_conflict_019,1,constraint_new_conflict:template-03,True,True,True,True
NousResearch/Hermes-4-70B,constraint_new_conflict_019,2,constraint_new_conflict:template-03,True,True,True,True
NousResearch/Hermes-4-70B,constraint_new_conflict_020,0,constraint_new_conflict:template-04,True,True,True,True
NousResearch/Hermes-4-70B,constraint_new_conflict_020,1,constraint_new_conflict:template-04,True,True,True,True
NousResearch/Hermes-4-70B,constraint_new_conflict_020,2,constraint_new_conflict:template-04,True,True,True,True
NousResearch/Hermes-4-70B,constraint_new_conflict_021,0,constraint_new_conflict:template-05,True,True,True,True
NousResearch/Hermes-4-70B,constraint_new_conflict_021,1,constraint_new_conflict:template-05,True,True,True,True
NousResearch/Hermes-4-70B,constraint_new_conflict_021,2,constraint_new_conflict:template-05,True,True,True,True
NousResearch/Hermes-4-70B,constraint_new_conflict_022,0,constraint_new_conflict:template-06,True,True,True,True
NousResearch/Hermes-4-70B,constraint_new_conflict_022,1,constraint_new_conflict:template-06,True,True,True,True
NousResearch/Hermes-4-70B,constraint_new_conflict_022,2,constraint_new_conflict:template-06,True,True,True,True
NousResearch/Hermes-4-70B,constraint_new_conflict_023,0,constraint_new_conflict:template-07,True,True,True,True
NousResearch/Hermes-4-70B,constraint_new_conflict_023,1,constraint_new_conflict:template-07,True,True,True,True
NousResearch/Hermes-4-70B,constraint_new_conflict_023,2,constraint_new_conflict:template-07,True,True,True,True
NousResearch/Hermes-4-70B,constraint_new_conflict_024,0,constraint_new_conflict:template-00,True,True,True,True
NousResearch/Hermes-4-70B,constraint_new_conflict_024,1,constraint_new_conflict:template-00,True,True,True,True
NousResearch/Hermes-4-70B,constraint_new_conflict_024,2,constraint_new_conflict:template-00,True,True,True,True
NousResearch/Hermes-4-70B,constraint_new_conflict_025,0,constraint_new_conflict:template-01,True,True,True,True
NousResearch/Hermes-4-70B,constraint_new_conflict_025,1,constraint_new_conflict:template-01,True,True,True,True
NousResearch/Hermes-4-70B,constraint_new_conflict_025,2,constraint_new_conflict:template-01,True,True,True,True
NousResearch/Hermes-4-70B,constraint_new_conflict_026,0,constraint_new_conflict:template-02,True,True,True,True
NousResearch/Hermes-4-70B,constraint_new_conflict_026,1,constraint_new_conflict:template-02,True,True,True,True
NousResearch/Hermes-4-70B,constraint_new_conflict_026,2,constraint_new_conflict:template-02,True,True,True,True
NousResearch/Hermes-4-70B,constraint_new_conflict_027,0,constraint_new_conflict:template-03,True,True,True,True
NousResearch/Hermes-4-70B,constraint_new_conflict_027,1,constraint_new_conflict:template-03,True,True,True,True
NousResearch/Hermes-4-70B,constraint_new_conflict_027,2,constraint_new_conflict:template-03,True,True,True,True
NousResearch/Hermes-4-70B,constraint_new_conflict_028,0,constraint_new_conflict:template-04,True,True,True,True
NousResearch/Hermes-4-70B,constraint_new_conflict_028,1,constraint_new_conflict:template-04,True,True,True,True
NousResearch/Hermes-4-70B,constraint_new_conflict_028,2,constraint_new_conflict:template-04,True,True,True,True
NousResearch/Hermes-4-70B,constraint_new_conflict_029,0,constraint_new_conflict:template-05,True,True,True,True
NousResearch/Hermes-4-70B,constraint_new_conflict_029,1,constraint_new_conflict:template-05,True,True,True,True
NousResearch/Hermes-4-70B,constraint_new_conflict_029,2,constraint_new_conflict:template-05,True,True,True,True
NousResearch/Hermes-4-70B,modifier_add_scoped_000,0,modifier_add_scoped:template-00,True,True,True,True
NousResearch/Hermes-4-70B,modifier_add_scoped_000,1,modifier_add_scoped:template-00,True,True,True,True
NousResearch/Hermes-4-70B,modifier_add_scoped_000,2,modifier_add_scoped:template-00,True,True,True,True
NousResearch/Hermes-4-70B,modifier_add_scoped_001,0,modifier_add_scoped:template-01,True,True,True,True
NousResearch/Hermes-4-70B,modifier_add_scoped_001,1,modifier_add_scoped:template-01,True,True,True,True
NousResearch/Hermes-4-70B,modifier_add_scoped_001,2,modifier_add_scoped:template-01,True,True,True,True
NousResearch/Hermes-4-70B,modifier_add_scoped_002,0,modifier_add_scoped:template-02,True,True,True,True
NousResearch/Hermes-4-70B,modifier_add_scoped_002,1,modifier_add_scoped:template-02,True,True,True,True
NousResearch/Hermes-4-70B,modifier_add_scoped_002,2,modifier_add_scoped:template-02,True,True,True,True
NousResearch/Hermes-4-70B,modifier_add_scoped_003,0,modifier_add_scoped:template-03,True,True,True,True
NousResearch/Hermes-4-70B,modifier_add_scoped_003,1,modifier_add_scoped:template-03,True,True,True,True
NousResearch/Hermes-4-70B,modifier_add_scoped_003,2,modifier_add_scoped:template-03,True,True,True,True
NousResearch/Hermes-4-70B,modifier_add_scoped_004,0,modifier_add_scoped:template-04,True,True,True,True
NousResearch/Hermes-4-70B,modifier_add_scoped_004,1,modifier_add_scoped:template-04,True,True,True,True
NousResearch/Hermes-4-70B,modifier_add_scoped_004,2,modifier_add_scoped:template-04,True,True,True,True
NousResearch/Hermes-4-70B,modifier_add_scoped_005,0,modifier_add_scoped:template-05,True,True,True,True
NousResearch/Hermes-4-70B,modifier_add_scoped_005,1,modifier_add_scoped:template-05,True,True,True,True
NousResearch/Hermes-4-70B,modifier_add_scoped_005,2,modifier_add_scoped:template-05,True,True,True,True
NousResearch/Hermes-4-70B,modifier_add_scoped_006,0,modifier_add_scoped:template-06,True,True,True,True
NousResearch/Hermes-4-70B,modifier_add_scoped_006,1,modifier_add_scoped:template-06,True,True,True,True
NousResearch/Hermes-4-70B,modifier_add_scoped_006,2,modifier_add_scoped:template-06,True,True,True,True
NousResearch/Hermes-4-70B,modifier_add_scoped_007,0,modifier_add_scoped:template-07,True,True,True,True
NousResearch/Hermes-4-70B,modifier_add_scoped_007,1,modifier_add_scoped:template-07,True,True,True,True
NousResearch/Hermes-4-70B,modifier_add_scoped_007,2,modifier_add_scoped:template-07,True,True,True,True
NousResearch/Hermes-4-70B,modifier_add_scoped_008,0,modifier_add_scoped:template-00,True,True,True,True
NousResearch/Hermes-4-70B,modifier_add_scoped_008,1,modifier_add_scoped:template-00,True,True,True,True
NousResearch/Hermes-4-70B,modifier_add_scoped_008,2,modifier_add_scoped:template-00,True,True,True,True
NousResearch/Hermes-4-70B,modifier_add_scoped_009,0,modifier_add_scoped:template-01,True,True,True,True
NousResearch/Hermes-4-70B,modifier_add_scoped_009,1,modifier_add_scoped:template-01,True,True,True,True
NousResearch/Hermes-4-70B,modifier_add_scoped_009,2,modifier_add_scoped:template-01,True,True,True,True
NousResearch/Hermes-4-70B,modifier_add_scoped_010,0,modifier_add_scoped:template-02,True,True,True,True
NousResearch/Hermes-4-70B,modifier_add_scoped_010,1,modifier_add_scoped:template-02,True,True,True,True
NousResearch/Hermes-4-70B,modifier_add_scoped_010,2,modifier_add_scoped:template-02,True,True,True,True
NousResearch/Hermes-4-70B,modifier_add_scoped_011,0,modifier_add_scoped:template-03,True,True,True,True
NousResearch/Hermes-4-70B,modifier_add_scoped_011,1,modifier_add_scoped:template-03,True,True,True,True
NousResearch/Hermes-4-70B,modifier_add_scoped_011,2,modifier_add_scoped:template-03,True,True,True,True
NousResearch/Hermes-4-70B,modifier_add_scoped_012,0,modifier_add_scoped:template-04,True,True,True,True
NousResearch/Hermes-4-70B,modifier_add_scoped_012,1,modifier_add_scoped:template-04,True,True,True,True
NousResearch/Hermes-4-70B,modifier_add_scoped_012,2,modifier_add_scoped:template-04,True,True,True,True
NousResearch/Hermes-4-70B,modifier_add_scoped_013,0,modifier_add_scoped:template-05,True,True,True,True
NousResearch/Hermes-4-70B,modifier_add_scoped_013,1,modifier_add_scoped:template-05,True,True,True,True
NousResearch/Hermes-4-70B,modifier_add_scoped_013,2,modifier_add_scoped:template-05,True,True,True,True
NousResearch/Hermes-4-70B,modifier_add_scoped_014,0,modifier_add_scoped:template-06,True,True,True,True
NousResearch/Hermes-4-70B,modifier_add_scoped_014,1,modifier_add_scoped:template-06,True,True,True,True
NousResearch/Hermes-4-70B,modifier_add_scoped_014,2,modifier_add_scoped:template-06,True,True,True,True
NousResearch/Hermes-4-70B,modifier_add_scoped_015,0,modifier_add_scoped:template-07,True,True,True,True
NousResearch/Hermes-4-70B,modifier_add_scoped_015,1,modifier_add_scoped:template-07,True,True,True,True
NousResearch/Hermes-4-70B,modifier_add_scoped_015,2,modifier_add_scoped:template-07,True,True,True,True
NousResearch/Hermes-4-70B,modifier_add_scoped_016,0,modifier_add_scoped:template-00,True,True,True,True
NousResearch/Hermes-4-70B,modifier_add_scoped_016,1,modifier_add_scoped:template-00,True,True,True,True
NousResearch/Hermes-4-70B,modifier_add_scoped_016,2,modifier_add_scoped:template-00,True,True,True,True
NousResearch/Hermes-4-70B,modifier_add_scoped_017,0,modifier_add_scoped:template-01,True,True,True,True
NousResearch/Hermes-4-70B,modifier_add_scoped_017,1,modifier_add_scoped:template-01,True,True,True,True
NousResearch/Hermes-4-70B,modifier_add_scoped_017,2,modifier_add_scoped:template-01,True,True,True,True
NousResearch/Hermes-4-70B,modifier_add_scoped_018,0,modifier_add_scoped:template-02,True,True,True,True
NousResearch/Hermes-4-70B,modifier_add_scoped_018,1,modifier_add_scoped:template-02,True,True,True,True
NousResearch/Hermes-4-70B,modifier_add_scoped_018,2,modifier_add_scoped:template-02,True,True,True,True
NousResearch/Hermes-4-70B,modifier_add_scoped_019,0,modifier_add_scoped:template-03,True,True,True,True
NousResearch/Hermes-4-70B,modifier_add_scoped_019,1,modifier_add_scoped:template-03,True,True,True,True
NousResearch/Hermes-4-70B,modifier_add_scoped_019,2,modifier_add_scoped:template-03,True,True,True,True
NousResearch/Hermes-4-70B,modifier_add_scoped_020,0,modifier_add_scoped:template-04,True,True,True,True
NousResearch/Hermes-4-70B,modifier_add_scoped_020,1,modifier_add_scoped:template-04,True,True,True,True
NousResearch/Hermes-4-70B,modifier_add_scoped_020,2,modifier_add_scoped:template-04,True,True,True,True
NousResearch/Hermes-4-70B,modifier_add_scoped_021,0,modifier_add_scoped:template-05,True,True,True,True
NousResearch/Hermes-4-70B,modifier_add_scoped_021,1,modifier_add_scoped:template-05,True,True,True,True
NousResearch/Hermes-4-70B,modifier_add_scoped_021,2,modifier_add_scoped:template-05,True,True,True,True
NousResearch/Hermes-4-70B,modifier_add_scoped_022,0,modifier_add_scoped:template-06,True,True,True,True
NousResearch/Hermes-4-70B,modifier_add_scoped_022,1,modifier_add_scoped:template-06,True,True,True,True
NousResearch/Hermes-4-70B,modifier_add_scoped_022,2,modifier_add_scoped:template-06,True,True,True,True
NousResearch/Hermes-4-70B,modifier_add_scoped_023,0,modifier_add_scoped:template-07,True,True,True,True
NousResearch/Hermes-4-70B,modifier_add_scoped_023,1,modifier_add_scoped:template-07,True,True,True,True
NousResearch/Hermes-4-70B,modifier_add_scoped_023,2,modifier_add_scoped:template-07,True,True,True,True
NousResearch/Hermes-4-70B,modifier_add_scoped_024,0,modifier_add_scoped:template-00,True,True,True,True
NousResearch/Hermes-4-70B,modifier_add_scoped_024,1,modifier_add_scoped:template-00,True,True,True,True
NousResearch/Hermes-4-70B,modifier_add_scoped_024,2,modifier_add_scoped:template-00,True,True,True,True
NousResearch/Hermes-4-70B,modifier_add_scoped_025,0,modifier_add_scoped:template-01,True,True,True,True
NousResearch/Hermes-4-70B,modifier_add_scoped_025,1,modifier_add_scoped:template-01,True,True,True,True
NousResearch/Hermes-4-70B,modifier_add_scoped_025,2,modifier_add_scoped:template-01,True,True,True,True
NousResearch/Hermes-4-70B,modifier_add_scoped_026,0,modifier_add_scoped:template-02,True,True,True,True
NousResearch/Hermes-4-70B,modifier_add_scoped_026,1,modifier_add_scoped:template-02,True,True,True,True
NousResearch/Hermes-4-70B,modifier_add_scoped_026,2,modifier_add_scoped:template-02,True,True,True,True
NousResearch/Hermes-4-70B,modifier_add_scoped_027,0,modifier_add_scoped:template-03,True,True,True,True
NousResearch/Hermes-4-70B,modifier_add_scoped_027,1,modifier_add_scoped:template-03,True,True,True,True
NousResearch/Hermes-4-70B,modifier_add_scoped_027,2,modifier_add_scoped:template-03,True,True,True,True
NousResearch/Hermes-4-70B,modifier_add_scoped_028,0,modifier_add_scoped:template-04,True,True,True,True
NousResearch/Hermes-4-70B,modifier_add_scoped_028,1,modifier_add_scoped:template-04,True,True,True,True
NousResearch/Hermes-4-70B,modifier_add_scoped_028,2,modifier_add_scoped:template-04,True,True,True,True
NousResearch/Hermes-4-70B,modifier_add_scoped_029,0,modifier_add_scoped:template-05,True,True,True,True
NousResearch/Hermes-4-70B,modifier_add_scoped_029,1,modifier_add_scoped:template-05,True,True,True,True
NousResearch/Hermes-4-70B,modifier_add_scoped_029,2,modifier_add_scoped:template-05,True,True,True,True
NousResearch/Hermes-4-70B,modifier_reversal_000,0,modifier_reversal:template-00,True,True,True,True
NousResearch/Hermes-4-70B,modifier_reversal_000,1,modifier_reversal:template-00,True,True,True,True
NousResearch/Hermes-4-70B,modifier_reversal_000,2,modifier_reversal:template-00,True,True,True,True
NousResearch/Hermes-4-70B,modifier_reversal_001,0,modifier_reversal:template-01,True,True,True,True
NousResearch/Hermes-4-70B,modifier_reversal_001,1,modifier_reversal:template-01,True,True,True,True
NousResearch/Hermes-4-70B,modifier_reversal_001,2,modifier_reversal:template-01,True,True,True,True
NousResearch/Hermes-4-70B,modifier_reversal_002,0,modifier_reversal:template-02,True,True,True,True
NousResearch/Hermes-4-70B,modifier_reversal_002,1,modifier_reversal:template-02,True,True,True,True
NousResearch/Hermes-4-70B,modifier_reversal_002,2,modifier_reversal:template-02,True,True,True,True
NousResearch/Hermes-4-70B,modifier_reversal_003,0,modifier_reversal:template-03,True,True,True,True
NousResearch/Hermes-4-70B,modifier_reversal_003,1,modifier_reversal:template-03,True,True,True,True
NousResearch/Hermes-4-70B,modifier_reversal_003,2,modifier_reversal:template-03,True,True,True,True
NousResearch/Hermes-4-70B,modifier_reversal_004,0,modifier_reversal:template-04,True,True,True,True
NousResearch/Hermes-4-70B,modifier_reversal_004,1,modifier_reversal:template-04,True,True,True,True
NousResearch/Hermes-4-70B,modifier_reversal_004,2,modifier_reversal:template-04,True,True,True,True
NousResearch/Hermes-4-70B,modifier_reversal_005,0,modifier_reversal:template-05,True,True,True,True
NousResearch/Hermes-4-70B,modifier_reversal_005,1,modifier_reversal:template-05,True,True,True,True
NousResearch/Hermes-4-70B,modifier_reversal_005,2,modifier_reversal:template-05,True,True,True,True
NousResearch/Hermes-4-70B,modifier_reversal_006,0,modifier_reversal:template-06,True,True,True,True
NousResearch/Hermes-4-70B,modifier_reversal_006,1,modifier_reversal:template-06,True,True,True,True
NousResearch/Hermes-4-70B,modifier_reversal_006,2,modifier_reversal:template-06,True,True,True,True
NousResearch/Hermes-4-70B,modifier_reversal_007,0,modifier_reversal:template-07,True,True,True,True
NousResearch/Hermes-4-70B,modifier_reversal_007,1,modifier_reversal:template-07,True,True,True,True
NousResearch/Hermes-4-70B,modifier_reversal_007,2,modifier_reversal:template-07,True,True,True,True
NousResearch/Hermes-4-70B,modifier_reversal_008,0,modifier_reversal:template-00,True,True,True,True
NousResearch/Hermes-4-70B,modifier_reversal_008,1,modifier_reversal:template-00,True,True,True,True
NousResearch/Hermes-4-70B,modifier_reversal_008,2,modifier_reversal:template-00,True,True,True,True
NousResearch/Hermes-4-70B,modifier_reversal_009,0,modifier_reversal:template-01,True,True,True,True
NousResearch/Hermes-4-70B,modifier_reversal_009,1,modifier_reversal:template-01,True,True,True,True
NousResearch/Hermes-4-70B,modifier_reversal_009,2,modifier_reversal:template-01,True,True,True,True
NousResearch/Hermes-4-70B,modifier_reversal_010,0,modifier_reversal:template-02,True,True,True,True
NousResearch/Hermes-4-70B,modifier_reversal_010,1,modifier_reversal:template-02,True,True,True,True
NousResearch/Hermes-4-70B,modifier_reversal_010,2,modifier_reversal:template-02,True,True,True,True
NousResearch/Hermes-4-70B,modifier_reversal_011,0,modifier_reversal:template-03,True,True,True,True
NousResearch/Hermes-4-70B,modifier_reversal_011,1,modifier_reversal:template-03,True,True,True,True
NousResearch/Hermes-4-70B,modifier_reversal_011,2,modifier_reversal:template-03,True,True,True,True
NousResearch/Hermes-4-70B,modifier_reversal_012,0,modifier_reversal:template-04,True,True,True,True
NousResearch/Hermes-4-70B,modifier_reversal_012,1,modifier_reversal:template-04,True,True,True,True
NousResearch/Hermes-4-70B,modifier_reversal_012,2,modifier_reversal:template-04,True,True,True,True
NousResearch/Hermes-4-70B,modifier_reversal_013,0,modifier_reversal:template-05,True,True,True,True
NousResearch/Hermes-4-70B,modifier_reversal_013,1,modifier_reversal:template-05,True,True,True,True
NousResearch/Hermes-4-70B,modifier_reversal_013,2,modifier_reversal:template-05,True,True,True,True
NousResearch/Hermes-4-70B,modifier_reversal_014,0,modifier_reversal:template-06,True,True,True,True
NousResearch/Hermes-4-70B,modifier_reversal_014,1,modifier_reversal:template-06,True,True,True,True
NousResearch/Hermes-4-70B,modifier_reversal_014,2,modifier_reversal:template-06,True,True,True,True
NousResearch/Hermes-4-70B,modifier_reversal_015,0,modifier_reversal:template-07,True,True,True,True
NousResearch/Hermes-4-70B,modifier_reversal_015,1,modifier_reversal:template-07,True,True,True,True
NousResearch/Hermes-4-70B,modifier_reversal_015,2,modifier_reversal:template-07,True,True,True,True
NousResearch/Hermes-4-70B,modifier_reversal_016,0,modifier_reversal:template-00,True,True,True,True
NousResearch/Hermes-4-70B,modifier_reversal_016,1,modifier_reversal:template-00,True,True,True,True
NousResearch/Hermes-4-70B,modifier_reversal_016,2,modifier_reversal:template-00,True,True,True,True
NousResearch/Hermes-4-70B,modifier_reversal_017,0,modifier_reversal:template-01,True,True,True,True
NousResearch/Hermes-4-70B,modifier_reversal_017,1,modifier_reversal:template-01,True,True,True,True
NousResearch/Hermes-4-70B,modifier_reversal_017,2,modifier_reversal:template-01,True,True,True,True
NousResearch/Hermes-4-70B,modifier_reversal_018,0,modifier_reversal:template-02,True,True,True,True
NousResearch/Hermes-4-70B,modifier_reversal_018,1,modifier_reversal:template-02,True,True,True,True
NousResearch/Hermes-4-70B,modifier_reversal_018,2,modifier_reversal:template-02,True,True,True,True
NousResearch/Hermes-4-70B,modifier_reversal_019,0,modifier_reversal:template-03,True,True,True,True
NousResearch/Hermes-4-70B,modifier_reversal_019,1,modifier_reversal:template-03,True,True,True,True
NousResearch/Hermes-4-70B,modifier_reversal_019,2,modifier_reversal:template-03,True,True,True,True
NousResearch/Hermes-4-70B,modifier_reversal_020,0,modifier_reversal:template-04,True,True,True,True
NousResearch/Hermes-4-70B,modifier_reversal_020,1,modifier_reversal:template-04,True,True,True,True
NousResearch/Hermes-4-70B,modifier_reversal_020,2,modifier_reversal:template-04,True,True,True,True
NousResearch/Hermes-4-70B,modifier_reversal_021,0,modifier_reversal:template-05,True,True,True,True
NousResearch/Hermes-4-70B,modifier_reversal_021,1,modifier_reversal:template-05,True,True,True,True
NousResearch/Hermes-4-70B,modifier_reversal_021,2,modifier_reversal:template-05,True,True,True,True
NousResearch/Hermes-4-70B,modifier_reversal_022,0,modifier_reversal:template-06,True,True,True,True
NousResearch/Hermes-4-70B,modifier_reversal_022,1,modifier_reversal:template-06,True,True,True,True
NousResearch/Hermes-4-70B,modifier_reversal_022,2,modifier_reversal:template-06,True,True,True,True
NousResearch/Hermes-4-70B,modifier_reversal_023,0,modifier_reversal:template-07,True,True,True,True
NousResearch/Hermes-4-70B,modifier_reversal_023,1,modifier_reversal:template-07,True,True,True,True
NousResearch/Hermes-4-70B,modifier_reversal_023,2,modifier_reversal:template-07,True,True,True,True
NousResearch/Hermes-4-70B,modifier_reversal_024,0,modifier_reversal:template-00,True,True,True,True
NousResearch/Hermes-4-70B,modifier_reversal_024,1,modifier_reversal:template-00,True,True,True,True
NousResearch/Hermes-4-70B,modifier_reversal_024,2,modifier_reversal:template-00,True,True,True,True
NousResearch/Hermes-4-70B,modifier_reversal_025,0,modifier_reversal:template-01,True,True,True,True
NousResearch/Hermes-4-70B,modifier_reversal_025,1,modifier_reversal:template-01,True,True,True,True
NousResearch/Hermes-4-70B,modifier_reversal_025,2,modifier_reversal:template-01,True,True,True,True
NousResearch/Hermes-4-70B,modifier_reversal_026,0,modifier_reversal:template-02,True,True,True,True
NousResearch/Hermes-4-70B,modifier_reversal_026,1,modifier_reversal:template-02,True,True,True,True
NousResearch/Hermes-4-70B,modifier_reversal_026,2,modifier_reversal:template-02,True,True,True,True
NousResearch/Hermes-4-70B,modifier_reversal_027,0,modifier_reversal:template-03,True,True,True,True
NousResearch/Hermes-4-70B,modifier_reversal_027,1,modifier_reversal:template-03,True,True,True,True
NousResearch/Hermes-4-70B,modifier_reversal_027,2,modifier_reversal:template-03,True,True,True,True
NousResearch/Hermes-4-70B,modifier_reversal_028,0,modifier_reversal:template-04,True,True,True,True
NousResearch/Hermes-4-70B,modifier_reversal_028,1,modifier_reversal:template-04,True,True,True,True
NousResearch/Hermes-4-70B,modifier_reversal_028,2,modifier_reversal:template-04,True,True,True,True
NousResearch/Hermes-4-70B,modifier_reversal_029,0,modifier_reversal:template-05,True,True,True,True
NousResearch/Hermes-4-70B,modifier_reversal_029,1,modifier_reversal:template-05,True,True,True,True
NousResearch/Hermes-4-70B,modifier_reversal_029,2,modifier_reversal:template-05,True,True,True,True
NousResearch/Hermes-4-70B,quantity_decrease_000,0,quantity_decrease:template-00,True,True,True,True
NousResearch/Hermes-4-70B,quantity_decrease_000,1,quantity_decrease:template-00,True,True,True,True
NousResearch/Hermes-4-70B,quantity_decrease_000,2,quantity_decrease:template-00,True,True,True,True
NousResearch/Hermes-4-70B,quantity_decrease_001,0,quantity_decrease:template-01,True,True,True,True
NousResearch/Hermes-4-70B,quantity_decrease_001,1,quantity_decrease:template-01,True,True,True,True
NousResearch/Hermes-4-70B,quantity_decrease_001,2,quantity_decrease:template-01,True,True,True,True
NousResearch/Hermes-4-70B,quantity_decrease_002,0,quantity_decrease:template-02,True,True,True,True
NousResearch/Hermes-4-70B,quantity_decrease_002,1,quantity_decrease:template-02,True,True,True,True
NousResearch/Hermes-4-70B,quantity_decrease_002,2,quantity_decrease:template-02,True,True,True,True
NousResearch/Hermes-4-70B,quantity_decrease_003,0,quantity_decrease:template-03,True,True,True,True
NousResearch/Hermes-4-70B,quantity_decrease_003,1,quantity_decrease:template-03,True,True,True,True
NousResearch/Hermes-4-70B,quantity_decrease_003,2,quantity_decrease:template-03,True,True,True,True
NousResearch/Hermes-4-70B,quantity_decrease_004,0,quantity_decrease:template-04,True,True,True,True
NousResearch/Hermes-4-70B,quantity_decrease_004,1,quantity_decrease:template-04,True,True,True,True
NousResearch/Hermes-4-70B,quantity_decrease_004,2,quantity_decrease:template-04,True,True,True,True
NousResearch/Hermes-4-70B,quantity_decrease_005,0,quantity_decrease:template-05,True,True,True,True
NousResearch/Hermes-4-70B,quantity_decrease_005,1,quantity_decrease:template-05,True,True,True,True
NousResearch/Hermes-4-70B,quantity_decrease_005,2,quantity_decrease:template-05,True,True,True,True
NousResearch/Hermes-4-70B,quantity_decrease_006,0,quantity_decrease:template-06,True,True,True,True
NousResearch/Hermes-4-70B,quantity_decrease_006,1,quantity_decrease:template-06,True,True,True,True
NousResearch/Hermes-4-70B,quantity_decrease_006,2,quantity_decrease:template-06,True,True,True,True
NousResearch/Hermes-4-70B,quantity_decrease_007,0,quantity_decrease:template-07,True,True,True,True
NousResearch/Hermes-4-70B,quantity_decrease_007,1,quantity_decrease:template-07,True,True,True,True
NousResearch/Hermes-4-70B,quantity_decrease_007,2,quantity_decrease:template-07,True,True,True,True
NousResearch/Hermes-4-70B,quantity_decrease_008,0,quantity_decrease:template-00,True,True,True,True
NousResearch/Hermes-4-70B,quantity_decrease_008,1,quantity_decrease:template-00,True,True,True,True
NousResearch/Hermes-4-70B,quantity_decrease_008,2,quantity_decrease:template-00,True,True,True,True
NousResearch/Hermes-4-70B,quantity_decrease_009,0,quantity_decrease:template-01,True,True,True,True
NousResearch/Hermes-4-70B,quantity_decrease_009,1,quantity_decrease:template-01,True,True,True,True
NousResearch/Hermes-4-70B,quantity_decrease_009,2,quantity_decrease:template-01,True,True,True,True
NousResearch/Hermes-4-70B,quantity_decrease_010,0,quantity_decrease:template-02,True,True,True,True
NousResearch/Hermes-4-70B,quantity_decrease_010,1,quantity_decrease:template-02,True,True,True,True
NousResearch/Hermes-4-70B,quantity_decrease_010,2,quantity_decrease:template-02,True,True,True,True
NousResearch/Hermes-4-70B,quantity_decrease_011,0,quantity_decrease:template-03,True,True,True,True
NousResearch/Hermes-4-70B,quantity_decrease_011,1,quantity_decrease:template-03,True,True,True,True
NousResearch/Hermes-4-70B,quantity_decrease_011,2,quantity_decrease:template-03,True,True,True,True
NousResearch/Hermes-4-70B,quantity_decrease_012,0,quantity_decrease:template-04,True,True,True,True
NousResearch/Hermes-4-70B,quantity_decrease_012,1,quantity_decrease:template-04,True,True,True,True
NousResearch/Hermes-4-70B,quantity_decrease_012,2,quantity_decrease:template-04,True,True,True,True
NousResearch/Hermes-4-70B,quantity_decrease_013,0,quantity_decrease:template-05,True,True,True,True
NousResearch/Hermes-4-70B,quantity_decrease_013,1,quantity_decrease:template-05,True,True,True,True
NousResearch/Hermes-4-70B,quantity_decrease_013,2,quantity_decrease:template-05,True,True,True,True
NousResearch/Hermes-4-70B,quantity_decrease_014,0,quantity_decrease:template-06,True,True,True,True
NousResearch/Hermes-4-70B,quantity_decrease_014,1,quantity_decrease:template-06,True,True,True,True
NousResearch/Hermes-4-70B,quantity_decrease_014,2,quantity_decrease:template-06,True,True,True,True
NousResearch/Hermes-4-70B,quantity_decrease_015,0,quantity_decrease:template-07,True,True,True,True
NousResearch/Hermes-4-70B,quantity_decrease_015,1,quantity_decrease:template-07,True,True,True,True
NousResearch/Hermes-4-70B,quantity_decrease_015,2,quantity_decrease:template-07,True,True,True,True
NousResearch/Hermes-4-70B,quantity_decrease_016,0,quantity_decrease:template-00,True,True,True,True
NousResearch/Hermes-4-70B,quantity_decrease_016,1,quantity_decrease:template-00,True,True,True,True
NousResearch/Hermes-4-70B,quantity_decrease_016,2,quantity_decrease:template-00,True,True,True,True
NousResearch/Hermes-4-70B,quantity_decrease_017,0,quantity_decrease:template-01,True,True,True,True
NousResearch/Hermes-4-70B,quantity_decrease_017,1,quantity_decrease:template-01,True,True,True,True
NousResearch/Hermes-4-70B,quantity_decrease_017,2,quantity_decrease:template-01,True,True,True,True
NousResearch/Hermes-4-70B,quantity_decrease_018,0,quantity_decrease:template-02,True,True,True,True
NousResearch/Hermes-4-70B,quantity_decrease_018,1,quantity_decrease:template-02,True,True,True,True
NousResearch/Hermes-4-70B,quantity_decrease_018,2,quantity_decrease:template-02,True,True,True,True
NousResearch/Hermes-4-70B,quantity_decrease_019,0,quantity_decrease:template-03,True,True,True,True
NousResearch/Hermes-4-70B,quantity_decrease_019,1,quantity_decrease:template-03,True,True,True,True
NousResearch/Hermes-4-70B,quantity_decrease_019,2,quantity_decrease:template-03,True,True,True,True
NousResearch/Hermes-4-70B,quantity_decrease_020,0,quantity_decrease:template-04,True,True,True,True
NousResearch/Hermes-4-70B,quantity_decrease_020,1,quantity_decrease:template-04,True,True,True,True
NousResearch/Hermes-4-70B,quantity_decrease_020,2,quantity_decrease:template-04,True,True,True,True
NousResearch/Hermes-4-70B,quantity_decrease_021,0,quantity_decrease:template-05,True,True,True,True
NousResearch/Hermes-4-70B,quantity_decrease_021,1,quantity_decrease:template-05,True,True,True,True
NousResearch/Hermes-4-70B,quantity_decrease_021,2,quantity_decrease:template-05,True,True,True,True
NousResearch/Hermes-4-70B,quantity_decrease_022,0,quantity_decrease:template-06,True,True,True,True
NousResearch/Hermes-4-70B,quantity_decrease_022,1,quantity_decrease:template-06,True,True,True,True
NousResearch/Hermes-4-70B,quantity_decrease_022,2,quantity_decrease:template-06,True,True,True,True
NousResearch/Hermes-4-70B,quantity_decrease_023,0,quantity_decrease:template-07,True,True,True,True
NousResearch/Hermes-4-70B,quantity_decrease_023,1,quantity_decrease:template-07,True,True,True,True
NousResearch/Hermes-4-70B,quantity_decrease_023,2,quantity_decrease:template-07,True,True,True,True
NousResearch/Hermes-4-70B,quantity_decrease_024,0,quantity_decrease:template-00,True,True,True,True
NousResearch/Hermes-4-70B,quantity_decrease_024,1,quantity_decrease:template-00,True,True,True,True
NousResearch/Hermes-4-70B,quantity_decrease_024,2,quantity_decrease:template-00,True,True,True,True
NousResearch/Hermes-4-70B,quantity_decrease_025,0,quantity_decrease:template-01,True,True,True,True
NousResearch/Hermes-4-70B,quantity_decrease_025,1,quantity_decrease:template-01,True,True,True,True
NousResearch/Hermes-4-70B,quantity_decrease_025,2,quantity_decrease:template-01,True,True,True,True
NousResearch/Hermes-4-70B,quantity_decrease_026,0,quantity_decrease:template-02,True,True,True,True
NousResearch/Hermes-4-70B,quantity_decrease_026,1,quantity_decrease:template-02,True,True,True,True
NousResearch/Hermes-4-70B,quantity_decrease_026,2,quantity_decrease:template-02,True,True,True,True
NousResearch/Hermes-4-70B,quantity_decrease_027,0,quantity_decrease:template-03,True,True,True,True
NousResearch/Hermes-4-70B,quantity_decrease_027,1,quantity_decrease:template-03,True,True,True,True
NousResearch/Hermes-4-70B,quantity_decrease_027,2,quantity_decrease:template-03,True,True,True,True
NousResearch/Hermes-4-70B,quantity_decrease_028,0,quantity_decrease:template-04,True,True,True,True
NousResearch/Hermes-4-70B,quantity_decrease_028,1,quantity_decrease:template-04,True,True,True,True
NousResearch/Hermes-4-70B,quantity_decrease_028,2,quantity_decrease:template-04,True,True,True,True
NousResearch/Hermes-4-70B,quantity_decrease_029,0,quantity_decrease:template-05,True,True,True,True
NousResearch/Hermes-4-70B,quantity_decrease_029,1,quantity_decrease:template-05,True,True,True,True
NousResearch/Hermes-4-70B,quantity_decrease_029,2,quantity_decrease:template-05,True,True,True,True
NousResearch/Hermes-4-70B,quantity_increase_000,0,quantity_increase:template-00,True,True,True,True
NousResearch/Hermes-4-70B,quantity_increase_000,1,quantity_increase:template-00,True,True,True,True
NousResearch/Hermes-4-70B,quantity_increase_000,2,quantity_increase:template-00,True,True,True,True
NousResearch/Hermes-4-70B,quantity_increase_001,0,quantity_increase:template-01,True,True,True,True
NousResearch/Hermes-4-70B,quantity_increase_001,1,quantity_increase:template-01,True,True,True,True
NousResearch/Hermes-4-70B,quantity_increase_001,2,quantity_increase:template-01,True,True,True,True
NousResearch/Hermes-4-70B,quantity_increase_002,0,quantity_increase:template-02,True,True,True,True
NousResearch/Hermes-4-70B,quantity_increase_002,1,quantity_increase:template-02,True,True,True,True
NousResearch/Hermes-4-70B,quantity_increase_002,2,quantity_increase:template-02,True,True,True,True
NousResearch/Hermes-4-70B,quantity_increase_003,0,quantity_increase:template-03,True,True,True,True
NousResearch/Hermes-4-70B,quantity_increase_003,1,quantity_increase:template-03,True,True,True,True
NousResearch/Hermes-4-70B,quantity_increase_003,2,quantity_increase:template-03,True,True,True,True
NousResearch/Hermes-4-70B,quantity_increase_004,0,quantity_increase:template-04,True,True,True,True
NousResearch/Hermes-4-70B,quantity_increase_004,1,quantity_increase:template-04,True,True,True,True
NousResearch/Hermes-4-70B,quantity_increase_004,2,quantity_increase:template-04,True,True,True,True
NousResearch/Hermes-4-70B,quantity_increase_005,0,quantity_increase:template-05,True,True,True,True
NousResearch/Hermes-4-70B,quantity_increase_005,1,quantity_increase:template-05,True,True,True,True
NousResearch/Hermes-4-70B,quantity_increase_005,2,quantity_increase:template-05,True,True,True,True
NousResearch/Hermes-4-70B,quantity_increase_006,0,quantity_increase:template-06,True,True,True,True
NousResearch/Hermes-4-70B,quantity_increase_006,1,quantity_increase:template-06,True,True,True,True
NousResearch/Hermes-4-70B,quantity_increase_006,2,quantity_increase:template-06,True,True,True,True
NousResearch/Hermes-4-70B,quantity_increase_007,0,quantity_increase:template-07,True,True,True,True
NousResearch/Hermes-4-70B,quantity_increase_007,1,quantity_increase:template-07,True,True,True,True
NousResearch/Hermes-4-70B,quantity_increase_007,2,quantity_increase:template-07,True,True,True,True
NousResearch/Hermes-4-70B,quantity_increase_008,0,quantity_increase:template-00,True,True,True,True
NousResearch/Hermes-4-70B,quantity_increase_008,1,quantity_increase:template-00,True,True,True,True
NousResearch/Hermes-4-70B,quantity_increase_008,2,quantity_increase:template-00,True,True,True,True
NousResearch/Hermes-4-70B,quantity_increase_009,0,quantity_increase:template-01,True,True,True,True
NousResearch/Hermes-4-70B,quantity_increase_009,1,quantity_increase:template-01,True,True,True,True
NousResearch/Hermes-4-70B,quantity_increase_009,2,quantity_increase:template-01,True,True,True,True
NousResearch/Hermes-4-70B,quantity_increase_010,0,quantity_increase:template-02,True,True,True,True
NousResearch/Hermes-4-70B,quantity_increase_010,1,quantity_increase:template-02,True,True,True,True
NousResearch/Hermes-4-70B,quantity_increase_010,2,quantity_increase:template-02,True,True,True,True
NousResearch/Hermes-4-70B,quantity_increase_011,0,quantity_increase:template-03,True,True,True,True
NousResearch/Hermes-4-70B,quantity_increase_011,1,quantity_increase:template-03,True,True,True,True
NousResearch/Hermes-4-70B,quantity_increase_011,2,quantity_increase:template-03,True,True,True,True
NousResearch/Hermes-4-70B,quantity_increase_012,0,quantity_increase:template-04,True,True,True,True
NousResearch/Hermes-4-70B,quantity_increase_012,1,quantity_increase:template-04,True,True,True,True
NousResearch/Hermes-4-70B,quantity_increase_012,2,quantity_increase:template-04,True,True,True,True
NousResearch/Hermes-4-70B,quantity_increase_013,0,quantity_increase:template-05,True,True,True,True
NousResearch/Hermes-4-70B,quantity_increase_013,1,quantity_increase:template-05,True,True,True,True
NousResearch/Hermes-4-70B,quantity_increase_013,2,quantity_increase:template-05,True,True,True,True
NousResearch/Hermes-4-70B,quantity_increase_014,0,quantity_increase:template-06,True,True,True,True
NousResearch/Hermes-4-70B,quantity_increase_014,1,quantity_increase:template-06,True,True,True,True
NousResearch/Hermes-4-70B,quantity_increase_014,2,quantity_increase:template-06,True,True,True,True
NousResearch/Hermes-4-70B,quantity_increase_015,0,quantity_increase:template-07,True,True,True,True
NousResearch/Hermes-4-70B,quantity_increase_015,1,quantity_increase:template-07,True,True,True,True
NousResearch/Hermes-4-70B,quantity_increase_015,2,quantity_increase:template-07,True,True,True,True
NousResearch/Hermes-4-70B,quantity_increase_016,0,quantity_increase:template-00,True,True,True,True
NousResearch/Hermes-4-70B,quantity_increase_016,1,quantity_increase:template-00,True,True,True,True
NousResearch/Hermes-4-70B,quantity_increase_016,2,quantity_increase:template-00,True,True,True,True
NousResearch/Hermes-4-70B,quantity_increase_017,0,quantity_increase:template-01,True,True,True,True
NousResearch/Hermes-4-70B,quantity_increase_017,1,quantity_increase:template-01,True,True,True,True
NousResearch/Hermes-4-70B,quantity_increase_017,2,quantity_increase:template-01,True,True,True,True
NousResearch/Hermes-4-70B,quantity_increase_018,0,quantity_increase:template-02,True,True,True,True
NousResearch/Hermes-4-70B,quantity_increase_018,1,quantity_increase:template-02,True,True,True,True
NousResearch/Hermes-4-70B,quantity_increase_018,2,quantity_increase:template-02,True,True,True,True
NousResearch/Hermes-4-70B,quantity_increase_019,0,quantity_increase:template-03,True,True,True,True
NousResearch/Hermes-4-70B,quantity_increase_019,1,quantity_increase:template-03,True,True,True,True
NousResearch/Hermes-4-70B,quantity_increase_019,2,quantity_increase:template-03,True,True,True,True
NousResearch/Hermes-4-70B,quantity_increase_020,0,quantity_increase:template-04,True,True,True,True
NousResearch/Hermes-4-70B,quantity_increase_020,1,quantity_increase:template-04,True,True,True,True
NousResearch/Hermes-4-70B,quantity_increase_020,2,quantity_increase:template-04,True,True,True,True
NousResearch/Hermes-4-70B,quantity_increase_021,0,quantity_increase:template-05,True,True,True,True
NousResearch/Hermes-4-70B,quantity_increase_021,1,quantity_increase:template-05,True,True,True,True
NousResearch/Hermes-4-70B,quantity_increase_021,2,quantity_increase:template-05,True,True,True,True
NousResearch/Hermes-4-70B,quantity_increase_022,0,quantity_increase:template-06,True,True,True,True
NousResearch/Hermes-4-70B,quantity_increase_022,1,quantity_increase:template-06,True,True,True,True
NousResearch/Hermes-4-70B,quantity_increase_022,2,quantity_increase:template-06,True,True,True,True
NousResearch/Hermes-4-70B,quantity_increase_023,0,quantity_increase:template-07,True,True,True,True
NousResearch/Hermes-4-70B,quantity_increase_023,1,quantity_increase:template-07,True,True,True,True
NousResearch/Hermes-4-70B,quantity_increase_023,2,quantity_increase:template-07,True,True,True,True
NousResearch/Hermes-4-70B,quantity_increase_024,0,quantity_increase:template-00,True,True,True,True
NousResearch/Hermes-4-70B,quantity_increase_024,1,quantity_increase:template-00,True,True,True,True
NousResearch/Hermes-4-70B,quantity_increase_024,2,quantity_increase:template-00,True,True,True,True
NousResearch/Hermes-4-70B,quantity_increase_025,0,quantity_increase:template-01,True,True,True,True
NousResearch/Hermes-4-70B,quantity_increase_025,1,quantity_increase:template-01,True,True,True,True
NousResearch/Hermes-4-70B,quantity_increase_025,2,quantity_increase:template-01,True,True,True,True
NousResearch/Hermes-4-70B,quantity_increase_026,0,quantity_increase:template-02,True,True,True,True
NousResearch/Hermes-4-70B,quantity_increase_026,1,quantity_increase:template-02,True,True,True,True
NousResearch/Hermes-4-70B,quantity_increase_026,2,quantity_increase:template-02,True,True,True,True
NousResearch/Hermes-4-70B,quantity_increase_027,0,quantity_increase:template-03,True,True,True,True
NousResearch/Hermes-4-70B,quantity_increase_027,1,quantity_increase:template-03,True,True,True,True
NousResearch/Hermes-4-70B,quantity_increase_027,2,quantity_increase:template-03,True,True,True,True
NousResearch/Hermes-4-70B,quantity_increase_028,0,quantity_increase:template-04,True,True,True,True
NousResearch/Hermes-4-70B,quantity_increase_028,1,quantity_increase:template-04,True,True,True,True
NousResearch/Hermes-4-70B,quantity_increase_028,2,quantity_increase:template-04,True,True,True,True
NousResearch/Hermes-4-70B,quantity_increase_029,0,quantity_increase:template-05,True,True,True,True
NousResearch/Hermes-4-70B,quantity_increase_029,1,quantity_increase:template-05,True,True,True,True
NousResearch/Hermes-4-70B,quantity_increase_029,2,quantity_increase:template-05,True,True,True,True
NousResearch/Hermes-4-70B,remove_scoped_duplicate_000,0,remove_scoped_duplicate:template-00,True,True,True,True
NousResearch/Hermes-4-70B,remove_scoped_duplicate_000,1,remove_scoped_duplicate:template-00,True,True,True,True
NousResearch/Hermes-4-70B,remove_scoped_duplicate_000,2,remove_scoped_duplicate:template-00,True,True,True,True
NousResearch/Hermes-4-70B,remove_scoped_duplicate_001,0,remove_scoped_duplicate:template-01,True,True,True,True
NousResearch/Hermes-4-70B,remove_scoped_duplicate_001,1,remove_scoped_duplicate:template-01,True,True,True,True
NousResearch/Hermes-4-70B,remove_scoped_duplicate_001,2,remove_scoped_duplicate:template-01,True,True,True,True
NousResearch/Hermes-4-70B,remove_scoped_duplicate_002,0,remove_scoped_duplicate:template-02,True,True,True,True
NousResearch/Hermes-4-70B,remove_scoped_duplicate_002,1,remove_scoped_duplicate:template-02,True,True,True,True
NousResearch/Hermes-4-70B,remove_scoped_duplicate_002,2,remove_scoped_duplicate:template-02,True,True,True,True
NousResearch/Hermes-4-70B,remove_scoped_duplicate_003,0,remove_scoped_duplicate:template-03,True,True,True,True
NousResearch/Hermes-4-70B,remove_scoped_duplicate_003,1,remove_scoped_duplicate:template-03,True,True,True,True
NousResearch/Hermes-4-70B,remove_scoped_duplicate_003,2,remove_scoped_duplicate:template-03,True,True,True,True
NousResearch/Hermes-4-70B,remove_scoped_duplicate_004,0,remove_scoped_duplicate:template-04,True,True,True,True
NousResearch/Hermes-4-70B,remove_scoped_duplicate_004,1,remove_scoped_duplicate:template-04,True,True,True,True
NousResearch/Hermes-4-70B,remove_scoped_duplicate_004,2,remove_scoped_duplicate:template-04,True,True,True,True
NousResearch/Hermes-4-70B,remove_scoped_duplicate_005,0,remove_scoped_duplicate:template-05,True,True,True,True
NousResearch/Hermes-4-70B,remove_scoped_duplicate_005,1,remove_scoped_duplicate:template-05,True,True,True,True
NousResearch/Hermes-4-70B,remove_scoped_duplicate_005,2,remove_scoped_duplicate:template-05,True,True,True,True
NousResearch/Hermes-4-70B,remove_scoped_duplicate_006,0,remove_scoped_duplicate:template-06,True,True,True,True
NousResearch/Hermes-4-70B,remove_scoped_duplicate_006,1,remove_scoped_duplicate:template-06,True,True,True,True
NousResearch/Hermes-4-70B,remove_scoped_duplicate_006,2,remove_scoped_duplicate:template-06,True,True,True,True
NousResearch/Hermes-4-70B,remove_scoped_duplicate_007,0,remove_scoped_duplicate:template-07,True,True,True,True
NousResearch/Hermes-4-70B,remove_scoped_duplicate_007,1,remove_scoped_duplicate:template-07,True,True,True,True
NousResearch/Hermes-4-70B,remove_scoped_duplicate_007,2,remove_scoped_duplicate:template-07,True,True,True,True
NousResearch/Hermes-4-70B,remove_scoped_duplicate_008,0,remove_scoped_duplicate:template-00,True,True,True,True
NousResearch/Hermes-4-70B,remove_scoped_duplicate_008,1,remove_scoped_duplicate:template-00,True,True,True,True
NousResearch/Hermes-4-70B,remove_scoped_duplicate_008,2,remove_scoped_duplicate:template-00,True,True,True,True
NousResearch/Hermes-4-70B,remove_scoped_duplicate_009,0,remove_scoped_duplicate:template-01,True,True,True,True
NousResearch/Hermes-4-70B,remove_scoped_duplicate_009,1,remove_scoped_duplicate:template-01,True,True,True,True
NousResearch/Hermes-4-70B,remove_scoped_duplicate_009,2,remove_scoped_duplicate:template-01,True,True,True,True
NousResearch/Hermes-4-70B,remove_scoped_duplicate_010,0,remove_scoped_duplicate:template-02,True,True,True,True
NousResearch/Hermes-4-70B,remove_scoped_duplicate_010,1,remove_scoped_duplicate:template-02,True,True,True,True
NousResearch/Hermes-4-70B,remove_scoped_duplicate_010,2,remove_scoped_duplicate:template-02,True,True,True,True
NousResearch/Hermes-4-70B,remove_scoped_duplicate_011,0,remove_scoped_duplicate:template-03,True,True,True,True
NousResearch/Hermes-4-70B,remove_scoped_duplicate_011,1,remove_scoped_duplicate:template-03,True,True,True,True
NousResearch/Hermes-4-70B,remove_scoped_duplicate_011,2,remove_scoped_duplicate:template-03,True,True,True,True
NousResearch/Hermes-4-70B,remove_scoped_duplicate_012,0,remove_scoped_duplicate:template-04,True,True,True,True
NousResearch/Hermes-4-70B,remove_scoped_duplicate_012,1,remove_scoped_duplicate:template-04,True,True,True,True
NousResearch/Hermes-4-70B,remove_scoped_duplicate_012,2,remove_scoped_duplicate:template-04,True,True,True,True
NousResearch/Hermes-4-70B,remove_scoped_duplicate_013,0,remove_scoped_duplicate:template-05,True,True,True,True
NousResearch/Hermes-4-70B,remove_scoped_duplicate_013,1,remove_scoped_duplicate:template-05,True,True,True,True
NousResearch/Hermes-4-70B,remove_scoped_duplicate_013,2,remove_scoped_duplicate:template-05,True,True,True,True
NousResearch/Hermes-4-70B,remove_scoped_duplicate_014,0,remove_scoped_duplicate:template-06,True,True,True,True
NousResearch/Hermes-4-70B,remove_scoped_duplicate_014,1,remove_scoped_duplicate:template-06,True,True,True,True
NousResearch/Hermes-4-70B,remove_scoped_duplicate_014,2,remove_scoped_duplicate:template-06,True,True,True,True
NousResearch/Hermes-4-70B,remove_scoped_duplicate_015,0,remove_scoped_duplicate:template-07,True,True,True,True
NousResearch/Hermes-4-70B,remove_scoped_duplicate_015,1,remove_scoped_duplicate:template-07,True,True,True,True
NousResearch/Hermes-4-70B,remove_scoped_duplicate_015,2,remove_scoped_duplicate:template-07,True,True,True,True
NousResearch/Hermes-4-70B,remove_scoped_duplicate_016,0,remove_scoped_duplicate:template-00,True,True,True,True
NousResearch/Hermes-4-70B,remove_scoped_duplicate_016,1,remove_scoped_duplicate:template-00,True,True,True,True
NousResearch/Hermes-4-70B,remove_scoped_duplicate_016,2,remove_scoped_duplicate:template-00,True,True,True,True
NousResearch/Hermes-4-70B,remove_scoped_duplicate_017,0,remove_scoped_duplicate:template-01,True,True,True,True
NousResearch/Hermes-4-70B,remove_scoped_duplicate_017,1,remove_scoped_duplicate:template-01,True,True,True,True
NousResearch/Hermes-4-70B,remove_scoped_duplicate_017,2,remove_scoped_duplicate:template-01,True,True,True,True
NousResearch/Hermes-4-70B,remove_scoped_duplicate_018,0,remove_scoped_duplicate:template-02,True,True,True,True
NousResearch/Hermes-4-70B,remove_scoped_duplicate_018,1,remove_scoped_duplicate:template-02,True,True,True,True
NousResearch/Hermes-4-70B,remove_scoped_duplicate_018,2,remove_scoped_duplicate:template-02,True,True,True,True
NousResearch/Hermes-4-70B,remove_scoped_duplicate_019,0,remove_scoped_duplicate:template-03,True,True,True,True
NousResearch/Hermes-4-70B,remove_scoped_duplicate_019,1,remove_scoped_duplicate:template-03,True,True,True,True
NousResearch/Hermes-4-70B,remove_scoped_duplicate_019,2,remove_scoped_duplicate:template-03,True,True,True,True
NousResearch/Hermes-4-70B,remove_scoped_duplicate_020,0,remove_scoped_duplicate:template-04,True,True,True,True
NousResearch/Hermes-4-70B,remove_scoped_duplicate_020,1,remove_scoped_duplicate:template-04,True,True,True,True
NousResearch/Hermes-4-70B,remove_scoped_duplicate_020,2,remove_scoped_duplicate:template-04,True,True,True,True
NousResearch/Hermes-4-70B,remove_scoped_duplicate_021,0,remove_scoped_duplicate:template-05,True,True,True,True
NousResearch/Hermes-4-70B,remove_scoped_duplicate_021,1,remove_scoped_duplicate:template-05,True,True,True,True
NousResearch/Hermes-4-70B,remove_scoped_duplicate_021,2,remove_scoped_duplicate:template-05,True,True,True,True
NousResearch/Hermes-4-70B,remove_scoped_duplicate_022,0,remove_scoped_duplicate:template-06,True,True,True,True
NousResearch/Hermes-4-70B,remove_scoped_duplicate_022,1,remove_scoped_duplicate:template-06,True,True,True,True
NousResearch/Hermes-4-70B,remove_scoped_duplicate_022,2,remove_scoped_duplicate:template-06,True,True,True,True
NousResearch/Hermes-4-70B,remove_scoped_duplicate_023,0,remove_scoped_duplicate:template-07,True,True,True,True
NousResearch/Hermes-4-70B,remove_scoped_duplicate_023,1,remove_scoped_duplicate:template-07,True,True,True,True
NousResearch/Hermes-4-70B,remove_scoped_duplicate_023,2,remove_scoped_duplicate:template-07,True,True,True,True
NousResearch/Hermes-4-70B,remove_scoped_duplicate_024,0,remove_scoped_duplicate:template-00,True,True,True,True
NousResearch/Hermes-4-70B,remove_scoped_duplicate_024,1,remove_scoped_duplicate:template-00,True,True,True,True
NousResearch/Hermes-4-70B,remove_scoped_duplicate_024,2,remove_scoped_duplicate:template-00,True,True,True,True
NousResearch/Hermes-4-70B,remove_scoped_duplicate_025,0,remove_scoped_duplicate:template-01,True,True,True,True
NousResearch/Hermes-4-70B,remove_scoped_duplicate_025,1,remove_scoped_duplicate:template-01,True,True,True,True
NousResearch/Hermes-4-70B,remove_scoped_duplicate_025,2,remove_scoped_duplicate:template-01,True,True,True,True
NousResearch/Hermes-4-70B,remove_scoped_duplicate_026,0,remove_scoped_duplicate:template-02,True,True,True,True
NousResearch/Hermes-4-70B,remove_scoped_duplicate_026,1,remove_scoped_duplicate:template-02,True,True,True,True
NousResearch/Hermes-4-70B,remove_scoped_duplicate_026,2,remove_scoped_duplicate:template-02,True,True,True,True
NousResearch/Hermes-4-70B,remove_scoped_duplicate_027,0,remove_scoped_duplicate:template-03,True,True,True,True
NousResearch/Hermes-4-70B,remove_scoped_duplicate_027,1,remove_scoped_duplicate:template-03,True,True,True,True
NousResearch/Hermes-4-70B,remove_scoped_duplicate_027,2,remove_scoped_duplicate:template-03,True,True,True,True
NousResearch/Hermes-4-70B,remove_scoped_duplicate_028,0,remove_scoped_duplicate:template-04,True,True,True,True
NousResearch/Hermes-4-70B,remove_scoped_duplicate_028,1,remove_scoped_duplicate:template-04,True,True,True,True
NousResearch/Hermes-4-70B,remove_scoped_duplicate_028,2,remove_scoped_duplicate:template-04,True,True,True,True
NousResearch/Hermes-4-70B,remove_scoped_duplicate_029,0,remove_scoped_duplicate:template-05,True,True,True,True
NousResearch/Hermes-4-70B,remove_scoped_duplicate_029,1,remove_scoped_duplicate:template-05,True,True,True,True
NousResearch/Hermes-4-70B,remove_scoped_duplicate_029,2,remove_scoped_duplicate:template-05,True,True,True,True
NousResearch/Hermes-4-70B,replace_item_000,0,replace_item:template-00,True,True,True,True
NousResearch/Hermes-4-70B,replace_item_000,1,replace_item:template-00,True,True,True,True
NousResearch/Hermes-4-70B,replace_item_000,2,replace_item:template-00,True,True,True,True
NousResearch/Hermes-4-70B,replace_item_001,0,replace_item:template-01,True,True,True,True
NousResearch/Hermes-4-70B,replace_item_001,1,replace_item:template-01,True,True,True,True
NousResearch/Hermes-4-70B,replace_item_001,2,replace_item:template-01,True,True,True,True
NousResearch/Hermes-4-70B,replace_item_002,0,replace_item:template-02,True,True,True,True
NousResearch/Hermes-4-70B,replace_item_002,1,replace_item:template-02,True,True,True,True
NousResearch/Hermes-4-70B,replace_item_002,2,replace_item:template-02,True,True,True,True
NousResearch/Hermes-4-70B,replace_item_003,0,replace_item:template-03,True,True,True,True
NousResearch/Hermes-4-70B,replace_item_003,1,replace_item:template-03,True,True,True,True
NousResearch/Hermes-4-70B,replace_item_003,2,replace_item:template-03,True,True,True,True
NousResearch/Hermes-4-70B,replace_item_004,0,replace_item:template-04,True,True,True,True
NousResearch/Hermes-4-70B,replace_item_004,1,replace_item:template-04,True,True,True,True
NousResearch/Hermes-4-70B,replace_item_004,2,replace_item:template-04,True,True,True,True
NousResearch/Hermes-4-70B,replace_item_005,0,replace_item:template-05,True,True,True,True
NousResearch/Hermes-4-70B,replace_item_005,1,replace_item:template-05,True,True,True,True
NousResearch/Hermes-4-70B,replace_item_005,2,replace_item:template-05,True,True,True,True
NousResearch/Hermes-4-70B,replace_item_006,0,replace_item:template-06,True,True,True,True
NousResearch/Hermes-4-70B,replace_item_006,1,replace_item:template-06,True,True,True,True
NousResearch/Hermes-4-70B,replace_item_006,2,replace_item:template-06,True,True,True,True
NousResearch/Hermes-4-70B,replace_item_007,0,replace_item:template-07,True,True,True,True
NousResearch/Hermes-4-70B,replace_item_007,1,replace_item:template-07,True,True,True,True
NousResearch/Hermes-4-70B,replace_item_007,2,replace_item:template-07,True,True,True,True
NousResearch/Hermes-4-70B,replace_item_008,0,replace_item:template-00,True,True,True,True
NousResearch/Hermes-4-70B,replace_item_008,1,replace_item:template-00,True,True,True,True
NousResearch/Hermes-4-70B,replace_item_008,2,replace_item:template-00,True,True,True,True
NousResearch/Hermes-4-70B,replace_item_009,0,replace_item:template-01,True,True,True,True
NousResearch/Hermes-4-70B,replace_item_009,1,replace_item:template-01,True,True,True,True
NousResearch/Hermes-4-70B,replace_item_009,2,replace_item:template-01,True,True,True,True
NousResearch/Hermes-4-70B,replace_item_010,0,replace_item:template-02,True,True,True,True
NousResearch/Hermes-4-70B,replace_item_010,1,replace_item:template-02,True,True,True,True
NousResearch/Hermes-4-70B,replace_item_010,2,replace_item:template-02,True,True,True,True
NousResearch/Hermes-4-70B,replace_item_011,0,replace_item:template-03,True,True,True,True
NousResearch/Hermes-4-70B,replace_item_011,1,replace_item:template-03,True,True,True,True
NousResearch/Hermes-4-70B,replace_item_011,2,replace_item:template-03,True,True,True,True
NousResearch/Hermes-4-70B,replace_item_012,0,replace_item:template-04,True,True,True,True
NousResearch/Hermes-4-70B,replace_item_012,1,replace_item:template-04,True,True,True,True
NousResearch/Hermes-4-70B,replace_item_012,2,replace_item:template-04,True,True,True,True
NousResearch/Hermes-4-70B,replace_item_013,0,replace_item:template-05,True,True,True,True
NousResearch/Hermes-4-70B,replace_item_013,1,replace_item:template-05,True,True,True,True
NousResearch/Hermes-4-70B,replace_item_013,2,replace_item:template-05,True,True,True,True
NousResearch/Hermes-4-70B,replace_item_014,0,replace_item:template-06,True,True,True,True
NousResearch/Hermes-4-70B,replace_item_014,1,replace_item:template-06,True,True,True,True
NousResearch/Hermes-4-70B,replace_item_014,2,replace_item:template-06,True,True,True,True
NousResearch/Hermes-4-70B,replace_item_015,0,replace_item:template-07,True,True,True,True
NousResearch/Hermes-4-70B,replace_item_015,1,replace_item:template-07,True,True,True,True
NousResearch/Hermes-4-70B,replace_item_015,2,replace_item:template-07,True,True,True,True
NousResearch/Hermes-4-70B,replace_item_016,0,replace_item:template-00,True,True,True,True
NousResearch/Hermes-4-70B,replace_item_016,1,replace_item:template-00,True,True,True,True
NousResearch/Hermes-4-70B,replace_item_016,2,replace_item:template-00,True,True,True,True
NousResearch/Hermes-4-70B,replace_item_017,0,replace_item:template-01,True,True,True,True
NousResearch/Hermes-4-70B,replace_item_017,1,replace_item:template-01,True,True,True,True
NousResearch/Hermes-4-70B,replace_item_017,2,replace_item:template-01,True,True,True,True
NousResearch/Hermes-4-70B,replace_item_018,0,replace_item:template-02,True,True,True,True
NousResearch/Hermes-4-70B,replace_item_018,1,replace_item:template-02,True,True,True,True
NousResearch/Hermes-4-70B,replace_item_018,2,replace_item:template-02,True,True,True,True
NousResearch/Hermes-4-70B,replace_item_019,0,replace_item:template-03,True,True,True,True
NousResearch/Hermes-4-70B,replace_item_019,1,replace_item:template-03,True,True,True,True
NousResearch/Hermes-4-70B,replace_item_019,2,replace_item:template-03,True,True,True,True
NousResearch/Hermes-4-70B,replace_item_020,0,replace_item:template-04,True,True,True,True
NousResearch/Hermes-4-70B,replace_item_020,1,replace_item:template-04,True,True,True,True
NousResearch/Hermes-4-70B,replace_item_020,2,replace_item:template-04,True,True,True,True
NousResearch/Hermes-4-70B,replace_item_021,0,replace_item:template-05,True,True,True,True
NousResearch/Hermes-4-70B,replace_item_021,1,replace_item:template-05,True,True,True,True
NousResearch/Hermes-4-70B,replace_item_021,2,replace_item:template-05,True,True,True,True
NousResearch/Hermes-4-70B,replace_item_022,0,replace_item:template-06,True,True,True,True
NousResearch/Hermes-4-70B,replace_item_022,1,replace_item:template-06,True,True,True,True
NousResearch/Hermes-4-70B,replace_item_022,2,replace_item:template-06,True,True,True,True
NousResearch/Hermes-4-70B,replace_item_023,0,replace_item:template-07,True,True,True,True
NousResearch/Hermes-4-70B,replace_item_023,1,replace_item:template-07,True,True,True,True
NousResearch/Hermes-4-70B,replace_item_023,2,replace_item:template-07,True,True,True,True
NousResearch/Hermes-4-70B,replace_item_024,0,replace_item:template-00,True,True,True,True
NousResearch/Hermes-4-70B,replace_item_024,1,replace_item:template-00,True,True,True,True
NousResearch/Hermes-4-70B,replace_item_024,2,replace_item:template-00,True,True,True,True
NousResearch/Hermes-4-70B,replace_item_025,0,replace_item:template-01,True,True,True,True
NousResearch/Hermes-4-70B,replace_item_025,1,replace_item:template-01,True,True,True,True
NousResearch/Hermes-4-70B,replace_item_025,2,replace_item:template-01,True,True,True,True
NousResearch/Hermes-4-70B,replace_item_026,0,replace_item:template-02,True,True,True,True
NousResearch/Hermes-4-70B,replace_item_026,1,replace_item:template-02,True,True,True,True
NousResearch/Hermes-4-70B,replace_item_026,2,replace_item:template-02,True,True,True,True
NousResearch/Hermes-4-70B,replace_item_027,0,replace_item:template-03,True,True,True,True
NousResearch/Hermes-4-70B,replace_item_027,1,replace_item:template-03,True,True,True,True
NousResearch/Hermes-4-70B,replace_item_027,2,replace_item:template-03,True,True,True,True
NousResearch/Hermes-4-70B,replace_item_028,0,replace_item:template-04,True,True,True,True
NousResearch/Hermes-4-70B,replace_item_028,1,replace_item:template-04,True,True,True,True
NousResearch/Hermes-4-70B,replace_item_028,2,replace_item:template-04,True,True,True,True
NousResearch/Hermes-4-70B,replace_item_029,0,replace_item:template-05,True,True,True,True
NousResearch/Hermes-4-70B,replace_item_029,1,replace_item:template-05,True,True,True,True
NousResearch/Hermes-4-70B,replace_item_029,2,replace_item:template-05,True,True,True,True
NousResearch/Hermes-4-70B,size_change_scoped_000,0,size_change_scoped:template-00,True,True,True,True
NousResearch/Hermes-4-70B,size_change_scoped_000,1,size_change_scoped:template-00,True,True,True,True
NousResearch/Hermes-4-70B,size_change_scoped_000,2,size_change_scoped:template-00,True,True,True,True
NousResearch/Hermes-4-70B,size_change_scoped_001,0,size_change_scoped:template-01,True,True,True,True
NousResearch/Hermes-4-70B,size_change_scoped_001,1,size_change_scoped:template-01,True,True,True,True
NousResearch/Hermes-4-70B,size_change_scoped_001,2,size_change_scoped:template-01,True,True,True,True
NousResearch/Hermes-4-70B,size_change_scoped_002,0,size_change_scoped:template-02,True,True,True,True
NousResearch/Hermes-4-70B,size_change_scoped_002,1,size_change_scoped:template-02,True,True,True,True
NousResearch/Hermes-4-70B,size_change_scoped_002,2,size_change_scoped:template-02,True,True,True,True
NousResearch/Hermes-4-70B,size_change_scoped_003,0,size_change_scoped:template-03,True,True,True,True
NousResearch/Hermes-4-70B,size_change_scoped_003,1,size_change_scoped:template-03,True,True,True,True
NousResearch/Hermes-4-70B,size_change_scoped_003,2,size_change_scoped:template-03,True,True,True,True
NousResearch/Hermes-4-70B,size_change_scoped_004,0,size_change_scoped:template-04,True,True,True,True
NousResearch/Hermes-4-70B,size_change_scoped_004,1,size_change_scoped:template-04,True,True,True,True
NousResearch/Hermes-4-70B,size_change_scoped_004,2,size_change_scoped:template-04,True,True,True,True
NousResearch/Hermes-4-70B,size_change_scoped_005,0,size_change_scoped:template-05,True,True,True,True
NousResearch/Hermes-4-70B,size_change_scoped_005,1,size_change_scoped:template-05,True,True,True,True
NousResearch/Hermes-4-70B,size_change_scoped_005,2,size_change_scoped:template-05,True,True,True,True
NousResearch/Hermes-4-70B,size_change_scoped_006,0,size_change_scoped:template-06,True,True,True,True
NousResearch/Hermes-4-70B,size_change_scoped_006,1,size_change_scoped:template-06,True,True,True,True
NousResearch/Hermes-4-70B,size_change_scoped_006,2,size_change_scoped:template-06,True,True,True,True
NousResearch/Hermes-4-70B,size_change_scoped_007,0,size_change_scoped:template-07,True,True,True,True
NousResearch/Hermes-4-70B,size_change_scoped_007,1,size_change_scoped:template-07,True,True,True,True
NousResearch/Hermes-4-70B,size_change_scoped_007,2,size_change_scoped:template-07,True,True,True,True
NousResearch/Hermes-4-70B,size_change_scoped_008,0,size_change_scoped:template-00,True,True,True,True
NousResearch/Hermes-4-70B,size_change_scoped_008,1,size_change_scoped:template-00,True,True,True,True
NousResearch/Hermes-4-70B,size_change_scoped_008,2,size_change_scoped:template-00,True,True,True,True
NousResearch/Hermes-4-70B,size_change_scoped_009,0,size_change_scoped:template-01,True,True,True,True
NousResearch/Hermes-4-70B,size_change_scoped_009,1,size_change_scoped:template-01,True,True,True,True
NousResearch/Hermes-4-70B,size_change_scoped_009,2,size_change_scoped:template-01,True,True,True,True
NousResearch/Hermes-4-70B,size_change_scoped_010,0,size_change_scoped:template-02,True,True,True,True
NousResearch/Hermes-4-70B,size_change_scoped_010,1,size_change_scoped:template-02,True,True,True,True
NousResearch/Hermes-4-70B,size_change_scoped_010,2,size_change_scoped:template-02,True,True,True,True
NousResearch/Hermes-4-70B,size_change_scoped_011,0,size_change_scoped:template-03,True,True,True,True
NousResearch/Hermes-4-70B,size_change_scoped_011,1,size_change_scoped:template-03,True,True,True,True
NousResearch/Hermes-4-70B,size_change_scoped_011,2,size_change_scoped:template-03,True,True,True,True
NousResearch/Hermes-4-70B,size_change_scoped_012,0,size_change_scoped:template-04,True,True,True,True
NousResearch/Hermes-4-70B,size_change_scoped_012,1,size_change_scoped:template-04,True,True,True,True
NousResearch/Hermes-4-70B,size_change_scoped_012,2,size_change_scoped:template-04,True,True,True,True
NousResearch/Hermes-4-70B,size_change_scoped_013,0,size_change_scoped:template-05,True,True,True,True
NousResearch/Hermes-4-70B,size_change_scoped_013,1,size_change_scoped:template-05,True,True,True,True
NousResearch/Hermes-4-70B,size_change_scoped_013,2,size_change_scoped:template-05,True,True,True,True
NousResearch/Hermes-4-70B,size_change_scoped_014,0,size_change_scoped:template-06,True,True,True,True
NousResearch/Hermes-4-70B,size_change_scoped_014,1,size_change_scoped:template-06,True,True,True,True
NousResearch/Hermes-4-70B,size_change_scoped_014,2,size_change_scoped:template-06,True,True,True,True
NousResearch/Hermes-4-70B,size_change_scoped_015,0,size_change_scoped:template-07,True,True,True,True
NousResearch/Hermes-4-70B,size_change_scoped_015,1,size_change_scoped:template-07,True,True,True,True
NousResearch/Hermes-4-70B,size_change_scoped_015,2,size_change_scoped:template-07,True,True,True,True
NousResearch/Hermes-4-70B,size_change_scoped_016,0,size_change_scoped:template-00,True,True,True,True
NousResearch/Hermes-4-70B,size_change_scoped_016,1,size_change_scoped:template-00,True,True,True,True
NousResearch/Hermes-4-70B,size_change_scoped_016,2,size_change_scoped:template-00,True,True,True,True
NousResearch/Hermes-4-70B,size_change_scoped_017,0,size_change_scoped:template-01,True,True,True,True
NousResearch/Hermes-4-70B,size_change_scoped_017,1,size_change_scoped:template-01,True,True,True,True
NousResearch/Hermes-4-70B,size_change_scoped_017,2,size_change_scoped:template-01,True,True,True,True
NousResearch/Hermes-4-70B,size_change_scoped_018,0,size_change_scoped:template-02,True,True,True,True
NousResearch/Hermes-4-70B,size_change_scoped_018,1,size_change_scoped:template-02,True,True,True,True
NousResearch/Hermes-4-70B,size_change_scoped_018,2,size_change_scoped:template-02,True,True,True,True
NousResearch/Hermes-4-70B,size_change_scoped_019,0,size_change_scoped:template-03,True,True,True,True
NousResearch/Hermes-4-70B,size_change_scoped_019,1,size_change_scoped:template-03,True,True,True,True
NousResearch/Hermes-4-70B,size_change_scoped_019,2,size_change_scoped:template-03,True,True,True,True
NousResearch/Hermes-4-70B,size_change_scoped_020,0,size_change_scoped:template-04,True,True,True,True
NousResearch/Hermes-4-70B,size_change_scoped_020,1,size_change_scoped:template-04,True,True,True,True
NousResearch/Hermes-4-70B,size_change_scoped_020,2,size_change_scoped:template-04,True,True,True,True
NousResearch/Hermes-4-70B,size_change_scoped_021,0,size_change_scoped:template-05,True,True,True,True
NousResearch/Hermes-4-70B,size_change_scoped_021,1,size_change_scoped:template-05,True,True,True,True
NousResearch/Hermes-4-70B,size_change_scoped_021,2,size_change_scoped:template-05,True,True,True,True
NousResearch/Hermes-4-70B,size_change_scoped_022,0,size_change_scoped:template-06,True,True,True,True
NousResearch/Hermes-4-70B,size_change_scoped_022,1,size_change_scoped:template-06,True,True,True,True
NousResearch/Hermes-4-70B,size_change_scoped_022,2,size_change_scoped:template-06,True,True,True,True
NousResearch/Hermes-4-70B,size_change_scoped_023,0,size_change_scoped:template-07,True,True,True,True
NousResearch/Hermes-4-70B,size_change_scoped_023,1,size_change_scoped:template-07,True,True,True,True
NousResearch/Hermes-4-70B,size_change_scoped_023,2,size_change_scoped:template-07,True,True,True,True
NousResearch/Hermes-4-70B,size_change_scoped_024,0,size_change_scoped:template-00,True,True,True,True
NousResearch/Hermes-4-70B,size_change_scoped_024,1,size_change_scoped:template-00,True,True,True,True
NousResearch/Hermes-4-70B,size_change_scoped_024,2,size_change_scoped:template-00,True,True,True,True
NousResearch/Hermes-4-70B,size_change_scoped_025,0,size_change_scoped:template-01,True,True,True,True
NousResearch/Hermes-4-70B,size_change_scoped_025,1,size_change_scoped:template-01,True,True,True,True
NousResearch/Hermes-4-70B,size_change_scoped_025,2,size_change_scoped:template-01,True,True,True,True
NousResearch/Hermes-4-70B,size_change_scoped_026,0,size_change_scoped:template-02,True,True,True,True
NousResearch/Hermes-4-70B,size_change_scoped_026,1,size_change_scoped:template-02,True,True,True,True
NousResearch/Hermes-4-70B,size_change_scoped_026,2,size_change_scoped:template-02,True,True,True,True
NousResearch/Hermes-4-70B,size_change_scoped_027,0,size_change_scoped:template-03,True,True,True,True
NousResearch/Hermes-4-70B,size_change_scoped_027,1,size_change_scoped:template-03,True,True,True,True
NousResearch/Hermes-4-70B,size_change_scoped_027,2,size_change_scoped:template-03,True,True,True,True
NousResearch/Hermes-4-70B,size_change_scoped_028,0,size_change_scoped:template-04,True,True,True,True
NousResearch/Hermes-4-70B,size_change_scoped_028,1,size_change_scoped:template-04,True,True,True,True
NousResearch/Hermes-4-70B,size_change_scoped_028,2,size_change_scoped:template-04,True,True,True,True
NousResearch/Hermes-4-70B,size_change_scoped_029,0,size_change_scoped:template-05,True,True,True,True
NousResearch/Hermes-4-70B,size_change_scoped_029,1,size_change_scoped:template-05,True,True,True,True
NousResearch/Hermes-4-70B,size_change_scoped_029,2,size_change_scoped:template-05,True,True,True,True
NousResearch/Hermes-4-70B,stale_reference_000,0,stale_reference:template-00,True,True,True,True
NousResearch/Hermes-4-70B,stale_reference_000,1,stale_reference:template-00,True,True,True,True
NousResearch/Hermes-4-70B,stale_reference_000,2,stale_reference:template-00,True,True,True,True
NousResearch/Hermes-4-70B,stale_reference_001,0,stale_reference:template-01,True,True,True,True
NousResearch/Hermes-4-70B,stale_reference_001,1,stale_reference:template-01,True,True,True,True
NousResearch/Hermes-4-70B,stale_reference_001,2,stale_reference:template-01,True,True,True,True
NousResearch/Hermes-4-70B,stale_reference_002,0,stale_reference:template-02,True,True,True,True
NousResearch/Hermes-4-70B,stale_reference_002,1,stale_reference:template-02,True,True,True,True
NousResearch/Hermes-4-70B,stale_reference_002,2,stale_reference:template-02,True,True,True,True
NousResearch/Hermes-4-70B,stale_reference_003,0,stale_reference:template-03,True,True,True,True
NousResearch/Hermes-4-70B,stale_reference_003,1,stale_reference:template-03,True,True,True,True
NousResearch/Hermes-4-70B,stale_reference_003,2,stale_reference:template-03,True,True,True,True
NousResearch/Hermes-4-70B,stale_reference_004,0,stale_reference:template-04,True,True,True,True
NousResearch/Hermes-4-70B,stale_reference_004,1,stale_reference:template-04,True,True,True,True
NousResearch/Hermes-4-70B,stale_reference_004,2,stale_reference:template-04,True,True,True,True
NousResearch/Hermes-4-70B,stale_reference_005,0,stale_reference:template-05,True,True,True,True
NousResearch/Hermes-4-70B,stale_reference_005,1,stale_reference:template-05,True,True,True,True
NousResearch/Hermes-4-70B,stale_reference_005,2,stale_reference:template-05,True,True,True,True
NousResearch/Hermes-4-70B,stale_reference_006,0,stale_reference:template-06,True,True,True,True
NousResearch/Hermes-4-70B,stale_reference_006,1,stale_reference:template-06,True,True,True,True
NousResearch/Hermes-4-70B,stale_reference_006,2,stale_reference:template-06,True,True,True,True
NousResearch/Hermes-4-70B,stale_reference_007,0,stale_reference:template-07,True,True,True,True
NousResearch/Hermes-4-70B,stale_reference_007,1,stale_reference:template-07,True,True,True,True
NousResearch/Hermes-4-70B,stale_reference_007,2,stale_reference:template-07,True,True,True,True
NousResearch/Hermes-4-70B,stale_reference_008,0,stale_reference:template-00,True,True,True,True
NousResearch/Hermes-4-70B,stale_reference_008,1,stale_reference:template-00,True,True,True,True
NousResearch/Hermes-4-70B,stale_reference_008,2,stale_reference:template-00,True,True,True,True
NousResearch/Hermes-4-70B,stale_reference_009,0,stale_reference:template-01,True,True,True,True
NousResearch/Hermes-4-70B,stale_reference_009,1,stale_reference:template-01,True,True,True,True
NousResearch/Hermes-4-70B,stale_reference_009,2,stale_reference:template-01,True,True,True,True
NousResearch/Hermes-4-70B,stale_reference_010,0,stale_reference:template-02,True,True,True,True
NousResearch/Hermes-4-70B,stale_reference_010,1,stale_reference:template-02,True,True,True,True
NousResearch/Hermes-4-70B,stale_reference_010,2,stale_reference:template-02,True,True,True,True
NousResearch/Hermes-4-70B,stale_reference_011,0,stale_reference:template-03,True,True,True,True
NousResearch/Hermes-4-70B,stale_reference_011,1,stale_reference:template-03,True,True,True,True
NousResearch/Hermes-4-70B,stale_reference_011,2,stale_reference:template-03,True,True,True,True
NousResearch/Hermes-4-70B,stale_reference_012,0,stale_reference:template-04,True,True,True,True
NousResearch/Hermes-4-70B,stale_reference_012,1,stale_reference:template-04,True,True,True,True
NousResearch/Hermes-4-70B,stale_reference_012,2,stale_reference:template-04,True,True,True,True
NousResearch/Hermes-4-70B,stale_reference_013,0,stale_reference:template-05,True,True,True,True
NousResearch/Hermes-4-70B,stale_reference_013,1,stale_reference:template-05,True,True,True,True
NousResearch/Hermes-4-70B,stale_reference_013,2,stale_reference:template-05,True,True,True,True
NousResearch/Hermes-4-70B,stale_reference_014,0,stale_reference:template-06,True,True,True,True
NousResearch/Hermes-4-70B,stale_reference_014,1,stale_reference:template-06,True,True,True,True
NousResearch/Hermes-4-70B,stale_reference_014,2,stale_reference:template-06,True,True,True,True
NousResearch/Hermes-4-70B,stale_reference_015,0,stale_reference:template-07,True,True,True,True
NousResearch/Hermes-4-70B,stale_reference_015,1,stale_reference:template-07,True,True,True,True
NousResearch/Hermes-4-70B,stale_reference_015,2,stale_reference:template-07,True,True,True,True
NousResearch/Hermes-4-70B,stale_reference_016,0,stale_reference:template-00,True,True,True,True
NousResearch/Hermes-4-70B,stale_reference_016,1,stale_reference:template-00,True,True,True,True
NousResearch/Hermes-4-70B,stale_reference_016,2,stale_reference:template-00,True,True,True,True
NousResearch/Hermes-4-70B,stale_reference_017,0,stale_reference:template-01,True,True,True,True
NousResearch/Hermes-4-70B,stale_reference_017,1,stale_reference:template-01,True,True,True,True
NousResearch/Hermes-4-70B,stale_reference_017,2,stale_reference:template-01,True,True,True,True
NousResearch/Hermes-4-70B,stale_reference_018,0,stale_reference:template-02,True,True,True,True
NousResearch/Hermes-4-70B,stale_reference_018,1,stale_reference:template-02,True,True,True,True
NousResearch/Hermes-4-70B,stale_reference_018,2,stale_reference:template-02,True,True,True,True
NousResearch/Hermes-4-70B,stale_reference_019,0,stale_reference:template-03,True,True,True,True
NousResearch/Hermes-4-70B,stale_reference_019,1,stale_reference:template-03,True,True,True,True
NousResearch/Hermes-4-70B,stale_reference_019,2,stale_reference:template-03,True,True,True,True
NousResearch/Hermes-4-70B,stale_reference_020,0,stale_reference:template-04,True,True,True,True
NousResearch/Hermes-4-70B,stale_reference_020,1,stale_reference:template-04,True,True,True,True
NousResearch/Hermes-4-70B,stale_reference_020,2,stale_reference:template-04,True,True,True,True
NousResearch/Hermes-4-70B,stale_reference_021,0,stale_reference:template-05,True,True,True,True
NousResearch/Hermes-4-70B,stale_reference_021,1,stale_reference:template-05,True,True,True,True
NousResearch/Hermes-4-70B,stale_reference_021,2,stale_reference:template-05,True,True,True,True
NousResearch/Hermes-4-70B,stale_reference_022,0,stale_reference:template-06,True,True,True,True
NousResearch/Hermes-4-70B,stale_reference_022,1,stale_reference:template-06,True,True,True,True
NousResearch/Hermes-4-70B,stale_reference_022,2,stale_reference:template-06,True,True,True,True
NousResearch/Hermes-4-70B,stale_reference_023,0,stale_reference:template-07,True,True,True,True
NousResearch/Hermes-4-70B,stale_reference_023,1,stale_reference:template-07,True,True,True,True
NousResearch/Hermes-4-70B,stale_reference_023,2,stale_reference:template-07,True,True,True,True
NousResearch/Hermes-4-70B,stale_reference_024,0,stale_reference:template-00,True,True,True,True
NousResearch/Hermes-4-70B,stale_reference_024,1,stale_reference:template-00,True,True,True,True
NousResearch/Hermes-4-70B,stale_reference_024,2,stale_reference:template-00,True,True,True,True
NousResearch/Hermes-4-70B,stale_reference_025,0,stale_reference:template-01,True,True,True,True
NousResearch/Hermes-4-70B,stale_reference_025,1,stale_reference:template-01,True,True,True,True
NousResearch/Hermes-4-70B,stale_reference_025,2,stale_reference:template-01,True,True,True,True
NousResearch/Hermes-4-70B,stale_reference_026,0,stale_reference:template-02,True,True,True,True
NousResearch/Hermes-4-70B,stale_reference_026,1,stale_reference:template-02,True,True,True,True
NousResearch/Hermes-4-70B,stale_reference_026,2,stale_reference:template-02,True,True,True,True
NousResearch/Hermes-4-70B,stale_reference_027,0,stale_reference:template-03,True,True,True,True
NousResearch/Hermes-4-70B,stale_reference_027,1,stale_reference:template-03,True,True,True,True
NousResearch/Hermes-4-70B,stale_reference_027,2,stale_reference:template-03,True,True,True,True
NousResearch/Hermes-4-70B,stale_reference_028,0,stale_reference:template-04,True,True,True,True
NousResearch/Hermes-4-70B,stale_reference_028,1,stale_reference:template-04,True,True,True,True
NousResearch/Hermes-4-70B,stale_reference_028,2,stale_reference:template-04,True,True,True,True
NousResearch/Hermes-4-70B,stale_reference_029,0,stale_reference:template-05,True,True,True,True
NousResearch/Hermes-4-70B,stale_reference_029,1,stale_reference:template-05,True,True,True,True
NousResearch/Hermes-4-70B,stale_reference_029,2,stale_reference:template-05,True,True,True,True
NousResearch/Hermes-4-70B,unavailable_add_000,0,unavailable_add:template-00,True,True,True,True
NousResearch/Hermes-4-70B,unavailable_add_000,1,unavailable_add:template-00,True,True,True,True
NousResearch/Hermes-4-70B,unavailable_add_000,2,unavailable_add:template-00,True,True,True,True
NousResearch/Hermes-4-70B,unavailable_add_001,0,unavailable_add:template-01,True,True,True,True
NousResearch/Hermes-4-70B,unavailable_add_001,1,unavailable_add:template-01,True,True,True,True
NousResearch/Hermes-4-70B,unavailable_add_001,2,unavailable_add:template-01,True,True,True,True
NousResearch/Hermes-4-70B,unavailable_add_002,0,unavailable_add:template-02,True,True,True,True
NousResearch/Hermes-4-70B,unavailable_add_002,1,unavailable_add:template-02,True,True,True,True
NousResearch/Hermes-4-70B,unavailable_add_002,2,unavailable_add:template-02,True,True,True,True
NousResearch/Hermes-4-70B,unavailable_add_003,0,unavailable_add:template-03,True,True,True,True
NousResearch/Hermes-4-70B,unavailable_add_003,1,unavailable_add:template-03,True,True,True,True
NousResearch/Hermes-4-70B,unavailable_add_003,2,unavailable_add:template-03,True,True,True,True
NousResearch/Hermes-4-70B,unavailable_add_004,0,unavailable_add:template-04,True,True,True,True
NousResearch/Hermes-4-70B,unavailable_add_004,1,unavailable_add:template-04,True,True,True,True
NousResearch/Hermes-4-70B,unavailable_add_004,2,unavailable_add:template-04,True,True,True,True
NousResearch/Hermes-4-70B,unavailable_add_005,0,unavailable_add:template-05,True,True,True,True
NousResearch/Hermes-4-70B,unavailable_add_005,1,unavailable_add:template-05,True,True,True,True
NousResearch/Hermes-4-70B,unavailable_add_005,2,unavailable_add:template-05,True,True,True,True
NousResearch/Hermes-4-70B,unavailable_add_006,0,unavailable_add:template-06,True,True,True,True
NousResearch/Hermes-4-70B,unavailable_add_006,1,unavailable_add:template-06,True,True,True,True
NousResearch/Hermes-4-70B,unavailable_add_006,2,unavailable_add:template-06,True,True,True,True
NousResearch/Hermes-4-70B,unavailable_add_007,0,unavailable_add:template-07,True,True,True,True
NousResearch/Hermes-4-70B,unavailable_add_007,1,unavailable_add:template-07,True,True,True,True
NousResearch/Hermes-4-70B,unavailable_add_007,2,unavailable_add:template-07,True,True,True,True
NousResearch/Hermes-4-70B,unavailable_add_008,0,unavailable_add:template-00,True,True,True,True
NousResearch/Hermes-4-70B,unavailable_add_008,1,unavailable_add:template-00,True,True,True,True
NousResearch/Hermes-4-70B,unavailable_add_008,2,unavailable_add:template-00,True,True,True,True
NousResearch/Hermes-4-70B,unavailable_add_009,0,unavailable_add:template-01,True,True,True,True
NousResearch/Hermes-4-70B,unavailable_add_009,1,unavailable_add:template-01,True,True,True,True
NousResearch/Hermes-4-70B,unavailable_add_009,2,unavailable_add:template-01,True,True,True,True
NousResearch/Hermes-4-70B,unavailable_add_010,0,unavailable_add:template-02,True,True,True,True
NousResearch/Hermes-4-70B,unavailable_add_010,1,unavailable_add:template-02,True,True,True,True
NousResearch/Hermes-4-70B,unavailable_add_010,2,unavailable_add:template-02,True,True,True,True
NousResearch/Hermes-4-70B,unavailable_add_011,0,unavailable_add:template-03,True,True,True,True
NousResearch/Hermes-4-70B,unavailable_add_011,1,unavailable_add:template-03,True,True,True,True
NousResearch/Hermes-4-70B,unavailable_add_011,2,unavailable_add:template-03,True,True,True,True
NousResearch/Hermes-4-70B,unavailable_add_012,0,unavailable_add:template-04,True,True,True,True
NousResearch/Hermes-4-70B,unavailable_add_012,1,unavailable_add:template-04,True,True,True,True
NousResearch/Hermes-4-70B,unavailable_add_012,2,unavailable_add:template-04,True,True,True,True
NousResearch/Hermes-4-70B,unavailable_add_013,0,unavailable_add:template-05,True,True,True,True
NousResearch/Hermes-4-70B,unavailable_add_013,1,unavailable_add:template-05,True,True,True,True
NousResearch/Hermes-4-70B,unavailable_add_013,2,unavailable_add:template-05,True,True,True,True
NousResearch/Hermes-4-70B,unavailable_add_014,0,unavailable_add:template-06,True,True,True,True
NousResearch/Hermes-4-70B,unavailable_add_014,1,unavailable_add:template-06,True,True,True,True
NousResearch/Hermes-4-70B,unavailable_add_014,2,unavailable_add:template-06,True,True,True,True
NousResearch/Hermes-4-70B,unavailable_add_015,0,unavailable_add:template-07,True,True,True,True
NousResearch/Hermes-4-70B,unavailable_add_015,1,unavailable_add:template-07,True,True,True,True
NousResearch/Hermes-4-70B,unavailable_add_015,2,unavailable_add:template-07,True,True,True,True
NousResearch/Hermes-4-70B,unavailable_add_016,0,unavailable_add:template-00,True,True,True,True
NousResearch/Hermes-4-70B,unavailable_add_016,1,unavailable_add:template-00,True,True,True,True
NousResearch/Hermes-4-70B,unavailable_add_016,2,unavailable_add:template-00,True,True,True,True
NousResearch/Hermes-4-70B,unavailable_add_017,0,unavailable_add:template-01,True,True,True,True
NousResearch/Hermes-4-70B,unavailable_add_017,1,unavailable_add:template-01,True,True,True,True
NousResearch/Hermes-4-70B,unavailable_add_017,2,unavailable_add:template-01,True,True,True,True
NousResearch/Hermes-4-70B,unavailable_add_018,0,unavailable_add:template-02,True,True,True,True
NousResearch/Hermes-4-70B,unavailable_add_018,1,unavailable_add:template-02,True,True,True,True
NousResearch/Hermes-4-70B,unavailable_add_018,2,unavailable_add:template-02,True,True,True,True
NousResearch/Hermes-4-70B,unavailable_add_019,0,unavailable_add:template-03,True,True,True,True
NousResearch/Hermes-4-70B,unavailable_add_019,1,unavailable_add:template-03,True,True,True,True
NousResearch/Hermes-4-70B,unavailable_add_019,2,unavailable_add:template-03,True,True,True,True
NousResearch/Hermes-4-70B,unavailable_add_020,0,unavailable_add:template-04,True,True,True,True
NousResearch/Hermes-4-70B,unavailable_add_020,1,unavailable_add:template-04,True,True,True,True
NousResearch/Hermes-4-70B,unavailable_add_020,2,unavailable_add:template-04,True,True,True,True
NousResearch/Hermes-4-70B,unavailable_add_021,0,unavailable_add:template-05,True,True,True,True
NousResearch/Hermes-4-70B,unavailable_add_021,1,unavailable_add:template-05,True,True,True,True
NousResearch/Hermes-4-70B,unavailable_add_021,2,unavailable_add:template-05,True,True,True,True
NousResearch/Hermes-4-70B,unavailable_add_022,0,unavailable_add:template-06,True,True,True,True
NousResearch/Hermes-4-70B,unavailable_add_022,1,unavailable_add:template-06,True,True,True,True
NousResearch/Hermes-4-70B,unavailable_add_022,2,unavailable_add:template-06,True,True,True,True
NousResearch/Hermes-4-70B,unavailable_add_023,0,unavailable_add:template-07,True,True,True,True
NousResearch/Hermes-4-70B,unavailable_add_023,1,unavailable_add:template-07,True,True,True,True
NousResearch/Hermes-4-70B,unavailable_add_023,2,unavailable_add:template-07,True,True,True,True
NousResearch/Hermes-4-70B,unavailable_add_024,0,unavailable_add:template-00,True,True,True,True
NousResearch/Hermes-4-70B,unavailable_add_024,1,unavailable_add:template-00,True,True,True,True
NousResearch/Hermes-4-70B,unavailable_add_024,2,unavailable_add:template-00,True,True,True,True
NousResearch/Hermes-4-70B,unavailable_add_025,0,unavailable_add:template-01,True,True,True,True
NousResearch/Hermes-4-70B,unavailable_add_025,1,unavailable_add:template-01,True,True,True,True
NousResearch/Hermes-4-70B,unavailable_add_025,2,unavailable_add:template-01,True,True,True,True
NousResearch/Hermes-4-70B,unavailable_add_026,0,unavailable_add:template-02,True,True,True,True
NousResearch/Hermes-4-70B,unavailable_add_026,1,unavailable_add:template-02,True,True,True,True
NousResearch/Hermes-4-70B,unavailable_add_026,2,unavailable_add:template-02,True,True,True,True
NousResearch/Hermes-4-70B,unavailable_add_027,0,unavailable_add:template-03,True,True,True,True
NousResearch/Hermes-4-70B,unavailable_add_027,1,unavailable_add:template-03,True,True,True,True
NousResearch/Hermes-4-70B,unavailable_add_027,2,unavailable_add:template-03,True,True,True,True
NousResearch/Hermes-4-70B,unavailable_add_028,0,unavailable_add:template-04,True,True,True,True
NousResearch/Hermes-4-70B,unavailable_add_028,1,unavailable_add:template-04,True,True,True,True
NousResearch/Hermes-4-70B,unavailable_add_028,2,unavailable_add:template-04,True,True,True,True
NousResearch/Hermes-4-70B,unavailable_add_029,0,unavailable_add:template-05,True,True,True,True
NousResearch/Hermes-4-70B,unavailable_add_029,1,unavailable_add:template-05,True,True,True,True
NousResearch/Hermes-4-70B,unavailable_add_029,2,unavailable_add:template-05,True,True,True,True
Qwen/Qwen3-235B-A22B-Instruct-2507,add_item_000,0,add_item:template-00,True,True,True,True
Qwen/Qwen3-235B-A22B-Instruct-2507,add_item_000,1,add_item:template-00,True,True,True,True
Qwen/Qwen3-235B-A22B-Instruct-2507,add_item_000,2,add_item:template-00,True,True,True,True
Qwen/Qwen3-235B-A22B-Instruct-2507,add_item_001,0,add_item:template-01,True,True,True,True
Qwen/Qwen3-235B-A22B-Instruct-2507,add_item_001,1,add_item:template-01,True,True,True,True
Qwen/Qwen3-235B-A22B-Instruct-2507,add_item_001,2,add_item:template-01,True,True,True,True
Qwen/Qwen3-235B-A22B-Instruct-2507,add_item_002,0,add_item:template-02,True,True,True,True
Qwen/Qwen3-235B-A22B-Instruct-2507,add_item_002,1,add_item:template-02,True,True,True,True
Qwen/Qwen3-235B-A22B-Instruct-2507,add_item_002,2,add_item:template-02,True,True,True,True
Qwen/Qwen3-235B-A22B-Instruct-2507,add_item_003,0,add_item:template-03,True,True,True,True
Qwen/Qwen3-235B-A22B-Instruct-2507,add_item_003,1,add_item:template-03,True,True,True,True
Qwen/Qwen3-235B-A22B-Instruct-2507,add_item_003,2,add_item:template-03,True,True,True,True
Qwen/Qwen3-235B-A22B-Instruct-2507,add_item_004,0,add_item:template-04,True,True,True,True
Qwen/Qwen3-235B-A22B-Instruct-2507,add_item_004,1,add_item:template-04,True,True,True,True
Qwen/Qwen3-235B-A22B-Instruct-2507,add_item_004,2,add_item:template-04,True,True,True,True
Qwen/Qwen3-235B-A22B-Instruct-2507,add_item_005,0,add_item:template-05,True,True,True,True
Qwen/Qwen3-235B-A22B-Instruct-2507,add_item_005,1,add_item:template-05,True,True,True,True
Qwen/Qwen3-235B-A22B-Instruct-2507,add_item_005,2,add_item:template-05,True,True,True,True
Qwen/Qwen3-235B-A22B-Instruct-2507,add_item_006,0,add_item:template-06,True,True,True,True
Qwen/Qwen3-235B-A22B-Instruct-2507,add_item_006,1,add_item:template-06,True,True,True,True
Qwen/Qwen3-235B-A22B-Instruct-2507,add_item_006,2,add_item:template-06,True,True,True,True
Qwen/Qwen3-235B-A22B-Instruct-2507,add_item_007,0,add_item:template-07,True,True,True,True
Qwen/Qwen3-235B-A22B-Instruct-2507,add_item_007,1,add_item:template-07,True,True,True,True
Qwen/Qwen3-235B-A22B-Instruct-2507,add_item_007,2,add_item:template-07,True,True,True,True
Qwen/Qwen3-235B-A22B-Instruct-2507,add_item_008,0,add_item:template-00,True,True,True,True
Qwen/Qwen3-235B-A22B-Instruct-2507,add_item_008,1,add_item:template-00,True,True,True,True
Qwen/Qwen3-235B-A22B-Instruct-2507,add_item_008,2,add_item:template-00,True,True,True,True
Qwen/Qwen3-235B-A22B-Instruct-2507,add_item_009,0,add_item:template-01,True,True,True,True
Qwen/Qwen3-235B-A22B-Instruct-2507,add_item_009,1,add_item:template-01,True,True,True,True
Qwen/Qwen3-235B-A22B-Instruct-2507,add_item_009,2,add_item:template-01,True,True,True,True
Qwen/Qwen3-235B-A22B-Instruct-2507,add_item_010,0,add_item:template-02,True,True,True,True
Qwen/Qwen3-235B-A22B-Instruct-2507,add_item_010,1,add_item:template-02,True,True,True,True
Qwen/Qwen3-235B-A22B-Instruct-2507,add_item_010,2,add_item:template-02,True,True,True,True
Qwen/Qwen3-235B-A22B-Instruct-2507,add_item_011,0,add_item:template-03,True,True,True,True
Qwen/Qwen3-235B-A22B-Instruct-2507,add_item_011,1,add_item:template-03,True,True,True,True
Qwen/Qwen3-235B-A22B-Instruct-2507,add_item_011,2,add_item:template-03,True,True,True,True
Qwen/Qwen3-235B-A22B-Instruct-2507,add_item_012,0,add_item:template-04,True,True,True,True
Qwen/Qwen3-235B-A22B-Instruct-2507,add_item_012,1,add_item:template-04,True,True,True,True
Qwen/Qwen3-235B-A22B-Instruct-2507,add_item_012,2,add_item:template-04,True,True,True,True
Qwen/Qwen3-235B-A22B-Instruct-2507,add_item_013,0,add_item:template-05,True,True,True,True
Qwen/Qwen3-235B-A22B-Instruct-2507,add_item_013,1,add_item:template-05,True,True,True,True
Qwen/Qwen3-235B-A22B-Instruct-2507,add_item_013,2,add_item:template-05,True,True,True,True
Qwen/Qwen3-235B-A22B-Instruct-2507,add_item_014,0,add_item:template-06,True,True,True,True
Qwen/Qwen3-235B-A22B-Instruct-2507,add_item_014,1,add_item:template-06,True,True,True,True
Qwen/Qwen3-235B-A22B-Instruct-2507,add_item_014,2,add_item:template-06,True,True,True,True
Qwen/Qwen3-235B-A22B-Instruct-2507,add_item_015,0,add_item:template-07,True,True,True,True
Qwen/Qwen3-235B-A22B-Instruct-2507,add_item_015,1,add_item:template-07,True,True,True,True
Qwen/Qwen3-235B-A22B-Instruct-2507,add_item_015,2,add_item:template-07,True,True,True,True
Qwen/Qwen3-235B-A22B-Instruct-2507,add_item_016,0,add_item:template-00,True,True,True,True
Qwen/Qwen3-235B-A22B-Instruct-2507,add_item_016,1,add_item:template-00,True,True,True,True
Qwen/Qwen3-235B-A22B-Instruct-2507,add_item_016,2,add_item:template-00,True,True,True,True
Qwen/Qwen3-235B-A22B-Instruct-2507,add_item_017,0,add_item:template-01,True,True,True,True
Qwen/Qwen3-235B-A22B-Instruct-2507,add_item_017,1,add_item:template-01,True,True,True,True
Qwen/Qwen3-235B-A22B-Instruct-2507,add_item_017,2,add_item:template-01,True,True,True,True
Qwen/Qwen3-235B-A22B-Instruct-2507,add_item_018,0,add_item:template-02,True,True,True,True
Qwen/Qwen3-235B-A22B-Instruct-2507,add_item_018,1,add_item:template-02,True,True,True,True
Qwen/Qwen3-235B-A22B-Instruct-2507,add_item_018,2,add_item:template-02,True,True,True,True
Qwen/Qwen3-235B-A22B-Instruct-2507,add_item_019,0,add_item:template-03,True,True,True,True
Qwen/Qwen3-235B-A22B-Instruct-2507,add_item_019,1,add_item:template-03,True,True,True,True
Qwen/Qwen3-235B-A22B-Instruct-2507,add_item_019,2,add_item:template-03,True,True,True,True
Qwen/Qwen3-235B-A22B-Instruct-2507,add_item_020,0,add_item:template-04,True,True,True,True
Qwen/Qwen3-235B-A22B-Instruct-2507,add_item_020,1,add_item:template-04,True,True,True,True
Qwen/Qwen3-235B-A22B-Instruct-2507,add_item_020,2,add_item:template-04,True,True,True,True
Qwen/Qwen3-235B-A22B-Instruct-2507,add_item_021,0,add_item:template-05,True,True,True,True
Qwen/Qwen3-235B-A22B-Instruct-2507,add_item_021,1,add_item:template-05,True,True,True,True
Qwen/Qwen3-235B-A22B-Instruct-2507,add_item_021,2,add_item:template-05,True,True,True,True
Qwen/Qwen3-235B-A22B-Instruct-2507,add_item_022,0,add_item:template-06,True,True,True,True
Qwen/Qwen3-235B-A22B-Instruct-2507,add_item_022,1,add_item:template-06,True,True,True,True
Qwen/Qwen3-235B-A22B-Instruct-2507,add_item_022,2,add_item:template-06,True,True,True,True
Qwen/Qwen3-235B-A22B-Instruct-2507,add_item_023,0,add_item:template-07,True,True,True,True
Qwen/Qwen3-235B-A22B-Instruct-2507,add_item_023,1,add_item:template-07,True,True,True,True
Qwen/Qwen3-235B-A22B-Instruct-2507,add_item_023,2,add_item:template-07,True,True,True,True
Qwen/Qwen3-235B-A22B-Instruct-2507,add_item_024,0,add_item:template-00,True,True,True,True
Qwen/Qwen3-235B-A22B-Instruct-2507,add_item_024,1,add_item:template-00,True,True,True,True
Qwen/Qwen3-235B-A22B-Instruct-2507,add_item_024,2,add_item:template-00,True,True,True,True
Qwen/Qwen3-235B-A22B-Instruct-2507,add_item_025,0,add_item:template-01,True,True,True,True
Qwen/Qwen3-235B-A22B-Instruct-2507,add_item_025,1,add_item:template-01,True,True,True,True
Qwen/Qwen3-235B-A22B-Instruct-2507,add_item_025,2,add_item:template-01,True,True,True,True
Qwen/Qwen3-235B-A22B-Instruct-2507,add_item_026,0,add_item:template-02,True,True,True,True
Qwen/Qwen3-235B-A22B-Instruct-2507,add_item_026,1,add_item:template-02,True,True,True,True
Qwen/Qwen3-235B-A22B-Instruct-2507,add_item_026,2,add_item:template-02,True,True,True,True
Qwen/Qwen3-235B-A22B-Instruct-2507,add_item_027,0,add_item:template-03,True,True,True,True
Qwen/Qwen3-235B-A22B-Instruct-2507,add_item_027,1,add_item:template-03,True,True,True,True
Qwen/Qwen3-235B-A22B-Instruct-2507,add_item_027,2,add_item:template-03,True,True,True,True
Qwen/Qwen3-235B-A22B-Instruct-2507,add_item_028,0,add_item:template-04,True,True,True,True
Qwen/Qwen3-235B-A22B-Instruct-2507,add_item_028,1,add_item:template-04,True,True,True,True
Qwen/Qwen3-235B-A22B-Instruct-2507,add_item_028,2,add_item:template-04,True,True,True,True
Qwen/Qwen3-235B-A22B-Instruct-2507,add_item_029,0,add_item:template-05,True,True,True,True
Qwen/Qwen3-235B-A22B-Instruct-2507,add_item_029,1,add_item:template-05,True,True,True,True
Qwen/Qwen3-235B-A22B-Instruct-2507,add_item_029,2,add_item:template-05,True,True,True,True
Qwen/Qwen3-235B-A22B-Instruct-2507,constraint_add_safe_000,0,constraint_add_safe:template-00,True,True,True,True
Qwen/Qwen3-235B-A22B-Instruct-2507,constraint_add_safe_000,1,constraint_add_safe:template-00,True,True,True,True
Qwen/Qwen3-235B-A22B-Instruct-2507,constraint_add_safe_000,2,constraint_add_safe:template-00,True,True,True,True
Qwen/Qwen3-235B-A22B-Instruct-2507,constraint_add_safe_001,0,constraint_add_safe:template-01,True,True,True,True
Qwen/Qwen3-235B-A22B-Instruct-2507,constraint_add_safe_001,1,constraint_add_safe:template-01,True,True,True,True
Qwen/Qwen3-235B-A22B-Instruct-2507,constraint_add_safe_001,2,constraint_add_safe:template-01,True,True,True,True
Qwen/Qwen3-235B-A22B-Instruct-2507,constraint_add_safe_002,0,constraint_add_safe:template-02,True,True,True,True
Qwen/Qwen3-235B-A22B-Instruct-2507,constraint_add_safe_002,1,constraint_add_safe:template-02,True,True,True,True
Qwen/Qwen3-235B-A22B-Instruct-2507,constraint_add_safe_002,2,constraint_add_safe:template-02,True,True,True,True
Qwen/Qwen3-235B-A22B-Instruct-2507,constraint_add_safe_003,0,constraint_add_safe:template-03,True,True,True,True
Qwen/Qwen3-235B-A22B-Instruct-2507,constraint_add_safe_003,1,constraint_add_safe:template-03,True,True,True,True
Qwen/Qwen3-235B-A22B-Instruct-2507,constraint_add_safe_003,2,constraint_add_safe:template-03,True,True,True,True
Qwen/Qwen3-235B-A22B-Instruct-2507,constraint_add_safe_004,0,constraint_add_safe:template-04,True,True,True,True
Qwen/Qwen3-235B-A22B-Instruct-2507,constraint_add_safe_004,1,constraint_add_safe:template-04,True,True,True,True
Qwen/Qwen3-235B-A22B-Instruct-2507,constraint_add_safe_004,2,constraint_add_safe:template-04,True,True,True,True
Qwen/Qwen3-235B-A22B-Instruct-2507,constraint_add_safe_005,0,constraint_add_safe:template-05,True,True,True,True
Qwen/Qwen3-235B-A22B-Instruct-2507,constraint_add_safe_005,1,constraint_add_safe:template-05,True,True,True,True
Qwen/Qwen3-235B-A22B-Instruct-2507,constraint_add_safe_005,2,constraint_add_safe:template-05,True,True,True,True
Qwen/Qwen3-235B-A22B-Instruct-2507,constraint_add_safe_006,0,constraint_add_safe:template-06,True,True,True,True
Qwen/Qwen3-235B-A22B-Instruct-2507,constraint_add_safe_006,1,constraint_add_safe:template-06,True,True,True,True
Qwen/Qwen3-235B-A22B-Instruct-2507,constraint_add_safe_006,2,constraint_add_safe:template-06,True,True,True,True
Qwen/Qwen3-235B-A22B-Instruct-2507,constraint_add_safe_007,0,constraint_add_safe:template-07,True,True,True,True
Qwen/Qwen3-235B-A22B-Instruct-2507,constraint_add_safe_007,1,constraint_add_safe:template-07,True,True,True,True
Qwen/Qwen3-235B-A22B-Instruct-2507,constraint_add_safe_007,2,constraint_add_safe:template-07,True,True,True,True
Qwen/Qwen3-235B-A22B-Instruct-2507,constraint_add_safe_008,0,constraint_add_safe:template-00,True,True,True,True
Qwen/Qwen3-235B-A22B-Instruct-2507,constraint_add_safe_008,1,constraint_add_safe:template-00,True,True,True,True
Qwen/Qwen3-235B-A22B-Instruct-2507,constraint_add_safe_008,2,constraint_add_safe:template-00,True,True,True,True
Qwen/Qwen3-235B-A22B-Instruct-2507,constraint_add_safe_009,0,constraint_add_safe:template-01,True,True,True,True
Qwen/Qwen3-235B-A22B-Instruct-2507,constraint_add_safe_009,1,constraint_add_safe:template-01,True,True,True,True
Qwen/Qwen3-235B-A22B-Instruct-2507,constraint_add_safe_009,2,constraint_add_safe:template-01,True,True,True,True
Qwen/Qwen3-235B-A22B-Instruct-2507,constraint_add_safe_010,0,constraint_add_safe:template-02,True,True,True,True
Qwen/Qwen3-235B-A22B-Instruct-2507,constraint_add_safe_010,1,constraint_add_safe:template-02,True,True,True,True
Qwen/Qwen3-235B-A22B-Instruct-2507,constraint_add_safe_010,2,constraint_add_safe:template-02,True,True,True,True
Qwen/Qwen3-235B-A22B-Instruct-2507,constraint_add_safe_011,0,constraint_add_safe:template-03,True,True,True,True
Qwen/Qwen3-235B-A22B-Instruct-2507,constraint_add_safe_011,1,constraint_add_safe:template-03,True,True,True,True
Qwen/Qwen3-235B-A22B-Instruct-2507,constraint_add_safe_011,2,constraint_add_safe:template-03,True,True,True,True
Qwen/Qwen3-235B-A22B-Instruct-2507,constraint_add_safe_012,0,constraint_add_safe:template-04,True,True,True,True
Qwen/Qwen3-235B-A22B-Instruct-2507,constraint_add_safe_012,1,constraint_add_safe:template-04,True,True,True,True
Qwen/Qwen3-235B-A22B-Instruct-2507,constraint_add_safe_012,2,constraint_add_safe:template-04,True,True,True,True
Qwen/Qwen3-235B-A22B-Instruct-2507,constraint_add_safe_013,0,constraint_add_safe:template-05,True,True,True,True
Qwen/Qwen3-235B-A22B-Instruct-2507,constraint_add_safe_013,1,constraint_add_safe:template-05,True,True,True,True
Qwen/Qwen3-235B-A22B-Instruct-2507,constraint_add_safe_013,2,constraint_add_safe:template-05,True,True,True,True
Qwen/Qwen3-235B-A22B-Instruct-2507,constraint_add_safe_014,0,constraint_add_safe:template-06,True,True,True,True
Qwen/Qwen3-235B-A22B-Instruct-2507,constraint_add_safe_014,1,constraint_add_safe:template-06,True,True,True,True
Qwen/Qwen3-235B-A22B-Instruct-2507,constraint_add_safe_014,2,constraint_add_safe:template-06,True,True,True,True
Qwen/Qwen3-235B-A22B-Instruct-2507,constraint_add_safe_015,0,constraint_add_safe:template-07,True,True,True,True
Qwen/Qwen3-235B-A22B-Instruct-2507,constraint_add_safe_015,1,constraint_add_safe:template-07,True,True,True,True
Qwen/Qwen3-235B-A22B-Instruct-2507,constraint_add_safe_015,2,constraint_add_safe:template-07,True,True,True,True
Qwen/Qwen3-235B-A22B-Instruct-2507,constraint_add_safe_016,0,constraint_add_safe:template-00,True,True,True,True
Qwen/Qwen3-235B-A22B-Instruct-2507,constraint_add_safe_016,1,constraint_add_safe:template-00,True,True,True,True
Qwen/Qwen3-235B-A22B-Instruct-2507,constraint_add_safe_016,2,constraint_add_safe:template-00,True,True,True,True
Qwen/Qwen3-235B-A22B-Instruct-2507,constraint_add_safe_017,0,constraint_add_safe:template-01,True,True,True,True
Qwen/Qwen3-235B-A22B-Instruct-2507,constraint_add_safe_017,1,constraint_add_safe:template-01,True,True,True,True
Qwen/Qwen3-235B-A22B-Instruct-2507,constraint_add_safe_017,2,constraint_add_safe:template-01,True,True,True,True
Qwen/Qwen3-235B-A22B-Instruct-2507,constraint_add_safe_018,0,constraint_add_safe:template-02,True,True,True,True
Qwen/Qwen3-235B-A22B-Instruct-2507,constraint_add_safe_018,1,constraint_add_safe:template-02,True,True,True,True
Qwen/Qwen3-235B-A22B-Instruct-2507,constraint_add_safe_018,2,constraint_add_safe:template-02,True,True,True,True
Qwen/Qwen3-235B-A22B-Instruct-2507,constraint_add_safe_019,0,constraint_add_safe:template-03,True,True,True,True
Qwen/Qwen3-235B-A22B-Instruct-2507,constraint_add_safe_019,1,constraint_add_safe:template-03,True,True,True,True
Qwen/Qwen3-235B-A22B-Instruct-2507,constraint_add_safe_019,2,constraint_add_safe:template-03,True,True,True,True
Qwen/Qwen3-235B-A22B-Instruct-2507,constraint_add_safe_020,0,constraint_add_safe:template-04,True,True,True,True
Qwen/Qwen3-235B-A22B-Instruct-2507,constraint_add_safe_020,1,constraint_add_safe:template-04,True,True,True,True
Qwen/Qwen3-235B-A22B-Instruct-2507,constraint_add_safe_020,2,constraint_add_safe:template-04,True,True,True,True
Qwen/Qwen3-235B-A22B-Instruct-2507,constraint_add_safe_021,0,constraint_add_safe:template-05,True,True,True,True
Qwen/Qwen3-235B-A22B-Instruct-2507,constraint_add_safe_021,1,constraint_add_safe:template-05,True,True,True,True
Qwen/Qwen3-235B-A22B-Instruct-2507,constraint_add_safe_021,2,constraint_add_safe:template-05,True,True,True,True
Qwen/Qwen3-235B-A22B-Instruct-2507,constraint_add_safe_022,0,constraint_add_safe:template-06,True,True,True,True
Qwen/Qwen3-235B-A22B-Instruct-2507,constraint_add_safe_022,1,constraint_add_safe:template-06,True,True,True,True
Qwen/Qwen3-235B-A22B-Instruct-2507,constraint_add_safe_022,2,constraint_add_safe:template-06,True,True,True,True
Qwen/Qwen3-235B-A22B-Instruct-2507,constraint_add_safe_023,0,constraint_add_safe:template-07,True,True,True,True
Qwen/Qwen3-235B-A22B-Instruct-2507,constraint_add_safe_023,1,constraint_add_safe:template-07,True,True,True,True
Qwen/Qwen3-235B-A22B-Instruct-2507,constraint_add_safe_023,2,constraint_add_safe:template-07,True,True,True,True
Qwen/Qwen3-235B-A22B-Instruct-2507,constraint_add_safe_024,0,constraint_add_safe:template-00,True,True,True,True
Qwen/Qwen3-235B-A22B-Instruct-2507,constraint_add_safe_024,1,constraint_add_safe:template-00,True,True,True,True
Qwen/Qwen3-235B-A22B-Instruct-2507,constraint_add_safe_024,2,constraint_add_safe:template-00,True,True,True,True
Qwen/Qwen3-235B-A22B-Instruct-2507,constraint_add_safe_025,0,constraint_add_safe:template-01,True,True,True,True
Qwen/Qwen3-235B-A22B-Instruct-2507,constraint_add_safe_025,1,constraint_add_safe:template-01,True,True,True,True
Qwen/Qwen3-235B-A22B-Instruct-2507,constraint_add_safe_025,2,constraint_add_safe:template-01,True,True,True,True
Qwen/Qwen3-235B-A22B-Instruct-2507,constraint_add_safe_026,0,constraint_add_safe:template-02,True,True,True,True
Qwen/Qwen3-235B-A22B-Instruct-2507,constraint_add_safe_026,1,constraint_add_safe:template-02,True,True,True,True
Qwen/Qwen3-235B-A22B-Instruct-2507,constraint_add_safe_026,2,constraint_add_safe:template-02,True,True,True,True
Qwen/Qwen3-235B-A22B-Instruct-2507,constraint_add_safe_027,0,constraint_add_safe:template-03,True,True,True,True
Qwen/Qwen3-235B-A22B-Instruct-2507,constraint_add_safe_027,1,constraint_add_safe:template-03,True,True,True,True
Qwen/Qwen3-235B-A22B-Instruct-2507,constraint_add_safe_027,2,constraint_add_safe:template-03,True,True,True,True
Qwen/Qwen3-235B-A22B-Instruct-2507,constraint_add_safe_028,0,constraint_add_safe:template-04,True,True,True,True
Qwen/Qwen3-235B-A22B-Instruct-2507,constraint_add_safe_028,1,constraint_add_safe:template-04,True,True,True,True
Qwen/Qwen3-235B-A22B-Instruct-2507,constraint_add_safe_028,2,constraint_add_safe:template-04,True,True,True,True
Qwen/Qwen3-235B-A22B-Instruct-2507,constraint_add_safe_029,0,constraint_add_safe:template-05,True,True,True,True
Qwen/Qwen3-235B-A22B-Instruct-2507,constraint_add_safe_029,1,constraint_add_safe:template-05,True,True,True,True
Qwen/Qwen3-235B-A22B-Instruct-2507,constraint_add_safe_029,2,constraint_add_safe:template-05,True,True,True,True
Qwen/Qwen3-235B-A22B-Instruct-2507,constraint_new_conflict_000,0,constraint_new_conflict:template-00,True,True,True,True
Qwen/Qwen3-235B-A22B-Instruct-2507,constraint_new_conflict_000,1,constraint_new_conflict:template-00,True,True,True,True
Qwen/Qwen3-235B-A22B-Instruct-2507,constraint_new_conflict_000,2,constraint_new_conflict:template-00,True,True,True,True
Qwen/Qwen3-235B-A22B-Instruct-2507,constraint_new_conflict_001,0,constraint_new_conflict:template-01,True,True,True,True
Qwen/Qwen3-235B-A22B-Instruct-2507,constraint_new_conflict_001,1,constraint_new_conflict:template-01,True,True,True,True
Qwen/Qwen3-235B-A22B-Instruct-2507,constraint_new_conflict_001,2,constraint_new_conflict:template-01,True,True,True,True
Qwen/Qwen3-235B-A22B-Instruct-2507,constraint_new_conflict_002,0,constraint_new_conflict:template-02,True,True,True,True
Qwen/Qwen3-235B-A22B-Instruct-2507,constraint_new_conflict_002,1,constraint_new_conflict:template-02,True,True,True,True
Qwen/Qwen3-235B-A22B-Instruct-2507,constraint_new_conflict_002,2,constraint_new_conflict:template-02,True,True,True,True
Qwen/Qwen3-235B-A22B-Instruct-2507,constraint_new_conflict_003,0,constraint_new_conflict:template-03,True,True,True,True
Qwen/Qwen3-235B-A22B-Instruct-2507,constraint_new_conflict_003,1,constraint_new_conflict:template-03,True,True,True,True
Qwen/Qwen3-235B-A22B-Instruct-2507,constraint_new_conflict_003,2,constraint_new_conflict:template-03,True,True,True,True
Qwen/Qwen3-235B-A22B-Instruct-2507,constraint_new_conflict_004,0,constraint_new_conflict:template-04,True,True,True,True
Qwen/Qwen3-235B-A22B-Instruct-2507,constraint_new_conflict_004,1,constraint_new_conflict:template-04,True,True,True,True
Qwen/Qwen3-235B-A22B-Instruct-2507,constraint_new_conflict_004,2,constraint_new_conflict:template-04,True,True,True,True
Qwen/Qwen3-235B-A22B-Instruct-2507,constraint_new_conflict_005,0,constraint_new_conflict:template-05,True,True,True,True
Qwen/Qwen3-235B-A22B-Instruct-2507,constraint_new_conflict_005,1,constraint_new_conflict:template-05,True,True,True,True
Qwen/Qwen3-235B-A22B-Instruct-2507,constraint_new_conflict_005,2,constraint_new_conflict:template-05,True,True,True,True
Qwen/Qwen3-235B-A22B-Instruct-2507,constraint_new_conflict_006,0,constraint_new_conflict:template-06,True,True,True,True
Qwen/Qwen3-235B-A22B-Instruct-2507,constraint_new_conflict_006,1,constraint_new_conflict:template-06,True,True,True,True
Qwen/Qwen3-235B-A22B-Instruct-2507,constraint_new_conflict_006,2,constraint_new_conflict:template-06,True,True,True,True
Qwen/Qwen3-235B-A22B-Instruct-2507,constraint_new_conflict_007,0,constraint_new_conflict:template-07,True,True,True,True
Qwen/Qwen3-235B-A22B-Instruct-2507,constraint_new_conflict_007,1,constraint_new_conflict:template-07,True,True,True,True
Qwen/Qwen3-235B-A22B-Instruct-2507,constraint_new_conflict_007,2,constraint_new_conflict:template-07,True,True,True,True
Qwen/Qwen3-235B-A22B-Instruct-2507,constraint_new_conflict_008,0,constraint_new_conflict:template-00,True,True,True,True
Qwen/Qwen3-235B-A22B-Instruct-2507,constraint_new_conflict_008,1,constraint_new_conflict:template-00,True,True,True,True
Qwen/Qwen3-235B-A22B-Instruct-2507,constraint_new_conflict_008,2,constraint_new_conflict:template-00,True,True,True,True
Qwen/Qwen3-235B-A22B-Instruct-2507,constraint_new_conflict_009,0,constraint_new_conflict:template-01,True,True,True,True
Qwen/Qwen3-235B-A22B-Instruct-2507,constraint_new_conflict_009,1,constraint_new_conflict:template-01,True,True,True,True
Qwen/Qwen3-235B-A22B-Instruct-2507,constraint_new_conflict_009,2,constraint_new_conflict:template-01,True,True,True,True
Qwen/Qwen3-235B-A22B-Instruct-2507,constraint_new_conflict_010,0,constraint_new_conflict:template-02,True,True,True,True
Qwen/Qwen3-235B-A22B-Instruct-2507,constraint_new_conflict_010,1,constraint_new_conflict:template-02,True,True,True,True
Qwen/Qwen3-235B-A22B-Instruct-2507,constraint_new_conflict_010,2,constraint_new_conflict:template-02,True,True,True,True
Qwen/Qwen3-235B-A22B-Instruct-2507,constraint_new_conflict_011,0,constraint_new_conflict:template-03,True,True,True,True
Qwen/Qwen3-235B-A22B-Instruct-2507,constraint_new_conflict_011,1,constraint_new_conflict:template-03,True,True,True,True
Qwen/Qwen3-235B-A22B-Instruct-2507,constraint_new_conflict_011,2,constraint_new_conflict:template-03,True,True,True,True
Qwen/Qwen3-235B-A22B-Instruct-2507,constraint_new_conflict_012,0,constraint_new_conflict:template-04,True,True,True,True
Qwen/Qwen3-235B-A22B-Instruct-2507,constraint_new_conflict_012,1,constraint_new_conflict:template-04,True,True,True,True
Qwen/Qwen3-235B-A22B-Instruct-2507,constraint_new_conflict_012,2,constraint_new_conflict:template-04,True,True,True,True
Qwen/Qwen3-235B-A22B-Instruct-2507,constraint_new_conflict_013,0,constraint_new_conflict:template-05,True,True,True,True
Qwen/Qwen3-235B-A22B-Instruct-2507,constraint_new_conflict_013,1,constraint_new_conflict:template-05,True,True,True,True
Qwen/Qwen3-235B-A22B-Instruct-2507,constraint_new_conflict_013,2,constraint_new_conflict:template-05,True,True,True,True
Qwen/Qwen3-235B-A22B-Instruct-2507,constraint_new_conflict_014,0,constraint_new_conflict:template-06,True,True,True,True
Qwen/Qwen3-235B-A22B-Instruct-2507,constraint_new_conflict_014,1,constraint_new_conflict:template-06,True,True,True,True
Qwen/Qwen3-235B-A22B-Instruct-2507,constraint_new_conflict_014,2,constraint_new_conflict:template-06,True,True,True,True
Qwen/Qwen3-235B-A22B-Instruct-2507,constraint_new_conflict_015,0,constraint_new_conflict:template-07,True,True,True,True
Qwen/Qwen3-235B-A22B-Instruct-2507,constraint_new_conflict_015,1,constraint_new_conflict:template-07,True,True,True,True
Qwen/Qwen3-235B-A22B-Instruct-2507,constraint_new_conflict_015,2,constraint_new_conflict:template-07,True,True,True,True
Qwen/Qwen3-235B-A22B-Instruct-2507,constraint_new_conflict_016,0,constraint_new_conflict:template-00,True,True,True,True
Qwen/Qwen3-235B-A22B-Instruct-2507,constraint_new_conflict_016,1,constraint_new_conflict:template-00,True,True,True,True
Qwen/Qwen3-235B-A22B-Instruct-2507,constraint_new_conflict_016,2,constraint_new_conflict:template-00,True,True,True,True
Qwen/Qwen3-235B-A22B-Instruct-2507,constraint_new_conflict_017,0,constraint_new_conflict:template-01,True,True,True,True
Qwen/Qwen3-235B-A22B-Instruct-2507,constraint_new_conflict_017,1,constraint_new_conflict:template-01,True,True,True,True
Qwen/Qwen3-235B-A22B-Instruct-2507,constraint_new_conflict_017,2,constraint_new_conflict:template-01,True,True,True,True
Qwen/Qwen3-235B-A22B-Instruct-2507,constraint_new_conflict_018,0,constraint_new_conflict:template-02,True,True,True,True
Qwen/Qwen3-235B-A22B-Instruct-2507,constraint_new_conflict_018,1,constraint_new_conflict:template-02,True,True,True,True
Qwen/Qwen3-235B-A22B-Instruct-2507,constraint_new_conflict_018,2,constraint_new_conflict:template-02,True,True,True,True
Qwen/Qwen3-235B-A22B-Instruct-2507,constraint_new_conflict_019,0,constraint_new_conflict:template-03,True,True,True,True
Qwen/Qwen3-235B-A22B-Instruct-2507,constraint_new_conflict_019,1,constraint_new_conflict:template-03,True,True,True,True
Qwen/Qwen3-235B-A22B-Instruct-2507,constraint_new_conflict_019,2,constraint_new_conflict:template-03,True,True,True,True
Qwen/Qwen3-235B-A22B-Instruct-2507,constraint_new_conflict_020,0,constraint_new_conflict:template-04,True,True,True,True
Qwen/Qwen3-235B-A22B-Instruct-2507,constraint_new_conflict_020,1,constraint_new_conflict:template-04,True,True,True,True
Qwen/Qwen3-235B-A22B-Instruct-2507,constraint_new_conflict_020,2,constraint_new_conflict:template-04,True,True,True,True
Qwen/Qwen3-235B-A22B-Instruct-2507,constraint_new_conflict_021,0,constraint_new_conflict:template-05,True,True,True,True
Qwen/Qwen3-235B-A22B-Instruct-2507,constraint_new_conflict_021,1,constraint_new_conflict:template-05,True,True,True,True
Qwen/Qwen3-235B-A22B-Instruct-2507,constraint_new_conflict_021,2,constraint_new_conflict:template-05,True,True,True,True
Qwen/Qwen3-235B-A22B-Instruct-2507,constraint_new_conflict_022,0,constraint_new_conflict:template-06,True,True,True,True
Qwen/Qwen3-235B-A22B-Instruct-2507,constraint_new_conflict_022,1,constraint_new_conflict:template-06,True,True,True,True
Qwen/Qwen3-235B-A22B-Instruct-2507,constraint_new_conflict_022,2,constraint_new_conflict:template-06,True,True,True,True
Qwen/Qwen3-235B-A22B-Instruct-2507,constraint_new_conflict_023,0,constraint_new_conflict:template-07,True,True,True,True
Qwen/Qwen3-235B-A22B-Instruct-2507,constraint_new_conflict_023,1,constraint_new_conflict:template-07,True,True,True,True
Qwen/Qwen3-235B-A22B-Instruct-2507,constraint_new_conflict_023,2,constraint_new_conflict:template-07,True,True,True,True
Qwen/Qwen3-235B-A22B-Instruct-2507,constraint_new_conflict_024,0,constraint_new_conflict:template-00,True,True,True,True
Qwen/Qwen3-235B-A22B-Instruct-2507,constraint_new_conflict_024,1,constraint_new_conflict:template-00,True,True,True,True
Qwen/Qwen3-235B-A22B-Instruct-2507,constraint_new_conflict_024,2,constraint_new_conflict:template-00,True,True,True,True
Qwen/Qwen3-235B-A22B-Instruct-2507,constraint_new_conflict_025,0,constraint_new_conflict:template-01,True,True,True,True
Qwen/Qwen3-235B-A22B-Instruct-2507,constraint_new_conflict_025,1,constraint_new_conflict:template-01,True,True,True,True
Qwen/Qwen3-235B-A22B-Instruct-2507,constraint_new_conflict_025,2,constraint_new_conflict:template-01,True,True,True,True
Qwen/Qwen3-235B-A22B-Instruct-2507,constraint_new_conflict_026,0,constraint_new_conflict:template-02,True,True,True,True
Qwen/Qwen3-235B-A22B-Instruct-2507,constraint_new_conflict_026,1,constraint_new_conflict:template-02,True,True,True,True
Qwen/Qwen3-235B-A22B-Instruct-2507,constraint_new_conflict_026,2,constraint_new_conflict:template-02,True,True,True,True
Qwen/Qwen3-235B-A22B-Instruct-2507,constraint_new_conflict_027,0,constraint_new_conflict:template-03,True,True,True,True
Qwen/Qwen3-235B-A22B-Instruct-2507,constraint_new_conflict_027,1,constraint_new_conflict:template-03,True,True,True,True
Qwen/Qwen3-235B-A22B-Instruct-2507,constraint_new_conflict_027,2,constraint_new_conflict:template-03,True,True,True,True
Qwen/Qwen3-235B-A22B-Instruct-2507,constraint_new_conflict_028,0,constraint_new_conflict:template-04,True,True,True,True
Qwen/Qwen3-235B-A22B-Instruct-2507,constraint_new_conflict_028,1,constraint_new_conflict:template-04,True,True,True,True
Qwen/Qwen3-235B-A22B-Instruct-2507,constraint_new_conflict_028,2,constraint_new_conflict:template-04,True,True,True,True
Qwen/Qwen3-235B-A22B-Instruct-2507,constraint_new_conflict_029,0,constraint_new_conflict:template-05,True,True,True,True
Qwen/Qwen3-235B-A22B-Instruct-2507,constraint_new_conflict_029,1,constraint_new_conflict:template-05,True,True,True,True
Qwen/Qwen3-235B-A22B-Instruct-2507,constraint_new_conflict_029,2,constraint_new_conflict:template-05,True,True,True,True
Qwen/Qwen3-235B-A22B-Instruct-2507,modifier_add_scoped_000,0,modifier_add_scoped:template-00,True,True,True,True
Qwen/Qwen3-235B-A22B-Instruct-2507,modifier_add_scoped_000,1,modifier_add_scoped:template-00,True,True,True,True
Qwen/Qwen3-235B-A22B-Instruct-2507,modifier_add_scoped_000,2,modifier_add_scoped:template-00,True,True,True,True
Qwen/Qwen3-235B-A22B-Instruct-2507,modifier_add_scoped_001,0,modifier_add_scoped:template-01,True,True,True,True
Qwen/Qwen3-235B-A22B-Instruct-2507,modifier_add_scoped_001,1,modifier_add_scoped:template-01,True,True,True,True
Qwen/Qwen3-235B-A22B-Instruct-2507,modifier_add_scoped_001,2,modifier_add_scoped:template-01,True,True,True,True
Qwen/Qwen3-235B-A22B-Instruct-2507,modifier_add_scoped_002,0,modifier_add_scoped:template-02,True,True,True,True
Qwen/Qwen3-235B-A22B-Instruct-2507,modifier_add_scoped_002,1,modifier_add_scoped:template-02,True,True,True,True
Qwen/Qwen3-235B-A22B-Instruct-2507,modifier_add_scoped_002,2,modifier_add_scoped:template-02,True,True,True,True
Qwen/Qwen3-235B-A22B-Instruct-2507,modifier_add_scoped_003,0,modifier_add_scoped:template-03,True,True,True,True
Qwen/Qwen3-235B-A22B-Instruct-2507,modifier_add_scoped_003,1,modifier_add_scoped:template-03,True,True,True,True
Qwen/Qwen3-235B-A22B-Instruct-2507,modifier_add_scoped_003,2,modifier_add_scoped:template-03,True,True,True,True
Qwen/Qwen3-235B-A22B-Instruct-2507,modifier_add_scoped_004,0,modifier_add_scoped:template-04,True,True,True,True
Qwen/Qwen3-235B-A22B-Instruct-2507,modifier_add_scoped_004,1,modifier_add_scoped:template-04,True,True,True,True
Qwen/Qwen3-235B-A22B-Instruct-2507,modifier_add_scoped_004,2,modifier_add_scoped:template-04,True,True,True,True
Qwen/Qwen3-235B-A22B-Instruct-2507,modifier_add_scoped_005,0,modifier_add_scoped:template-05,True,True,True,True
Qwen/Qwen3-235B-A22B-Instruct-2507,modifier_add_scoped_005,1,modifier_add_scoped:template-05,True,True,True,True
Qwen/Qwen3-235B-A22B-Instruct-2507,modifier_add_scoped_005,2,modifier_add_scoped:template-05,True,True,True,True
Qwen/Qwen3-235B-A22B-Instruct-2507,modifier_add_scoped_006,0,modifier_add_scoped:template-06,True,True,True,True
Qwen/Qwen3-235B-A22B-Instruct-2507,modifier_add_scoped_006,1,modifier_add_scoped:template-06,True,True,True,True
Qwen/Qwen3-235B-A22B-Instruct-2507,modifier_add_scoped_006,2,modifier_add_scoped:template-06,True,True,True,True
Qwen/Qwen3-235B-A22B-Instruct-2507,modifier_add_scoped_007,0,modifier_add_scoped:template-07,True,True,True,True
Qwen/Qwen3-235B-A22B-Instruct-2507,modifier_add_scoped_007,1,modifier_add_scoped:template-07,True,True,True,True
Qwen/Qwen3-235B-A22B-Instruct-2507,modifier_add_scoped_007,2,modifier_add_scoped:template-07,True,True,True,True
Qwen/Qwen3-235B-A22B-Instruct-2507,modifier_add_scoped_008,0,modifier_add_scoped:template-00,True,True,True,True
Qwen/Qwen3-235B-A22B-Instruct-2507,modifier_add_scoped_008,1,modifier_add_scoped:template-00,True,True,True,True
Qwen/Qwen3-235B-A22B-Instruct-2507,modifier_add_scoped_008,2,modifier_add_scoped:template-00,True,True,True,True
Qwen/Qwen3-235B-A22B-Instruct-2507,modifier_add_scoped_009,0,modifier_add_scoped:template-01,True,True,True,True
Qwen/Qwen3-235B-A22B-Instruct-2507,modifier_add_scoped_009,1,modifier_add_scoped:template-01,True,True,True,True
Qwen/Qwen3-235B-A22B-Instruct-2507,modifier_add_scoped_009,2,modifier_add_scoped:template-01,True,True,True,True
Qwen/Qwen3-235B-A22B-Instruct-2507,modifier_add_scoped_010,0,modifier_add_scoped:template-02,True,True,True,True
Qwen/Qwen3-235B-A22B-Instruct-2507,modifier_add_scoped_010,1,modifier_add_scoped:template-02,True,True,True,True
Qwen/Qwen3-235B-A22B-Instruct-2507,modifier_add_scoped_010,2,modifier_add_scoped:template-02,True,True,True,True
Qwen/Qwen3-235B-A22B-Instruct-2507,modifier_add_scoped_011,0,modifier_add_scoped:template-03,True,True,True,True
Qwen/Qwen3-235B-A22B-Instruct-2507,modifier_add_scoped_011,1,modifier_add_scoped:template-03,True,True,True,True
Qwen/Qwen3-235B-A22B-Instruct-2507,modifier_add_scoped_011,2,modifier_add_scoped:template-03,True,True,True,True
Qwen/Qwen3-235B-A22B-Instruct-2507,modifier_add_scoped_012,0,modifier_add_scoped:template-04,True,True,True,True
Qwen/Qwen3-235B-A22B-Instruct-2507,modifier_add_scoped_012,1,modifier_add_scoped:template-04,True,True,True,True
Qwen/Qwen3-235B-A22B-Instruct-2507,modifier_add_scoped_012,2,modifier_add_scoped:template-04,True,True,True,True
Qwen/Qwen3-235B-A22B-Instruct-2507,modifier_add_scoped_013,0,modifier_add_scoped:template-05,True,True,True,True
Qwen/Qwen3-235B-A22B-Instruct-2507,modifier_add_scoped_013,1,modifier_add_scoped:template-05,True,True,True,True
Qwen/Qwen3-235B-A22B-Instruct-2507,modifier_add_scoped_013,2,modifier_add_scoped:template-05,True,True,True,True
Qwen/Qwen3-235B-A22B-Instruct-2507,modifier_add_scoped_014,0,modifier_add_scoped:template-06,True,True,True,True
Qwen/Qwen3-235B-A22B-Instruct-2507,modifier_add_scoped_014,1,modifier_add_scoped:template-06,True,True,True,True
Qwen/Qwen3-235B-A22B-Instruct-2507,modifier_add_scoped_014,2,modifier_add_scoped:template-06,True,True,True,True
Qwen/Qwen3-235B-A22B-Instruct-2507,modifier_add_scoped_015,0,modifier_add_scoped:template-07,True,True,True,True
Qwen/Qwen3-235B-A22B-Instruct-2507,modifier_add_scoped_015,1,modifier_add_scoped:template-07,True,True,True,True
Qwen/Qwen3-235B-A22B-Instruct-2507,modifier_add_scoped_015,2,modifier_add_scoped:template-07,True,True,True,True
Qwen/Qwen3-235B-A22B-Instruct-2507,modifier_add_scoped_016,0,modifier_add_scoped:template-00,True,True,True,True
Qwen/Qwen3-235B-A22B-Instruct-2507,modifier_add_scoped_016,1,modifier_add_scoped:template-00,True,True,True,True
Qwen/Qwen3-235B-A22B-Instruct-2507,modifier_add_scoped_016,2,modifier_add_scoped:template-00,True,True,True,True
Qwen/Qwen3-235B-A22B-Instruct-2507,modifier_add_scoped_017,0,modifier_add_scoped:template-01,True,True,True,True
Qwen/Qwen3-235B-A22B-Instruct-2507,modifier_add_scoped_017,1,modifier_add_scoped:template-01,True,True,True,True
Qwen/Qwen3-235B-A22B-Instruct-2507,modifier_add_scoped_017,2,modifier_add_scoped:template-01,True,True,True,True
Qwen/Qwen3-235B-A22B-Instruct-2507,modifier_add_scoped_018,0,modifier_add_scoped:template-02,True,True,True,True
Qwen/Qwen3-235B-A22B-Instruct-2507,modifier_add_scoped_018,1,modifier_add_scoped:template-02,True,True,True,True
Qwen/Qwen3-235B-A22B-Instruct-2507,modifier_add_scoped_018,2,modifier_add_scoped:template-02,True,True,True,True
Qwen/Qwen3-235B-A22B-Instruct-2507,modifier_add_scoped_019,0,modifier_add_scoped:template-03,True,True,True,True
Qwen/Qwen3-235B-A22B-Instruct-2507,modifier_add_scoped_019,1,modifier_add_scoped:template-03,True,True,True,True
Qwen/Qwen3-235B-A22B-Instruct-2507,modifier_add_scoped_019,2,modifier_add_scoped:template-03,True,True,True,True
Qwen/Qwen3-235B-A22B-Instruct-2507,modifier_add_scoped_020,0,modifier_add_scoped:template-04,True,True,True,True
Qwen/Qwen3-235B-A22B-Instruct-2507,modifier_add_scoped_020,1,modifier_add_scoped:template-04,True,True,True,True
Qwen/Qwen3-235B-A22B-Instruct-2507,modifier_add_scoped_020,2,modifier_add_scoped:template-04,True,True,True,True
Qwen/Qwen3-235B-A22B-Instruct-2507,modifier_add_scoped_021,0,modifier_add_scoped:template-05,True,True,True,True
Qwen/Qwen3-235B-A22B-Instruct-2507,modifier_add_scoped_021,1,modifier_add_scoped:template-05,True,True,True,True
Qwen/Qwen3-235B-A22B-Instruct-2507,modifier_add_scoped_021,2,modifier_add_scoped:template-05,True,True,True,True
Qwen/Qwen3-235B-A22B-Instruct-2507,modifier_add_scoped_022,0,modifier_add_scoped:template-06,True,True,True,True
Qwen/Qwen3-235B-A22B-Instruct-2507,modifier_add_scoped_022,1,modifier_add_scoped:template-06,True,True,True,True
Qwen/Qwen3-235B-A22B-Instruct-2507,modifier_add_scoped_022,2,modifier_add_scoped:template-06,True,True,True,True
Qwen/Qwen3-235B-A22B-Instruct-2507,modifier_add_scoped_023,0,modifier_add_scoped:template-07,True,True,True,True
Qwen/Qwen3-235B-A22B-Instruct-2507,modifier_add_scoped_023,1,modifier_add_scoped:template-07,True,True,True,True
Qwen/Qwen3-235B-A22B-Instruct-2507,modifier_add_scoped_023,2,modifier_add_scoped:template-07,True,True,True,True
Qwen/Qwen3-235B-A22B-Instruct-2507,modifier_add_scoped_024,0,modifier_add_scoped:template-00,True,True,True,True
Qwen/Qwen3-235B-A22B-Instruct-2507,modifier_add_scoped_024,1,modifier_add_scoped:template-00,True,True,True,True
Qwen/Qwen3-235B-A22B-Instruct-2507,modifier_add_scoped_024,2,modifier_add_scoped:template-00,True,True,True,True
Qwen/Qwen3-235B-A22B-Instruct-2507,modifier_add_scoped_025,0,modifier_add_scoped:template-01,True,True,True,True
Qwen/Qwen3-235B-A22B-Instruct-2507,modifier_add_scoped_025,1,modifier_add_scoped:template-01,True,True,True,True
Qwen/Qwen3-235B-A22B-Instruct-2507,modifier_add_scoped_025,2,modifier_add_scoped:template-01,True,True,True,True
Qwen/Qwen3-235B-A22B-Instruct-2507,modifier_add_scoped_026,0,modifier_add_scoped:template-02,True,True,True,True
Qwen/Qwen3-235B-A22B-Instruct-2507,modifier_add_scoped_026,1,modifier_add_scoped:template-02,True,True,True,True
Qwen/Qwen3-235B-A22B-Instruct-2507,modifier_add_scoped_026,2,modifier_add_scoped:template-02,True,True,True,True
Qwen/Qwen3-235B-A22B-Instruct-2507,modifier_add_scoped_027,0,modifier_add_scoped:template-03,True,True,True,True
Qwen/Qwen3-235B-A22B-Instruct-2507,modifier_add_scoped_027,1,modifier_add_scoped:template-03,True,True,True,True
Qwen/Qwen3-235B-A22B-Instruct-2507,modifier_add_scoped_027,2,modifier_add_scoped:template-03,True,True,True,True
Qwen/Qwen3-235B-A22B-Instruct-2507,modifier_add_scoped_028,0,modifier_add_scoped:template-04,True,True,True,True
Qwen/Qwen3-235B-A22B-Instruct-2507,modifier_add_scoped_028,1,modifier_add_scoped:template-04,True,True,True,True
Qwen/Qwen3-235B-A22B-Instruct-2507,modifier_add_scoped_028,2,modifier_add_scoped:template-04,True,True,True,True
Qwen/Qwen3-235B-A22B-Instruct-2507,modifier_add_scoped_029,0,modifier_add_scoped:template-05,True,True,True,True
Qwen/Qwen3-235B-A22B-Instruct-2507,modifier_add_scoped_029,1,modifier_add_scoped:template-05,True,True,True,True
Qwen/Qwen3-235B-A22B-Instruct-2507,modifier_add_scoped_029,2,modifier_add_scoped:template-05,True,True,True,True
Qwen/Qwen3-235B-A22B-Instruct-2507,modifier_reversal_000,0,modifier_reversal:template-00,True,True,True,True
Qwen/Qwen3-235B-A22B-Instruct-2507,modifier_reversal_000,1,modifier_reversal:template-00,True,True,True,True
Qwen/Qwen3-235B-A22B-Instruct-2507,modifier_reversal_000,2,modifier_reversal:template-00,True,True,True,True
Qwen/Qwen3-235B-A22B-Instruct-2507,modifier_reversal_001,0,modifier_reversal:template-01,True,True,True,True
Qwen/Qwen3-235B-A22B-Instruct-2507,modifier_reversal_001,1,modifier_reversal:template-01,True,True,True,True
Qwen/Qwen3-235B-A22B-Instruct-2507,modifier_reversal_001,2,modifier_reversal:template-01,True,True,True,True
Qwen/Qwen3-235B-A22B-Instruct-2507,modifier_reversal_002,0,modifier_reversal:template-02,True,True,True,True
Qwen/Qwen3-235B-A22B-Instruct-2507,modifier_reversal_002,1,modifier_reversal:template-02,True,True,True,True
Qwen/Qwen3-235B-A22B-Instruct-2507,modifier_reversal_002,2,modifier_reversal:template-02,True,True,True,True
Qwen/Qwen3-235B-A22B-Instruct-2507,modifier_reversal_003,0,modifier_reversal:template-03,True,True,True,True
Qwen/Qwen3-235B-A22B-Instruct-2507,modifier_reversal_003,1,modifier_reversal:template-03,True,True,True,True
Qwen/Qwen3-235B-A22B-Instruct-2507,modifier_reversal_003,2,modifier_reversal:template-03,True,True,True,True
Qwen/Qwen3-235B-A22B-Instruct-2507,modifier_reversal_004,0,modifier_reversal:template-04,True,True,True,True
Qwen/Qwen3-235B-A22B-Instruct-2507,modifier_reversal_004,1,modifier_reversal:template-04,True,True,True,True
Qwen/Qwen3-235B-A22B-Instruct-2507,modifier_reversal_004,2,modifier_reversal:template-04,True,True,True,True
Qwen/Qwen3-235B-A22B-Instruct-2507,modifier_reversal_005,0,modifier_reversal:template-05,True,True,True,True
Qwen/Qwen3-235B-A22B-Instruct-2507,modifier_reversal_005,1,modifier_reversal:template-05,True,True,True,True
Qwen/Qwen3-235B-A22B-Instruct-2507,modifier_reversal_005,2,modifier_reversal:template-05,True,True,True,True
Qwen/Qwen3-235B-A22B-Instruct-2507,modifier_reversal_006,0,modifier_reversal:template-06,True,True,True,True
Qwen/Qwen3-235B-A22B-Instruct-2507,modifier_reversal_006,1,modifier_reversal:template-06,True,True,True,True
Qwen/Qwen3-235B-A22B-Instruct-2507,modifier_reversal_006,2,modifier_reversal:template-06,True,True,True,True
Qwen/Qwen3-235B-A22B-Instruct-2507,modifier_reversal_007,0,modifier_reversal:template-07,True,True,True,True
Qwen/Qwen3-235B-A22B-Instruct-2507,modifier_reversal_007,1,modifier_reversal:template-07,True,True,True,True
Qwen/Qwen3-235B-A22B-Instruct-2507,modifier_reversal_007,2,modifier_reversal:template-07,True,True,True,True
Qwen/Qwen3-235B-A22B-Instruct-2507,modifier_reversal_008,0,modifier_reversal:template-00,True,True,True,True
Qwen/Qwen3-235B-A22B-Instruct-2507,modifier_reversal_008,1,modifier_reversal:template-00,True,True,True,True
Qwen/Qwen3-235B-A22B-Instruct-2507,modifier_reversal_008,2,modifier_reversal:template-00,True,True,True,True
Qwen/Qwen3-235B-A22B-Instruct-2507,modifier_reversal_009,0,modifier_reversal:template-01,True,True,True,True
Qwen/Qwen3-235B-A22B-Instruct-2507,modifier_reversal_009,1,modifier_reversal:template-01,True,True,True,True
Qwen/Qwen3-235B-A22B-Instruct-2507,modifier_reversal_009,2,modifier_reversal:template-01,True,True,True,True
Qwen/Qwen3-235B-A22B-Instruct-2507,modifier_reversal_010,0,modifier_reversal:template-02,True,True,True,True
Qwen/Qwen3-235B-A22B-Instruct-2507,modifier_reversal_010,1,modifier_reversal:template-02,True,True,True,True
Qwen/Qwen3-235B-A22B-Instruct-2507,modifier_reversal_010,2,modifier_reversal:template-02,True,True,True,True
Qwen/Qwen3-235B-A22B-Instruct-2507,modifier_reversal_011,0,modifier_reversal:template-03,True,True,True,True
Qwen/Qwen3-235B-A22B-Instruct-2507,modifier_reversal_011,1,modifier_reversal:template-03,True,True,True,True
Qwen/Qwen3-235B-A22B-Instruct-2507,modifier_reversal_011,2,modifier_reversal:template-03,True,True,True,True
Qwen/Qwen3-235B-A22B-Instruct-2507,modifier_reversal_012,0,modifier_reversal:template-04,True,True,True,True
Qwen/Qwen3-235B-A22B-Instruct-2507,modifier_reversal_012,1,modifier_reversal:template-04,True,True,True,True
Qwen/Qwen3-235B-A22B-Instruct-2507,modifier_reversal_012,2,modifier_reversal:template-04,True,True,True,True
Qwen/Qwen3-235B-A22B-Instruct-2507,modifier_reversal_013,0,modifier_reversal:template-05,True,True,True,True
Qwen/Qwen3-235B-A22B-Instruct-2507,modifier_reversal_013,1,modifier_reversal:template-05,True,True,True,True
Qwen/Qwen3-235B-A22B-Instruct-2507,modifier_reversal_013,2,modifier_reversal:template-05,True,True,True,True
Qwen/Qwen3-235B-A22B-Instruct-2507,modifier_reversal_014,0,modifier_reversal:template-06,True,True,True,True
Qwen/Qwen3-235B-A22B-Instruct-2507,modifier_reversal_014,1,modifier_reversal:template-06,True,True,True,True
Qwen/Qwen3-235B-A22B-Instruct-2507,modifier_reversal_014,2,modifier_reversal:template-06,True,True,True,True
Qwen/Qwen3-235B-A22B-Instruct-2507,modifier_reversal_015,0,modifier_reversal:template-07,True,True,True,True
Qwen/Qwen3-235B-A22B-Instruct-2507,modifier_reversal_015,1,modifier_reversal:template-07,True,True,True,True
Qwen/Qwen3-235B-A22B-Instruct-2507,modifier_reversal_015,2,modifier_reversal:template-07,True,True,True,True
Qwen/Qwen3-235B-A22B-Instruct-2507,modifier_reversal_016,0,modifier_reversal:template-00,True,True,True,True
Qwen/Qwen3-235B-A22B-Instruct-2507,modifier_reversal_016,1,modifier_reversal:template-00,True,True,True,True
Qwen/Qwen3-235B-A22B-Instruct-2507,modifier_reversal_016,2,modifier_reversal:template-00,True,True,True,True
Qwen/Qwen3-235B-A22B-Instruct-2507,modifier_reversal_017,0,modifier_reversal:template-01,True,True,True,True
Qwen/Qwen3-235B-A22B-Instruct-2507,modifier_reversal_017,1,modifier_reversal:template-01,True,True,True,True
Qwen/Qwen3-235B-A22B-Instruct-2507,modifier_reversal_017,2,modifier_reversal:template-01,True,True,True,True
Qwen/Qwen3-235B-A22B-Instruct-2507,modifier_reversal_018,0,modifier_reversal:template-02,True,True,True,True
Qwen/Qwen3-235B-A22B-Instruct-2507,modifier_reversal_018,1,modifier_reversal:template-02,True,True,True,True
Qwen/Qwen3-235B-A22B-Instruct-2507,modifier_reversal_018,2,modifier_reversal:template-02,True,True,True,True
Qwen/Qwen3-235B-A22B-Instruct-2507,modifier_reversal_019,0,modifier_reversal:template-03,True,True,True,True
Qwen/Qwen3-235B-A22B-Instruct-2507,modifier_reversal_019,1,modifier_reversal:template-03,True,True,True,True
Qwen/Qwen3-235B-A22B-Instruct-2507,modifier_reversal_019,2,modifier_reversal:template-03,True,True,True,True
Qwen/Qwen3-235B-A22B-Instruct-2507,modifier_reversal_020,0,modifier_reversal:template-04,True,True,True,True
Qwen/Qwen3-235B-A22B-Instruct-2507,modifier_reversal_020,1,modifier_reversal:template-04,True,True,True,True
Qwen/Qwen3-235B-A22B-Instruct-2507,modifier_reversal_020,2,modifier_reversal:template-04,True,True,True,True
Qwen/Qwen3-235B-A22B-Instruct-2507,modifier_reversal_021,0,modifier_reversal:template-05,True,True,True,True
Qwen/Qwen3-235B-A22B-Instruct-2507,modifier_reversal_021,1,modifier_reversal:template-05,True,True,True,True
Qwen/Qwen3-235B-A22B-Instruct-2507,modifier_reversal_021,2,modifier_reversal:template-05,True,True,True,True
Qwen/Qwen3-235B-A22B-Instruct-2507,modifier_reversal_022,0,modifier_reversal:template-06,True,True,True,True
Qwen/Qwen3-235B-A22B-Instruct-2507,modifier_reversal_022,1,modifier_reversal:template-06,True,True,True,True
Qwen/Qwen3-235B-A22B-Instruct-2507,modifier_reversal_022,2,modifier_reversal:template-06,True,True,True,True
Qwen/Qwen3-235B-A22B-Instruct-2507,modifier_reversal_023,0,modifier_reversal:template-07,True,True,True,True
Qwen/Qwen3-235B-A22B-Instruct-2507,modifier_reversal_023,1,modifier_reversal:template-07,True,True,True,True
Qwen/Qwen3-235B-A22B-Instruct-2507,modifier_reversal_023,2,modifier_reversal:template-07,True,True,True,True
Qwen/Qwen3-235B-A22B-Instruct-2507,modifier_reversal_024,0,modifier_reversal:template-00,True,True,True,True
Qwen/Qwen3-235B-A22B-Instruct-2507,modifier_reversal_024,1,modifier_reversal:template-00,True,True,True,True
Qwen/Qwen3-235B-A22B-Instruct-2507,modifier_reversal_024,2,modifier_reversal:template-00,True,True,True,True
Qwen/Qwen3-235B-A22B-Instruct-2507,modifier_reversal_025,0,modifier_reversal:template-01,True,True,True,True
Qwen/Qwen3-235B-A22B-Instruct-2507,modifier_reversal_025,1,modifier_reversal:template-01,True,True,True,True
Qwen/Qwen3-235B-A22B-Instruct-2507,modifier_reversal_025,2,modifier_reversal:template-01,True,True,True,True
Qwen/Qwen3-235B-A22B-Instruct-2507,modifier_reversal_026,0,modifier_reversal:template-02,True,True,True,True
Qwen/Qwen3-235B-A22B-Instruct-2507,modifier_reversal_026,1,modifier_reversal:template-02,True,True,True,True
Qwen/Qwen3-235B-A22B-Instruct-2507,modifier_reversal_026,2,modifier_reversal:template-02,True,True,True,True
Qwen/Qwen3-235B-A22B-Instruct-2507,modifier_reversal_027,0,modifier_reversal:template-03,True,True,True,True
Qwen/Qwen3-235B-A22B-Instruct-2507,modifier_reversal_027,1,modifier_reversal:template-03,True,True,True,True
Qwen/Qwen3-235B-A22B-Instruct-2507,modifier_reversal_027,2,modifier_reversal:template-03,True,True,True,True
Qwen/Qwen3-235B-A22B-Instruct-2507,modifier_reversal_028,0,modifier_reversal:template-04,True,True,True,True
Qwen/Qwen3-235B-A22B-Instruct-2507,modifier_reversal_028,1,modifier_reversal:template-04,True,True,True,True
Qwen/Qwen3-235B-A22B-Instruct-2507,modifier_reversal_028,2,modifier_reversal:template-04,True,True,True,True
Qwen/Qwen3-235B-A22B-Instruct-2507,modifier_reversal_029,0,modifier_reversal:template-05,True,True,True,True
Qwen/Qwen3-235B-A22B-Instruct-2507,modifier_reversal_029,1,modifier_reversal:template-05,True,True,True,True
Qwen/Qwen3-235B-A22B-Instruct-2507,modifier_reversal_029,2,modifier_reversal:template-05,True,True,True,True
Qwen/Qwen3-235B-A22B-Instruct-2507,quantity_decrease_000,0,quantity_decrease:template-00,True,True,True,True
Qwen/Qwen3-235B-A22B-Instruct-2507,quantity_decrease_000,1,quantity_decrease:template-00,True,True,True,True
Qwen/Qwen3-235B-A22B-Instruct-2507,quantity_decrease_000,2,quantity_decrease:template-00,True,True,True,True
Qwen/Qwen3-235B-A22B-Instruct-2507,quantity_decrease_001,0,quantity_decrease:template-01,True,True,True,True
Qwen/Qwen3-235B-A22B-Instruct-2507,quantity_decrease_001,1,quantity_decrease:template-01,True,True,True,True
Qwen/Qwen3-235B-A22B-Instruct-2507,quantity_decrease_001,2,quantity_decrease:template-01,True,True,True,True
Qwen/Qwen3-235B-A22B-Instruct-2507,quantity_decrease_002,0,quantity_decrease:template-02,True,True,True,True
Qwen/Qwen3-235B-A22B-Instruct-2507,quantity_decrease_002,1,quantity_decrease:template-02,True,True,True,True
Qwen/Qwen3-235B-A22B-Instruct-2507,quantity_decrease_002,2,quantity_decrease:template-02,True,True,True,True
Qwen/Qwen3-235B-A22B-Instruct-2507,quantity_decrease_003,0,quantity_decrease:template-03,True,True,True,True
Qwen/Qwen3-235B-A22B-Instruct-2507,quantity_decrease_003,1,quantity_decrease:template-03,True,True,True,True
Qwen/Qwen3-235B-A22B-Instruct-2507,quantity_decrease_003,2,quantity_decrease:template-03,True,True,True,True
Qwen/Qwen3-235B-A22B-Instruct-2507,quantity_decrease_004,0,quantity_decrease:template-04,True,True,True,True
Qwen/Qwen3-235B-A22B-Instruct-2507,quantity_decrease_004,1,quantity_decrease:template-04,True,True,True,True
Qwen/Qwen3-235B-A22B-Instruct-2507,quantity_decrease_004,2,quantity_decrease:template-04,True,True,True,True
Qwen/Qwen3-235B-A22B-Instruct-2507,quantity_decrease_005,0,quantity_decrease:template-05,True,True,True,True
Qwen/Qwen3-235B-A22B-Instruct-2507,quantity_decrease_005,1,quantity_decrease:template-05,True,True,True,True
Qwen/Qwen3-235B-A22B-Instruct-2507,quantity_decrease_005,2,quantity_decrease:template-05,True,True,True,True
Qwen/Qwen3-235B-A22B-Instruct-2507,quantity_decrease_006,0,quantity_decrease:template-06,True,True,True,True
Qwen/Qwen3-235B-A22B-Instruct-2507,quantity_decrease_006,1,quantity_decrease:template-06,True,True,True,True
Qwen/Qwen3-235B-A22B-Instruct-2507,quantity_decrease_006,2,quantity_decrease:template-06,True,True,True,True
Qwen/Qwen3-235B-A22B-Instruct-2507,quantity_decrease_007,0,quantity_decrease:template-07,True,True,True,True
Qwen/Qwen3-235B-A22B-Instruct-2507,quantity_decrease_007,1,quantity_decrease:template-07,True,True,True,True
Qwen/Qwen3-235B-A22B-Instruct-2507,quantity_decrease_007,2,quantity_decrease:template-07,True,True,True,True
Qwen/Qwen3-235B-A22B-Instruct-2507,quantity_decrease_008,0,quantity_decrease:template-00,True,True,True,True
Qwen/Qwen3-235B-A22B-Instruct-2507,quantity_decrease_008,1,quantity_decrease:template-00,True,True,True,True
Qwen/Qwen3-235B-A22B-Instruct-2507,quantity_decrease_008,2,quantity_decrease:template-00,True,True,True,True
Qwen/Qwen3-235B-A22B-Instruct-2507,quantity_decrease_009,0,quantity_decrease:template-01,True,True,True,True
Qwen/Qwen3-235B-A22B-Instruct-2507,quantity_decrease_009,1,quantity_decrease:template-01,True,True,True,True
Qwen/Qwen3-235B-A22B-Instruct-2507,quantity_decrease_009,2,quantity_decrease:template-01,True,True,True,True
Qwen/Qwen3-235B-A22B-Instruct-2507,quantity_decrease_010,0,quantity_decrease:template-02,True,True,True,True
Qwen/Qwen3-235B-A22B-Instruct-2507,quantity_decrease_010,1,quantity_decrease:template-02,True,True,True,True
Qwen/Qwen3-235B-A22B-Instruct-2507,quantity_decrease_010,2,quantity_decrease:template-02,True,True,True,True
Qwen/Qwen3-235B-A22B-Instruct-2507,quantity_decrease_011,0,quantity_decrease:template-03,True,True,True,True
Qwen/Qwen3-235B-A22B-Instruct-2507,quantity_decrease_011,1,quantity_decrease:template-03,True,True,True,True
Qwen/Qwen3-235B-A22B-Instruct-2507,quantity_decrease_011,2,quantity_decrease:template-03,True,True,True,True
Qwen/Qwen3-235B-A22B-Instruct-2507,quantity_decrease_012,0,quantity_decrease:template-04,True,True,True,True
Qwen/Qwen3-235B-A22B-Instruct-2507,quantity_decrease_012,1,quantity_decrease:template-04,True,True,True,True
Qwen/Qwen3-235B-A22B-Instruct-2507,quantity_decrease_012,2,quantity_decrease:template-04,True,True,True,True
Qwen/Qwen3-235B-A22B-Instruct-2507,quantity_decrease_013,0,quantity_decrease:template-05,True,True,True,True
Qwen/Qwen3-235B-A22B-Instruct-2507,quantity_decrease_013,1,quantity_decrease:template-05,True,True,True,True
Qwen/Qwen3-235B-A22B-Instruct-2507,quantity_decrease_013,2,quantity_decrease:template-05,True,True,True,True
Qwen/Qwen3-235B-A22B-Instruct-2507,quantity_decrease_014,0,quantity_decrease:template-06,True,True,True,True
Qwen/Qwen3-235B-A22B-Instruct-2507,quantity_decrease_014,1,quantity_decrease:template-06,True,True,True,True
Qwen/Qwen3-235B-A22B-Instruct-2507,quantity_decrease_014,2,quantity_decrease:template-06,True,True,True,True
Qwen/Qwen3-235B-A22B-Instruct-2507,quantity_decrease_015,0,quantity_decrease:template-07,True,True,True,True
Qwen/Qwen3-235B-A22B-Instruct-2507,quantity_decrease_015,1,quantity_decrease:template-07,True,True,True,True
Qwen/Qwen3-235B-A22B-Instruct-2507,quantity_decrease_015,2,quantity_decrease:template-07,True,True,True,True
Qwen/Qwen3-235B-A22B-Instruct-2507,quantity_decrease_016,0,quantity_decrease:template-00,True,True,True,True
Qwen/Qwen3-235B-A22B-Instruct-2507,quantity_decrease_016,1,quantity_decrease:template-00,True,True,True,True
Qwen/Qwen3-235B-A22B-Instruct-2507,quantity_decrease_016,2,quantity_decrease:template-00,True,True,True,True
Qwen/Qwen3-235B-A22B-Instruct-2507,quantity_decrease_017,0,quantity_decrease:template-01,True,True,True,True
Qwen/Qwen3-235B-A22B-Instruct-2507,quantity_decrease_017,1,quantity_decrease:template-01,True,True,True,True
Qwen/Qwen3-235B-A22B-Instruct-2507,quantity_decrease_017,2,quantity_decrease:template-01,True,True,True,True
Qwen/Qwen3-235B-A22B-Instruct-2507,quantity_decrease_018,0,quantity_decrease:template-02,True,True,True,True
Qwen/Qwen3-235B-A22B-Instruct-2507,quantity_decrease_018,1,quantity_decrease:template-02,True,True,True,True
Qwen/Qwen3-235B-A22B-Instruct-2507,quantity_decrease_018,2,quantity_decrease:template-02,True,True,True,True
Qwen/Qwen3-235B-A22B-Instruct-2507,quantity_decrease_019,0,quantity_decrease:template-03,True,True,True,True
Qwen/Qwen3-235B-A22B-Instruct-2507,quantity_decrease_019,1,quantity_decrease:template-03,True,True,True,True
Qwen/Qwen3-235B-A22B-Instruct-2507,quantity_decrease_019,2,quantity_decrease:template-03,True,True,True,True
Qwen/Qwen3-235B-A22B-Instruct-2507,quantity_decrease_020,0,quantity_decrease:template-04,True,True,True,True
Qwen/Qwen3-235B-A22B-Instruct-2507,quantity_decrease_020,1,quantity_decrease:template-04,True,True,True,True
Qwen/Qwen3-235B-A22B-Instruct-2507,quantity_decrease_020,2,quantity_decrease:template-04,True,True,True,True
Qwen/Qwen3-235B-A22B-Instruct-2507,quantity_decrease_021,0,quantity_decrease:template-05,True,True,True,True
Qwen/Qwen3-235B-A22B-Instruct-2507,quantity_decrease_021,1,quantity_decrease:template-05,True,True,True,True
Qwen/Qwen3-235B-A22B-Instruct-2507,quantity_decrease_021,2,quantity_decrease:template-05,True,True,True,True
Qwen/Qwen3-235B-A22B-Instruct-2507,quantity_decrease_022,0,quantity_decrease:template-06,True,True,True,True
Qwen/Qwen3-235B-A22B-Instruct-2507,quantity_decrease_022,1,quantity_decrease:template-06,True,True,True,True
Qwen/Qwen3-235B-A22B-Instruct-2507,quantity_decrease_022,2,quantity_decrease:template-06,True,True,True,True
Qwen/Qwen3-235B-A22B-Instruct-2507,quantity_decrease_023,0,quantity_decrease:template-07,True,True,True,True
Qwen/Qwen3-235B-A22B-Instruct-2507,quantity_decrease_023,1,quantity_decrease:template-07,True,True,True,True
Qwen/Qwen3-235B-A22B-Instruct-2507,quantity_decrease_023,2,quantity_decrease:template-07,True,True,True,True
Qwen/Qwen3-235B-A22B-Instruct-2507,quantity_decrease_024,0,quantity_decrease:template-00,True,True,True,True
Qwen/Qwen3-235B-A22B-Instruct-2507,quantity_decrease_024,1,quantity_decrease:template-00,True,True,True,True
Qwen/Qwen3-235B-A22B-Instruct-2507,quantity_decrease_024,2,quantity_decrease:template-00,True,True,True,True
Qwen/Qwen3-235B-A22B-Instruct-2507,quantity_decrease_025,0,quantity_decrease:template-01,True,True,True,True
Qwen/Qwen3-235B-A22B-Instruct-2507,quantity_decrease_025,1,quantity_decrease:template-01,True,True,True,True
Qwen/Qwen3-235B-A22B-Instruct-2507,quantity_decrease_025,2,quantity_decrease:template-01,True,True,True,True
Qwen/Qwen3-235B-A22B-Instruct-2507,quantity_decrease_026,0,quantity_decrease:template-02,True,True,True,True
Qwen/Qwen3-235B-A22B-Instruct-2507,quantity_decrease_026,1,quantity_decrease:template-02,True,True,True,True
Qwen/Qwen3-235B-A22B-Instruct-2507,quantity_decrease_026,2,quantity_decrease:template-02,True,True,True,True
Qwen/Qwen3-235B-A22B-Instruct-2507,quantity_decrease_027,0,quantity_decrease:template-03,True,True,True,True
Qwen/Qwen3-235B-A22B-Instruct-2507,quantity_decrease_027,1,quantity_decrease:template-03,True,True,True,True
Qwen/Qwen3-235B-A22B-Instruct-2507,quantity_decrease_027,2,quantity_decrease:template-03,True,True,True,True
Qwen/Qwen3-235B-A22B-Instruct-2507,quantity_decrease_028,0,quantity_decrease:template-04,True,True,True,True
Qwen/Qwen3-235B-A22B-Instruct-2507,quantity_decrease_028,1,quantity_decrease:template-04,True,True,True,True
Qwen/Qwen3-235B-A22B-Instruct-2507,quantity_decrease_028,2,quantity_decrease:template-04,True,True,True,True
Qwen/Qwen3-235B-A22B-Instruct-2507,quantity_decrease_029,0,quantity_decrease:template-05,True,True,True,True
Qwen/Qwen3-235B-A22B-Instruct-2507,quantity_decrease_029,1,quantity_decrease:template-05,True,True,True,True
Qwen/Qwen3-235B-A22B-Instruct-2507,quantity_decrease_029,2,quantity_decrease:template-05,True,True,True,True
Qwen/Qwen3-235B-A22B-Instruct-2507,quantity_increase_000,0,quantity_increase:template-00,True,True,True,True
Qwen/Qwen3-235B-A22B-Instruct-2507,quantity_increase_000,1,quantity_increase:template-00,True,True,True,True
Qwen/Qwen3-235B-A22B-Instruct-2507,quantity_increase_000,2,quantity_increase:template-00,True,True,True,True
Qwen/Qwen3-235B-A22B-Instruct-2507,quantity_increase_001,0,quantity_increase:template-01,True,True,True,True
Qwen/Qwen3-235B-A22B-Instruct-2507,quantity_increase_001,1,quantity_increase:template-01,True,True,True,True
Qwen/Qwen3-235B-A22B-Instruct-2507,quantity_increase_001,2,quantity_increase:template-01,True,True,True,True
Qwen/Qwen3-235B-A22B-Instruct-2507,quantity_increase_002,0,quantity_increase:template-02,True,True,True,True
Qwen/Qwen3-235B-A22B-Instruct-2507,quantity_increase_002,1,quantity_increase:template-02,True,True,True,True
Qwen/Qwen3-235B-A22B-Instruct-2507,quantity_increase_002,2,quantity_increase:template-02,True,True,True,True
Qwen/Qwen3-235B-A22B-Instruct-2507,quantity_increase_003,0,quantity_increase:template-03,True,True,True,True
Qwen/Qwen3-235B-A22B-Instruct-2507,quantity_increase_003,1,quantity_increase:template-03,True,True,True,True
Qwen/Qwen3-235B-A22B-Instruct-2507,quantity_increase_003,2,quantity_increase:template-03,True,True,True,True
Qwen/Qwen3-235B-A22B-Instruct-2507,quantity_increase_004,0,quantity_increase:template-04,True,True,True,True
Qwen/Qwen3-235B-A22B-Instruct-2507,quantity_increase_004,1,quantity_increase:template-04,True,True,True,True
Qwen/Qwen3-235B-A22B-Instruct-2507,quantity_increase_004,2,quantity_increase:template-04,True,True,True,True
Qwen/Qwen3-235B-A22B-Instruct-2507,quantity_increase_005,0,quantity_increase:template-05,True,True,True,True
Qwen/Qwen3-235B-A22B-Instruct-2507,quantity_increase_005,1,quantity_increase:template-05,True,True,True,True
Qwen/Qwen3-235B-A22B-Instruct-2507,quantity_increase_005,2,quantity_increase:template-05,True,True,True,True
Qwen/Qwen3-235B-A22B-Instruct-2507,quantity_increase_006,0,quantity_increase:template-06,True,True,True,True
Qwen/Qwen3-235B-A22B-Instruct-2507,quantity_increase_006,1,quantity_increase:template-06,True,True,True,True
Qwen/Qwen3-235B-A22B-Instruct-2507,quantity_increase_006,2,quantity_increase:template-06,True,True,True,True
Qwen/Qwen3-235B-A22B-Instruct-2507,quantity_increase_007,0,quantity_increase:template-07,True,True,True,True
Qwen/Qwen3-235B-A22B-Instruct-2507,quantity_increase_007,1,quantity_increase:template-07,True,True,True,True
Qwen/Qwen3-235B-A22B-Instruct-2507,quantity_increase_007,2,quantity_increase:template-07,True,True,True,True
Qwen/Qwen3-235B-A22B-Instruct-2507,quantity_increase_008,0,quantity_increase:template-00,True,True,True,True
Qwen/Qwen3-235B-A22B-Instruct-2507,quantity_increase_008,1,quantity_increase:template-00,True,True,True,True
Qwen/Qwen3-235B-A22B-Instruct-2507,quantity_increase_008,2,quantity_increase:template-00,True,True,True,True
Qwen/Qwen3-235B-A22B-Instruct-2507,quantity_increase_009,0,quantity_increase:template-01,True,True,True,True
Qwen/Qwen3-235B-A22B-Instruct-2507,quantity_increase_009,1,quantity_increase:template-01,True,True,True,True
Qwen/Qwen3-235B-A22B-Instruct-2507,quantity_increase_009,2,quantity_increase:template-01,True,True,True,True
Qwen/Qwen3-235B-A22B-Instruct-2507,quantity_increase_010,0,quantity_increase:template-02,True,True,True,True
Qwen/Qwen3-235B-A22B-Instruct-2507,quantity_increase_010,1,quantity_increase:template-02,True,True,True,True
Qwen/Qwen3-235B-A22B-Instruct-2507,quantity_increase_010,2,quantity_increase:template-02,True,True,True,True
Qwen/Qwen3-235B-A22B-Instruct-2507,quantity_increase_011,0,quantity_increase:template-03,True,True,True,True
Qwen/Qwen3-235B-A22B-Instruct-2507,quantity_increase_011,1,quantity_increase:template-03,True,True,True,True
Qwen/Qwen3-235B-A22B-Instruct-2507,quantity_increase_011,2,quantity_increase:template-03,True,True,True,True
Qwen/Qwen3-235B-A22B-Instruct-2507,quantity_increase_012,0,quantity_increase:template-04,True,True,True,True
Qwen/Qwen3-235B-A22B-Instruct-2507,quantity_increase_012,1,quantity_increase:template-04,True,True,True,True
Qwen/Qwen3-235B-A22B-Instruct-2507,quantity_increase_012,2,quantity_increase:template-04,True,True,True,True
Qwen/Qwen3-235B-A22B-Instruct-2507,quantity_increase_013,0,quantity_increase:template-05,True,True,True,True
Qwen/Qwen3-235B-A22B-Instruct-2507,quantity_increase_013,1,quantity_increase:template-05,True,True,True,True
Qwen/Qwen3-235B-A22B-Instruct-2507,quantity_increase_013,2,quantity_increase:template-05,True,True,True,True
Qwen/Qwen3-235B-A22B-Instruct-2507,quantity_increase_014,0,quantity_increase:template-06,True,True,True,True
Qwen/Qwen3-235B-A22B-Instruct-2507,quantity_increase_014,1,quantity_increase:template-06,True,True,True,True
Qwen/Qwen3-235B-A22B-Instruct-2507,quantity_increase_014,2,quantity_increase:template-06,True,True,True,True
Qwen/Qwen3-235B-A22B-Instruct-2507,quantity_increase_015,0,quantity_increase:template-07,True,True,True,True
Qwen/Qwen3-235B-A22B-Instruct-2507,quantity_increase_015,1,quantity_increase:template-07,True,True,True,True
Qwen/Qwen3-235B-A22B-Instruct-2507,quantity_increase_015,2,quantity_increase:template-07,True,True,True,True
Qwen/Qwen3-235B-A22B-Instruct-2507,quantity_increase_016,0,quantity_increase:template-00,True,True,True,True
Qwen/Qwen3-235B-A22B-Instruct-2507,quantity_increase_016,1,quantity_increase:template-00,True,True,True,True
Qwen/Qwen3-235B-A22B-Instruct-2507,quantity_increase_016,2,quantity_increase:template-00,True,True,True,True
Qwen/Qwen3-235B-A22B-Instruct-2507,quantity_increase_017,0,quantity_increase:template-01,True,True,True,True
Qwen/Qwen3-235B-A22B-Instruct-2507,quantity_increase_017,1,quantity_increase:template-01,True,True,True,True
Qwen/Qwen3-235B-A22B-Instruct-2507,quantity_increase_017,2,quantity_increase:template-01,True,True,True,True
Qwen/Qwen3-235B-A22B-Instruct-2507,quantity_increase_018,0,quantity_increase:template-02,True,True,True,True
Qwen/Qwen3-235B-A22B-Instruct-2507,quantity_increase_018,1,quantity_increase:template-02,True,True,True,True
Qwen/Qwen3-235B-A22B-Instruct-2507,quantity_increase_018,2,quantity_increase:template-02,True,True,True,True
Qwen/Qwen3-235B-A22B-Instruct-2507,quantity_increase_019,0,quantity_increase:template-03,True,True,True,True
Qwen/Qwen3-235B-A22B-Instruct-2507,quantity_increase_019,1,quantity_increase:template-03,True,True,True,True
Qwen/Qwen3-235B-A22B-Instruct-2507,quantity_increase_019,2,quantity_increase:template-03,True,True,True,True
Qwen/Qwen3-235B-A22B-Instruct-2507,quantity_increase_020,0,quantity_increase:template-04,True,True,True,True
Qwen/Qwen3-235B-A22B-Instruct-2507,quantity_increase_020,1,quantity_increase:template-04,True,True,True,True
Qwen/Qwen3-235B-A22B-Instruct-2507,quantity_increase_020,2,quantity_increase:template-04,True,True,True,True
Qwen/Qwen3-235B-A22B-Instruct-2507,quantity_increase_021,0,quantity_increase:template-05,True,True,True,True
Qwen/Qwen3-235B-A22B-Instruct-2507,quantity_increase_021,1,quantity_increase:template-05,True,True,True,True
Qwen/Qwen3-235B-A22B-Instruct-2507,quantity_increase_021,2,quantity_increase:template-05,True,True,True,True
Qwen/Qwen3-235B-A22B-Instruct-2507,quantity_increase_022,0,quantity_increase:template-06,True,True,True,True
Qwen/Qwen3-235B-A22B-Instruct-2507,quantity_increase_022,1,quantity_increase:template-06,True,True,True,True
Qwen/Qwen3-235B-A22B-Instruct-2507,quantity_increase_022,2,quantity_increase:template-06,True,True,True,True
Qwen/Qwen3-235B-A22B-Instruct-2507,quantity_increase_023,0,quantity_increase:template-07,True,True,True,True
Qwen/Qwen3-235B-A22B-Instruct-2507,quantity_increase_023,1,quantity_increase:template-07,True,True,True,True
Qwen/Qwen3-235B-A22B-Instruct-2507,quantity_increase_023,2,quantity_increase:template-07,True,True,True,True
Qwen/Qwen3-235B-A22B-Instruct-2507,quantity_increase_024,0,quantity_increase:template-00,True,True,True,True
Qwen/Qwen3-235B-A22B-Instruct-2507,quantity_increase_024,1,quantity_increase:template-00,True,True,True,True
Qwen/Qwen3-235B-A22B-Instruct-2507,quantity_increase_024,2,quantity_increase:template-00,True,True,True,True
Qwen/Qwen3-235B-A22B-Instruct-2507,quantity_increase_025,0,quantity_increase:template-01,True,True,True,True
Qwen/Qwen3-235B-A22B-Instruct-2507,quantity_increase_025,1,quantity_increase:template-01,True,True,True,True
Qwen/Qwen3-235B-A22B-Instruct-2507,quantity_increase_025,2,quantity_increase:template-01,True,True,True,True
Qwen/Qwen3-235B-A22B-Instruct-2507,quantity_increase_026,0,quantity_increase:template-02,True,True,True,True
Qwen/Qwen3-235B-A22B-Instruct-2507,quantity_increase_026,1,quantity_increase:template-02,True,True,True,True
Qwen/Qwen3-235B-A22B-Instruct-2507,quantity_increase_026,2,quantity_increase:template-02,True,True,True,True
Qwen/Qwen3-235B-A22B-Instruct-2507,quantity_increase_027,0,quantity_increase:template-03,True,True,True,True
Qwen/Qwen3-235B-A22B-Instruct-2507,quantity_increase_027,1,quantity_increase:template-03,True,True,True,True
Qwen/Qwen3-235B-A22B-Instruct-2507,quantity_increase_027,2,quantity_increase:template-03,True,True,True,True
Qwen/Qwen3-235B-A22B-Instruct-2507,quantity_increase_028,0,quantity_increase:template-04,True,True,True,True
Qwen/Qwen3-235B-A22B-Instruct-2507,quantity_increase_028,1,quantity_increase:template-04,True,True,True,True
Qwen/Qwen3-235B-A22B-Instruct-2507,quantity_increase_028,2,quantity_increase:template-04,True,True,True,True
Qwen/Qwen3-235B-A22B-Instruct-2507,quantity_increase_029,0,quantity_increase:template-05,True,True,True,True
Qwen/Qwen3-235B-A22B-Instruct-2507,quantity_increase_029,1,quantity_increase:template-05,True,True,True,True
Qwen/Qwen3-235B-A22B-Instruct-2507,quantity_increase_029,2,quantity_increase:template-05,True,True,True,True
Qwen/Qwen3-235B-A22B-Instruct-2507,remove_scoped_duplicate_000,0,remove_scoped_duplicate:template-00,True,True,True,True
Qwen/Qwen3-235B-A22B-Instruct-2507,remove_scoped_duplicate_000,1,remove_scoped_duplicate:template-00,True,True,True,True
Qwen/Qwen3-235B-A22B-Instruct-2507,remove_scoped_duplicate_000,2,remove_scoped_duplicate:template-00,True,True,True,True
Qwen/Qwen3-235B-A22B-Instruct-2507,remove_scoped_duplicate_001,0,remove_scoped_duplicate:template-01,True,True,True,True
Qwen/Qwen3-235B-A22B-Instruct-2507,remove_scoped_duplicate_001,1,remove_scoped_duplicate:template-01,True,True,True,True
Qwen/Qwen3-235B-A22B-Instruct-2507,remove_scoped_duplicate_001,2,remove_scoped_duplicate:template-01,True,True,True,True
Qwen/Qwen3-235B-A22B-Instruct-2507,remove_scoped_duplicate_002,0,remove_scoped_duplicate:template-02,True,True,True,True
Qwen/Qwen3-235B-A22B-Instruct-2507,remove_scoped_duplicate_002,1,remove_scoped_duplicate:template-02,True,True,True,True
Qwen/Qwen3-235B-A22B-Instruct-2507,remove_scoped_duplicate_002,2,remove_scoped_duplicate:template-02,True,True,True,True
Qwen/Qwen3-235B-A22B-Instruct-2507,remove_scoped_duplicate_003,0,remove_scoped_duplicate:template-03,True,True,True,True
Qwen/Qwen3-235B-A22B-Instruct-2507,remove_scoped_duplicate_003,1,remove_scoped_duplicate:template-03,True,True,True,True
Qwen/Qwen3-235B-A22B-Instruct-2507,remove_scoped_duplicate_003,2,remove_scoped_duplicate:template-03,True,True,True,True
Qwen/Qwen3-235B-A22B-Instruct-2507,remove_scoped_duplicate_004,0,remove_scoped_duplicate:template-04,True,True,True,True
Qwen/Qwen3-235B-A22B-Instruct-2507,remove_scoped_duplicate_004,1,remove_scoped_duplicate:template-04,True,True,True,True
Qwen/Qwen3-235B-A22B-Instruct-2507,remove_scoped_duplicate_004,2,remove_scoped_duplicate:template-04,True,True,True,True
Qwen/Qwen3-235B-A22B-Instruct-2507,remove_scoped_duplicate_005,0,remove_scoped_duplicate:template-05,True,True,True,True
Qwen/Qwen3-235B-A22B-Instruct-2507,remove_scoped_duplicate_005,1,remove_scoped_duplicate:template-05,True,True,True,True
Qwen/Qwen3-235B-A22B-Instruct-2507,remove_scoped_duplicate_005,2,remove_scoped_duplicate:template-05,True,True,True,True
Qwen/Qwen3-235B-A22B-Instruct-2507,remove_scoped_duplicate_006,0,remove_scoped_duplicate:template-06,True,True,True,True
Qwen/Qwen3-235B-A22B-Instruct-2507,remove_scoped_duplicate_006,1,remove_scoped_duplicate:template-06,True,True,True,True
Qwen/Qwen3-235B-A22B-Instruct-2507,remove_scoped_duplicate_006,2,remove_scoped_duplicate:template-06,True,True,True,True
Qwen/Qwen3-235B-A22B-Instruct-2507,remove_scoped_duplicate_007,0,remove_scoped_duplicate:template-07,True,True,True,True
Qwen/Qwen3-235B-A22B-Instruct-2507,remove_scoped_duplicate_007,1,remove_scoped_duplicate:template-07,True,True,True,True
Qwen/Qwen3-235B-A22B-Instruct-2507,remove_scoped_duplicate_007,2,remove_scoped_duplicate:template-07,True,True,True,True
Qwen/Qwen3-235B-A22B-Instruct-2507,remove_scoped_duplicate_008,0,remove_scoped_duplicate:template-00,True,True,True,True
Qwen/Qwen3-235B-A22B-Instruct-2507,remove_scoped_duplicate_008,1,remove_scoped_duplicate:template-00,True,True,True,True
Qwen/Qwen3-235B-A22B-Instruct-2507,remove_scoped_duplicate_008,2,remove_scoped_duplicate:template-00,True,True,True,True
Qwen/Qwen3-235B-A22B-Instruct-2507,remove_scoped_duplicate_009,0,remove_scoped_duplicate:template-01,True,True,True,True
Qwen/Qwen3-235B-A22B-Instruct-2507,remove_scoped_duplicate_009,1,remove_scoped_duplicate:template-01,True,True,True,True
Qwen/Qwen3-235B-A22B-Instruct-2507,remove_scoped_duplicate_009,2,remove_scoped_duplicate:template-01,True,True,True,True
Qwen/Qwen3-235B-A22B-Instruct-2507,remove_scoped_duplicate_010,0,remove_scoped_duplicate:template-02,True,True,True,True
Qwen/Qwen3-235B-A22B-Instruct-2507,remove_scoped_duplicate_010,1,remove_scoped_duplicate:template-02,True,True,True,True
Qwen/Qwen3-235B-A22B-Instruct-2507,remove_scoped_duplicate_010,2,remove_scoped_duplicate:template-02,True,True,True,True
Qwen/Qwen3-235B-A22B-Instruct-2507,remove_scoped_duplicate_011,0,remove_scoped_duplicate:template-03,True,True,True,True
Qwen/Qwen3-235B-A22B-Instruct-2507,remove_scoped_duplicate_011,1,remove_scoped_duplicate:template-03,True,True,True,True
Qwen/Qwen3-235B-A22B-Instruct-2507,remove_scoped_duplicate_011,2,remove_scoped_duplicate:template-03,True,True,True,True
Qwen/Qwen3-235B-A22B-Instruct-2507,remove_scoped_duplicate_012,0,remove_scoped_duplicate:template-04,True,True,True,True
Qwen/Qwen3-235B-A22B-Instruct-2507,remove_scoped_duplicate_012,1,remove_scoped_duplicate:template-04,True,True,True,True
Qwen/Qwen3-235B-A22B-Instruct-2507,remove_scoped_duplicate_012,2,remove_scoped_duplicate:template-04,True,True,True,True
Qwen/Qwen3-235B-A22B-Instruct-2507,remove_scoped_duplicate_013,0,remove_scoped_duplicate:template-05,True,True,True,True
Qwen/Qwen3-235B-A22B-Instruct-2507,remove_scoped_duplicate_013,1,remove_scoped_duplicate:template-05,True,True,True,True
Qwen/Qwen3-235B-A22B-Instruct-2507,remove_scoped_duplicate_013,2,remove_scoped_duplicate:template-05,True,True,True,True
Qwen/Qwen3-235B-A22B-Instruct-2507,remove_scoped_duplicate_014,0,remove_scoped_duplicate:template-06,True,True,True,True
Qwen/Qwen3-235B-A22B-Instruct-2507,remove_scoped_duplicate_014,1,remove_scoped_duplicate:template-06,True,True,True,True
Qwen/Qwen3-235B-A22B-Instruct-2507,remove_scoped_duplicate_014,2,remove_scoped_duplicate:template-06,True,True,True,True
Qwen/Qwen3-235B-A22B-Instruct-2507,remove_scoped_duplicate_015,0,remove_scoped_duplicate:template-07,True,True,True,True
Qwen/Qwen3-235B-A22B-Instruct-2507,remove_scoped_duplicate_015,1,remove_scoped_duplicate:template-07,True,True,True,True
Qwen/Qwen3-235B-A22B-Instruct-2507,remove_scoped_duplicate_015,2,remove_scoped_duplicate:template-07,True,True,True,True
Qwen/Qwen3-235B-A22B-Instruct-2507,remove_scoped_duplicate_016,0,remove_scoped_duplicate:template-00,True,True,True,True
Qwen/Qwen3-235B-A22B-Instruct-2507,remove_scoped_duplicate_016,1,remove_scoped_duplicate:template-00,True,True,True,True
Qwen/Qwen3-235B-A22B-Instruct-2507,remove_scoped_duplicate_016,2,remove_scoped_duplicate:template-00,True,True,True,True
Qwen/Qwen3-235B-A22B-Instruct-2507,remove_scoped_duplicate_017,0,remove_scoped_duplicate:template-01,True,True,True,True
Qwen/Qwen3-235B-A22B-Instruct-2507,remove_scoped_duplicate_017,1,remove_scoped_duplicate:template-01,True,True,True,True
Qwen/Qwen3-235B-A22B-Instruct-2507,remove_scoped_duplicate_017,2,remove_scoped_duplicate:template-01,True,True,True,True
Qwen/Qwen3-235B-A22B-Instruct-2507,remove_scoped_duplicate_018,0,remove_scoped_duplicate:template-02,True,True,True,True
Qwen/Qwen3-235B-A22B-Instruct-2507,remove_scoped_duplicate_018,1,remove_scoped_duplicate:template-02,True,True,True,True
Qwen/Qwen3-235B-A22B-Instruct-2507,remove_scoped_duplicate_018,2,remove_scoped_duplicate:template-02,True,True,True,True
Qwen/Qwen3-235B-A22B-Instruct-2507,remove_scoped_duplicate_019,0,remove_scoped_duplicate:template-03,True,True,True,True
Qwen/Qwen3-235B-A22B-Instruct-2507,remove_scoped_duplicate_019,1,remove_scoped_duplicate:template-03,True,True,True,True
Qwen/Qwen3-235B-A22B-Instruct-2507,remove_scoped_duplicate_019,2,remove_scoped_duplicate:template-03,True,True,True,True
Qwen/Qwen3-235B-A22B-Instruct-2507,remove_scoped_duplicate_020,0,remove_scoped_duplicate:template-04,True,True,True,True
Qwen/Qwen3-235B-A22B-Instruct-2507,remove_scoped_duplicate_020,1,remove_scoped_duplicate:template-04,True,True,True,True
Qwen/Qwen3-235B-A22B-Instruct-2507,remove_scoped_duplicate_020,2,remove_scoped_duplicate:template-04,True,True,True,True
Qwen/Qwen3-235B-A22B-Instruct-2507,remove_scoped_duplicate_021,0,remove_scoped_duplicate:template-05,True,True,True,True
Qwen/Qwen3-235B-A22B-Instruct-2507,remove_scoped_duplicate_021,1,remove_scoped_duplicate:template-05,True,True,True,True
Qwen/Qwen3-235B-A22B-Instruct-2507,remove_scoped_duplicate_021,2,remove_scoped_duplicate:template-05,True,True,True,True
Qwen/Qwen3-235B-A22B-Instruct-2507,remove_scoped_duplicate_022,0,remove_scoped_duplicate:template-06,True,True,True,True
Qwen/Qwen3-235B-A22B-Instruct-2507,remove_scoped_duplicate_022,1,remove_scoped_duplicate:template-06,True,True,True,True
Qwen/Qwen3-235B-A22B-Instruct-2507,remove_scoped_duplicate_022,2,remove_scoped_duplicate:template-06,True,True,True,True
Qwen/Qwen3-235B-A22B-Instruct-2507,remove_scoped_duplicate_023,0,remove_scoped_duplicate:template-07,True,True,True,True
Qwen/Qwen3-235B-A22B-Instruct-2507,remove_scoped_duplicate_023,1,remove_scoped_duplicate:template-07,True,True,True,True
Qwen/Qwen3-235B-A22B-Instruct-2507,remove_scoped_duplicate_023,2,remove_scoped_duplicate:template-07,True,True,True,True
Qwen/Qwen3-235B-A22B-Instruct-2507,remove_scoped_duplicate_024,0,remove_scoped_duplicate:template-00,True,True,True,True
Qwen/Qwen3-235B-A22B-Instruct-2507,remove_scoped_duplicate_024,1,remove_scoped_duplicate:template-00,True,True,True,True
Qwen/Qwen3-235B-A22B-Instruct-2507,remove_scoped_duplicate_024,2,remove_scoped_duplicate:template-00,True,True,True,True
Qwen/Qwen3-235B-A22B-Instruct-2507,remove_scoped_duplicate_025,0,remove_scoped_duplicate:template-01,True,True,True,True
Qwen/Qwen3-235B-A22B-Instruct-2507,remove_scoped_duplicate_025,1,remove_scoped_duplicate:template-01,True,True,True,True
Qwen/Qwen3-235B-A22B-Instruct-2507,remove_scoped_duplicate_025,2,remove_scoped_duplicate:template-01,True,True,True,True
Qwen/Qwen3-235B-A22B-Instruct-2507,remove_scoped_duplicate_026,0,remove_scoped_duplicate:template-02,True,True,True,True
Qwen/Qwen3-235B-A22B-Instruct-2507,remove_scoped_duplicate_026,1,remove_scoped_duplicate:template-02,True,True,True,True
Qwen/Qwen3-235B-A22B-Instruct-2507,remove_scoped_duplicate_026,2,remove_scoped_duplicate:template-02,True,True,True,True
Qwen/Qwen3-235B-A22B-Instruct-2507,remove_scoped_duplicate_027,0,remove_scoped_duplicate:template-03,True,True,True,True
Qwen/Qwen3-235B-A22B-Instruct-2507,remove_scoped_duplicate_027,1,remove_scoped_duplicate:template-03,True,True,True,True
Qwen/Qwen3-235B-A22B-Instruct-2507,remove_scoped_duplicate_027,2,remove_scoped_duplicate:template-03,True,True,True,True
Qwen/Qwen3-235B-A22B-Instruct-2507,remove_scoped_duplicate_028,0,remove_scoped_duplicate:template-04,True,True,True,True
Qwen/Qwen3-235B-A22B-Instruct-2507,remove_scoped_duplicate_028,1,remove_scoped_duplicate:template-04,True,True,True,True
Qwen/Qwen3-235B-A22B-Instruct-2507,remove_scoped_duplicate_028,2,remove_scoped_duplicate:template-04,True,True,True,True
Qwen/Qwen3-235B-A22B-Instruct-2507,remove_scoped_duplicate_029,0,remove_scoped_duplicate:template-05,True,True,True,True
Qwen/Qwen3-235B-A22B-Instruct-2507,remove_scoped_duplicate_029,1,remove_scoped_duplicate:template-05,True,True,True,True
Qwen/Qwen3-235B-A22B-Instruct-2507,remove_scoped_duplicate_029,2,remove_scoped_duplicate:template-05,True,True,True,True
Qwen/Qwen3-235B-A22B-Instruct-2507,replace_item_000,0,replace_item:template-00,True,True,True,True
Qwen/Qwen3-235B-A22B-Instruct-2507,replace_item_000,1,replace_item:template-00,True,True,True,True
Qwen/Qwen3-235B-A22B-Instruct-2507,replace_item_000,2,replace_item:template-00,True,True,True,True
Qwen/Qwen3-235B-A22B-Instruct-2507,replace_item_001,0,replace_item:template-01,True,True,True,True
Qwen/Qwen3-235B-A22B-Instruct-2507,replace_item_001,1,replace_item:template-01,True,True,True,True
Qwen/Qwen3-235B-A22B-Instruct-2507,replace_item_001,2,replace_item:template-01,True,True,True,True
Qwen/Qwen3-235B-A22B-Instruct-2507,replace_item_002,0,replace_item:template-02,True,True,True,True
Qwen/Qwen3-235B-A22B-Instruct-2507,replace_item_002,1,replace_item:template-02,True,True,True,True
Qwen/Qwen3-235B-A22B-Instruct-2507,replace_item_002,2,replace_item:template-02,True,True,True,True
Qwen/Qwen3-235B-A22B-Instruct-2507,replace_item_003,0,replace_item:template-03,True,True,True,True
Qwen/Qwen3-235B-A22B-Instruct-2507,replace_item_003,1,replace_item:template-03,True,True,True,True
Qwen/Qwen3-235B-A22B-Instruct-2507,replace_item_003,2,replace_item:template-03,True,True,True,True
Qwen/Qwen3-235B-A22B-Instruct-2507,replace_item_004,0,replace_item:template-04,True,True,True,True
Qwen/Qwen3-235B-A22B-Instruct-2507,replace_item_004,1,replace_item:template-04,True,True,True,True
Qwen/Qwen3-235B-A22B-Instruct-2507,replace_item_004,2,replace_item:template-04,True,True,True,True
Qwen/Qwen3-235B-A22B-Instruct-2507,replace_item_005,0,replace_item:template-05,True,True,True,True
Qwen/Qwen3-235B-A22B-Instruct-2507,replace_item_005,1,replace_item:template-05,True,True,True,True
Qwen/Qwen3-235B-A22B-Instruct-2507,replace_item_005,2,replace_item:template-05,True,True,True,True
Qwen/Qwen3-235B-A22B-Instruct-2507,replace_item_006,0,replace_item:template-06,True,True,True,True
Qwen/Qwen3-235B-A22B-Instruct-2507,replace_item_006,1,replace_item:template-06,True,True,True,True
Qwen/Qwen3-235B-A22B-Instruct-2507,replace_item_006,2,replace_item:template-06,True,True,True,True
Qwen/Qwen3-235B-A22B-Instruct-2507,replace_item_007,0,replace_item:template-07,True,True,True,True
Qwen/Qwen3-235B-A22B-Instruct-2507,replace_item_007,1,replace_item:template-07,True,True,True,True
Qwen/Qwen3-235B-A22B-Instruct-2507,replace_item_007,2,replace_item:template-07,True,True,True,True
Qwen/Qwen3-235B-A22B-Instruct-2507,replace_item_008,0,replace_item:template-00,True,True,True,True
Qwen/Qwen3-235B-A22B-Instruct-2507,replace_item_008,1,replace_item:template-00,True,True,True,True
Qwen/Qwen3-235B-A22B-Instruct-2507,replace_item_008,2,replace_item:template-00,True,True,True,True
Qwen/Qwen3-235B-A22B-Instruct-2507,replace_item_009,0,replace_item:template-01,True,True,True,True
Qwen/Qwen3-235B-A22B-Instruct-2507,replace_item_009,1,replace_item:template-01,True,True,True,True
Qwen/Qwen3-235B-A22B-Instruct-2507,replace_item_009,2,replace_item:template-01,True,True,True,True
Qwen/Qwen3-235B-A22B-Instruct-2507,replace_item_010,0,replace_item:template-02,True,True,True,True
Qwen/Qwen3-235B-A22B-Instruct-2507,replace_item_010,1,replace_item:template-02,True,True,True,True
Qwen/Qwen3-235B-A22B-Instruct-2507,replace_item_010,2,replace_item:template-02,True,True,True,True
Qwen/Qwen3-235B-A22B-Instruct-2507,replace_item_011,0,replace_item:template-03,True,True,True,True
Qwen/Qwen3-235B-A22B-Instruct-2507,replace_item_011,1,replace_item:template-03,True,True,True,True
Qwen/Qwen3-235B-A22B-Instruct-2507,replace_item_011,2,replace_item:template-03,True,True,True,True
Qwen/Qwen3-235B-A22B-Instruct-2507,replace_item_012,0,replace_item:template-04,True,True,True,True
Qwen/Qwen3-235B-A22B-Instruct-2507,replace_item_012,1,replace_item:template-04,True,True,True,True
Qwen/Qwen3-235B-A22B-Instruct-2507,replace_item_012,2,replace_item:template-04,True,True,True,True
Qwen/Qwen3-235B-A22B-Instruct-2507,replace_item_013,0,replace_item:template-05,True,True,True,True
Qwen/Qwen3-235B-A22B-Instruct-2507,replace_item_013,1,replace_item:template-05,True,True,True,True
Qwen/Qwen3-235B-A22B-Instruct-2507,replace_item_013,2,replace_item:template-05,True,True,True,True
Qwen/Qwen3-235B-A22B-Instruct-2507,replace_item_014,0,replace_item:template-06,True,True,True,True
Qwen/Qwen3-235B-A22B-Instruct-2507,replace_item_014,1,replace_item:template-06,True,True,True,True
Qwen/Qwen3-235B-A22B-Instruct-2507,replace_item_014,2,replace_item:template-06,True,True,True,True
Qwen/Qwen3-235B-A22B-Instruct-2507,replace_item_015,0,replace_item:template-07,True,True,True,True
Qwen/Qwen3-235B-A22B-Instruct-2507,replace_item_015,1,replace_item:template-07,True,True,True,True
Qwen/Qwen3-235B-A22B-Instruct-2507,replace_item_015,2,replace_item:template-07,True,True,True,True
Qwen/Qwen3-235B-A22B-Instruct-2507,replace_item_016,0,replace_item:template-00,True,True,True,True
Qwen/Qwen3-235B-A22B-Instruct-2507,replace_item_016,1,replace_item:template-00,True,True,True,True
Qwen/Qwen3-235B-A22B-Instruct-2507,replace_item_016,2,replace_item:template-00,True,True,True,True
Qwen/Qwen3-235B-A22B-Instruct-2507,replace_item_017,0,replace_item:template-01,True,True,True,True
Qwen/Qwen3-235B-A22B-Instruct-2507,replace_item_017,1,replace_item:template-01,True,True,True,True
Qwen/Qwen3-235B-A22B-Instruct-2507,replace_item_017,2,replace_item:template-01,True,True,True,True
Qwen/Qwen3-235B-A22B-Instruct-2507,replace_item_018,0,replace_item:template-02,True,True,True,True
Qwen/Qwen3-235B-A22B-Instruct-2507,replace_item_018,1,replace_item:template-02,True,True,True,True
Qwen/Qwen3-235B-A22B-Instruct-2507,replace_item_018,2,replace_item:template-02,True,True,True,True
Qwen/Qwen3-235B-A22B-Instruct-2507,replace_item_019,0,replace_item:template-03,True,True,True,True
Qwen/Qwen3-235B-A22B-Instruct-2507,replace_item_019,1,replace_item:template-03,True,True,True,True
Qwen/Qwen3-235B-A22B-Instruct-2507,replace_item_019,2,replace_item:template-03,True,True,True,True
Qwen/Qwen3-235B-A22B-Instruct-2507,replace_item_020,0,replace_item:template-04,True,True,True,True
Qwen/Qwen3-235B-A22B-Instruct-2507,replace_item_020,1,replace_item:template-04,True,True,True,True
Qwen/Qwen3-235B-A22B-Instruct-2507,replace_item_020,2,replace_item:template-04,True,True,True,True
Qwen/Qwen3-235B-A22B-Instruct-2507,replace_item_021,0,replace_item:template-05,True,True,True,True
Qwen/Qwen3-235B-A22B-Instruct-2507,replace_item_021,1,replace_item:template-05,True,True,True,True
Qwen/Qwen3-235B-A22B-Instruct-2507,replace_item_021,2,replace_item:template-05,True,True,True,True
Qwen/Qwen3-235B-A22B-Instruct-2507,replace_item_022,0,replace_item:template-06,True,True,True,True
Qwen/Qwen3-235B-A22B-Instruct-2507,replace_item_022,1,replace_item:template-06,True,True,True,True
Qwen/Qwen3-235B-A22B-Instruct-2507,replace_item_022,2,replace_item:template-06,True,True,True,True
Qwen/Qwen3-235B-A22B-Instruct-2507,replace_item_023,0,replace_item:template-07,True,True,True,True
Qwen/Qwen3-235B-A22B-Instruct-2507,replace_item_023,1,replace_item:template-07,True,True,True,True
Qwen/Qwen3-235B-A22B-Instruct-2507,replace_item_023,2,replace_item:template-07,True,True,True,True
Qwen/Qwen3-235B-A22B-Instruct-2507,replace_item_024,0,replace_item:template-00,True,True,True,True
Qwen/Qwen3-235B-A22B-Instruct-2507,replace_item_024,1,replace_item:template-00,True,True,True,True
Qwen/Qwen3-235B-A22B-Instruct-2507,replace_item_024,2,replace_item:template-00,True,True,True,True
Qwen/Qwen3-235B-A22B-Instruct-2507,replace_item_025,0,replace_item:template-01,True,True,True,True
Qwen/Qwen3-235B-A22B-Instruct-2507,replace_item_025,1,replace_item:template-01,True,True,True,True
Qwen/Qwen3-235B-A22B-Instruct-2507,replace_item_025,2,replace_item:template-01,True,True,True,True
Qwen/Qwen3-235B-A22B-Instruct-2507,replace_item_026,0,replace_item:template-02,True,True,True,True
Qwen/Qwen3-235B-A22B-Instruct-2507,replace_item_026,1,replace_item:template-02,True,True,True,True
Qwen/Qwen3-235B-A22B-Instruct-2507,replace_item_026,2,replace_item:template-02,True,True,True,True
Qwen/Qwen3-235B-A22B-Instruct-2507,replace_item_027,0,replace_item:template-03,True,True,True,True
Qwen/Qwen3-235B-A22B-Instruct-2507,replace_item_027,1,replace_item:template-03,True,True,True,True
Qwen/Qwen3-235B-A22B-Instruct-2507,replace_item_027,2,replace_item:template-03,True,True,True,True
Qwen/Qwen3-235B-A22B-Instruct-2507,replace_item_028,0,replace_item:template-04,True,True,True,True
Qwen/Qwen3-235B-A22B-Instruct-2507,replace_item_028,1,replace_item:template-04,True,True,True,True
Qwen/Qwen3-235B-A22B-Instruct-2507,replace_item_028,2,replace_item:template-04,True,True,True,True
Qwen/Qwen3-235B-A22B-Instruct-2507,replace_item_029,0,replace_item:template-05,True,True,True,True
Qwen/Qwen3-235B-A22B-Instruct-2507,replace_item_029,1,replace_item:template-05,True,True,True,True
Qwen/Qwen3-235B-A22B-Instruct-2507,replace_item_029,2,replace_item:template-05,True,True,True,True
Qwen/Qwen3-235B-A22B-Instruct-2507,size_change_scoped_000,0,size_change_scoped:template-00,True,True,True,True
Qwen/Qwen3-235B-A22B-Instruct-2507,size_change_scoped_000,1,size_change_scoped:template-00,True,True,True,True
Qwen/Qwen3-235B-A22B-Instruct-2507,size_change_scoped_000,2,size_change_scoped:template-00,True,True,True,True
Qwen/Qwen3-235B-A22B-Instruct-2507,size_change_scoped_001,0,size_change_scoped:template-01,True,True,True,True
Qwen/Qwen3-235B-A22B-Instruct-2507,size_change_scoped_001,1,size_change_scoped:template-01,True,True,True,True
Qwen/Qwen3-235B-A22B-Instruct-2507,size_change_scoped_001,2,size_change_scoped:template-01,True,True,True,True
Qwen/Qwen3-235B-A22B-Instruct-2507,size_change_scoped_002,0,size_change_scoped:template-02,True,True,True,True
Qwen/Qwen3-235B-A22B-Instruct-2507,size_change_scoped_002,1,size_change_scoped:template-02,True,True,True,True
Qwen/Qwen3-235B-A22B-Instruct-2507,size_change_scoped_002,2,size_change_scoped:template-02,True,True,True,True
Qwen/Qwen3-235B-A22B-Instruct-2507,size_change_scoped_003,0,size_change_scoped:template-03,True,True,True,True
Qwen/Qwen3-235B-A22B-Instruct-2507,size_change_scoped_003,1,size_change_scoped:template-03,True,True,True,True
Qwen/Qwen3-235B-A22B-Instruct-2507,size_change_scoped_003,2,size_change_scoped:template-03,True,True,True,True
Qwen/Qwen3-235B-A22B-Instruct-2507,size_change_scoped_004,0,size_change_scoped:template-04,True,True,True,True
Qwen/Qwen3-235B-A22B-Instruct-2507,size_change_scoped_004,1,size_change_scoped:template-04,True,True,True,True
Qwen/Qwen3-235B-A22B-Instruct-2507,size_change_scoped_004,2,size_change_scoped:template-04,True,True,True,True
Qwen/Qwen3-235B-A22B-Instruct-2507,size_change_scoped_005,0,size_change_scoped:template-05,True,True,True,True
Qwen/Qwen3-235B-A22B-Instruct-2507,size_change_scoped_005,1,size_change_scoped:template-05,True,True,True,True
Qwen/Qwen3-235B-A22B-Instruct-2507,size_change_scoped_005,2,size_change_scoped:template-05,True,True,True,True
Qwen/Qwen3-235B-A22B-Instruct-2507,size_change_scoped_006,0,size_change_scoped:template-06,True,True,True,True
Qwen/Qwen3-235B-A22B-Instruct-2507,size_change_scoped_006,1,size_change_scoped:template-06,True,True,True,True
Qwen/Qwen3-235B-A22B-Instruct-2507,size_change_scoped_006,2,size_change_scoped:template-06,True,True,True,True
Qwen/Qwen3-235B-A22B-Instruct-2507,size_change_scoped_007,0,size_change_scoped:template-07,True,True,True,True
Qwen/Qwen3-235B-A22B-Instruct-2507,size_change_scoped_007,1,size_change_scoped:template-07,True,True,True,True
Qwen/Qwen3-235B-A22B-Instruct-2507,size_change_scoped_007,2,size_change_scoped:template-07,True,True,True,True
Qwen/Qwen3-235B-A22B-Instruct-2507,size_change_scoped_008,0,size_change_scoped:template-00,True,True,True,True
Qwen/Qwen3-235B-A22B-Instruct-2507,size_change_scoped_008,1,size_change_scoped:template-00,True,True,True,True
Qwen/Qwen3-235B-A22B-Instruct-2507,size_change_scoped_008,2,size_change_scoped:template-00,True,True,True,True
Qwen/Qwen3-235B-A22B-Instruct-2507,size_change_scoped_009,0,size_change_scoped:template-01,True,True,True,True
Qwen/Qwen3-235B-A22B-Instruct-2507,size_change_scoped_009,1,size_change_scoped:template-01,True,True,True,True
Qwen/Qwen3-235B-A22B-Instruct-2507,size_change_scoped_009,2,size_change_scoped:template-01,True,True,True,True
Qwen/Qwen3-235B-A22B-Instruct-2507,size_change_scoped_010,0,size_change_scoped:template-02,True,True,True,True
Qwen/Qwen3-235B-A22B-Instruct-2507,size_change_scoped_010,1,size_change_scoped:template-02,True,True,True,True
Qwen/Qwen3-235B-A22B-Instruct-2507,size_change_scoped_010,2,size_change_scoped:template-02,True,True,True,True
Qwen/Qwen3-235B-A22B-Instruct-2507,size_change_scoped_011,0,size_change_scoped:template-03,True,True,True,True
Qwen/Qwen3-235B-A22B-Instruct-2507,size_change_scoped_011,1,size_change_scoped:template-03,True,True,True,True
Qwen/Qwen3-235B-A22B-Instruct-2507,size_change_scoped_011,2,size_change_scoped:template-03,True,True,True,True
Qwen/Qwen3-235B-A22B-Instruct-2507,size_change_scoped_012,0,size_change_scoped:template-04,True,True,True,True
Qwen/Qwen3-235B-A22B-Instruct-2507,size_change_scoped_012,1,size_change_scoped:template-04,True,True,True,True
Qwen/Qwen3-235B-A22B-Instruct-2507,size_change_scoped_012,2,size_change_scoped:template-04,True,True,True,True
Qwen/Qwen3-235B-A22B-Instruct-2507,size_change_scoped_013,0,size_change_scoped:template-05,True,True,True,True
Qwen/Qwen3-235B-A22B-Instruct-2507,size_change_scoped_013,1,size_change_scoped:template-05,True,True,True,True
Qwen/Qwen3-235B-A22B-Instruct-2507,size_change_scoped_013,2,size_change_scoped:template-05,True,True,True,True
Qwen/Qwen3-235B-A22B-Instruct-2507,size_change_scoped_014,0,size_change_scoped:template-06,True,True,True,True
Qwen/Qwen3-235B-A22B-Instruct-2507,size_change_scoped_014,1,size_change_scoped:template-06,True,True,True,True
Qwen/Qwen3-235B-A22B-Instruct-2507,size_change_scoped_014,2,size_change_scoped:template-06,True,True,True,True
Qwen/Qwen3-235B-A22B-Instruct-2507,size_change_scoped_015,0,size_change_scoped:template-07,True,True,True,True
Qwen/Qwen3-235B-A22B-Instruct-2507,size_change_scoped_015,1,size_change_scoped:template-07,True,True,True,True
Qwen/Qwen3-235B-A22B-Instruct-2507,size_change_scoped_015,2,size_change_scoped:template-07,True,True,True,True
Qwen/Qwen3-235B-A22B-Instruct-2507,size_change_scoped_016,0,size_change_scoped:template-00,True,True,True,True
Qwen/Qwen3-235B-A22B-Instruct-2507,size_change_scoped_016,1,size_change_scoped:template-00,True,True,True,True
Qwen/Qwen3-235B-A22B-Instruct-2507,size_change_scoped_016,2,size_change_scoped:template-00,True,True,True,True
Qwen/Qwen3-235B-A22B-Instruct-2507,size_change_scoped_017,0,size_change_scoped:template-01,True,True,True,True
Qwen/Qwen3-235B-A22B-Instruct-2507,size_change_scoped_017,1,size_change_scoped:template-01,True,True,True,True
Qwen/Qwen3-235B-A22B-Instruct-2507,size_change_scoped_017,2,size_change_scoped:template-01,True,True,True,True
Qwen/Qwen3-235B-A22B-Instruct-2507,size_change_scoped_018,0,size_change_scoped:template-02,True,True,True,True
Qwen/Qwen3-235B-A22B-Instruct-2507,size_change_scoped_018,1,size_change_scoped:template-02,True,True,True,True
Qwen/Qwen3-235B-A22B-Instruct-2507,size_change_scoped_018,2,size_change_scoped:template-02,True,True,True,True
Qwen/Qwen3-235B-A22B-Instruct-2507,size_change_scoped_019,0,size_change_scoped:template-03,True,True,True,True
Qwen/Qwen3-235B-A22B-Instruct-2507,size_change_scoped_019,1,size_change_scoped:template-03,True,True,True,True
Qwen/Qwen3-235B-A22B-Instruct-2507,size_change_scoped_019,2,size_change_scoped:template-03,True,True,True,True
Qwen/Qwen3-235B-A22B-Instruct-2507,size_change_scoped_020,0,size_change_scoped:template-04,True,True,True,True
Qwen/Qwen3-235B-A22B-Instruct-2507,size_change_scoped_020,1,size_change_scoped:template-04,True,True,True,True
Qwen/Qwen3-235B-A22B-Instruct-2507,size_change_scoped_020,2,size_change_scoped:template-04,True,True,True,True
Qwen/Qwen3-235B-A22B-Instruct-2507,size_change_scoped_021,0,size_change_scoped:template-05,True,True,True,True
Qwen/Qwen3-235B-A22B-Instruct-2507,size_change_scoped_021,1,size_change_scoped:template-05,True,True,True,True
Qwen/Qwen3-235B-A22B-Instruct-2507,size_change_scoped_021,2,size_change_scoped:template-05,True,True,True,True
Qwen/Qwen3-235B-A22B-Instruct-2507,size_change_scoped_022,0,size_change_scoped:template-06,True,True,True,True
Qwen/Qwen3-235B-A22B-Instruct-2507,size_change_scoped_022,1,size_change_scoped:template-06,True,True,True,True
Qwen/Qwen3-235B-A22B-Instruct-2507,size_change_scoped_022,2,size_change_scoped:template-06,True,True,True,True
Qwen/Qwen3-235B-A22B-Instruct-2507,size_change_scoped_023,0,size_change_scoped:template-07,True,True,True,True
Qwen/Qwen3-235B-A22B-Instruct-2507,size_change_scoped_023,1,size_change_scoped:template-07,True,True,True,True
Qwen/Qwen3-235B-A22B-Instruct-2507,size_change_scoped_023,2,size_change_scoped:template-07,True,True,True,True
Qwen/Qwen3-235B-A22B-Instruct-2507,size_change_scoped_024,0,size_change_scoped:template-00,True,True,True,True
Qwen/Qwen3-235B-A22B-Instruct-2507,size_change_scoped_024,1,size_change_scoped:template-00,True,True,True,True
Qwen/Qwen3-235B-A22B-Instruct-2507,size_change_scoped_024,2,size_change_scoped:template-00,True,True,True,True
Qwen/Qwen3-235B-A22B-Instruct-2507,size_change_scoped_025,0,size_change_scoped:template-01,True,True,True,True
Qwen/Qwen3-235B-A22B-Instruct-2507,size_change_scoped_025,1,size_change_scoped:template-01,True,True,True,True
Qwen/Qwen3-235B-A22B-Instruct-2507,size_change_scoped_025,2,size_change_scoped:template-01,True,True,True,True
Qwen/Qwen3-235B-A22B-Instruct-2507,size_change_scoped_026,0,size_change_scoped:template-02,True,True,True,True
Qwen/Qwen3-235B-A22B-Instruct-2507,size_change_scoped_026,1,size_change_scoped:template-02,True,True,True,True
Qwen/Qwen3-235B-A22B-Instruct-2507,size_change_scoped_026,2,size_change_scoped:template-02,True,True,True,True
Qwen/Qwen3-235B-A22B-Instruct-2507,size_change_scoped_027,0,size_change_scoped:template-03,True,True,True,True
Qwen/Qwen3-235B-A22B-Instruct-2507,size_change_scoped_027,1,size_change_scoped:template-03,True,True,True,True
Qwen/Qwen3-235B-A22B-Instruct-2507,size_change_scoped_027,2,size_change_scoped:template-03,True,True,True,True
Qwen/Qwen3-235B-A22B-Instruct-2507,size_change_scoped_028,0,size_change_scoped:template-04,True,True,True,True
Qwen/Qwen3-235B-A22B-Instruct-2507,size_change_scoped_028,1,size_change_scoped:template-04,True,True,True,True
Qwen/Qwen3-235B-A22B-Instruct-2507,size_change_scoped_028,2,size_change_scoped:template-04,True,True,True,True
Qwen/Qwen3-235B-A22B-Instruct-2507,size_change_scoped_029,0,size_change_scoped:template-05,True,True,True,True
Qwen/Qwen3-235B-A22B-Instruct-2507,size_change_scoped_029,1,size_change_scoped:template-05,True,True,True,True
Qwen/Qwen3-235B-A22B-Instruct-2507,size_change_scoped_029,2,size_change_scoped:template-05,True,True,True,True
Qwen/Qwen3-235B-A22B-Instruct-2507,stale_reference_000,0,stale_reference:template-00,True,True,True,True
Qwen/Qwen3-235B-A22B-Instruct-2507,stale_reference_000,1,stale_reference:template-00,True,True,True,True
Qwen/Qwen3-235B-A22B-Instruct-2507,stale_reference_000,2,stale_reference:template-00,True,True,True,True
Qwen/Qwen3-235B-A22B-Instruct-2507,stale_reference_001,0,stale_reference:template-01,True,True,True,True
Qwen/Qwen3-235B-A22B-Instruct-2507,stale_reference_001,1,stale_reference:template-01,True,True,True,True
Qwen/Qwen3-235B-A22B-Instruct-2507,stale_reference_001,2,stale_reference:template-01,True,True,True,True
Qwen/Qwen3-235B-A22B-Instruct-2507,stale_reference_002,0,stale_reference:template-02,True,True,True,True
Qwen/Qwen3-235B-A22B-Instruct-2507,stale_reference_002,1,stale_reference:template-02,True,True,True,True
Qwen/Qwen3-235B-A22B-Instruct-2507,stale_reference_002,2,stale_reference:template-02,True,True,True,True
Qwen/Qwen3-235B-A22B-Instruct-2507,stale_reference_003,0,stale_reference:template-03,True,True,True,True
Qwen/Qwen3-235B-A22B-Instruct-2507,stale_reference_003,1,stale_reference:template-03,True,True,True,True
Qwen/Qwen3-235B-A22B-Instruct-2507,stale_reference_003,2,stale_reference:template-03,True,True,True,True
Qwen/Qwen3-235B-A22B-Instruct-2507,stale_reference_004,0,stale_reference:template-04,True,True,True,True
Qwen/Qwen3-235B-A22B-Instruct-2507,stale_reference_004,1,stale_reference:template-04,True,True,True,True
Qwen/Qwen3-235B-A22B-Instruct-2507,stale_reference_004,2,stale_reference:template-04,True,True,True,True
Qwen/Qwen3-235B-A22B-Instruct-2507,stale_reference_005,0,stale_reference:template-05,True,True,True,True
Qwen/Qwen3-235B-A22B-Instruct-2507,stale_reference_005,1,stale_reference:template-05,True,True,True,True
Qwen/Qwen3-235B-A22B-Instruct-2507,stale_reference_005,2,stale_reference:template-05,True,True,True,True
Qwen/Qwen3-235B-A22B-Instruct-2507,stale_reference_006,0,stale_reference:template-06,True,True,True,True
Qwen/Qwen3-235B-A22B-Instruct-2507,stale_reference_006,1,stale_reference:template-06,True,True,True,True
Qwen/Qwen3-235B-A22B-Instruct-2507,stale_reference_006,2,stale_reference:template-06,True,True,True,True
Qwen/Qwen3-235B-A22B-Instruct-2507,stale_reference_007,0,stale_reference:template-07,True,True,True,True
Qwen/Qwen3-235B-A22B-Instruct-2507,stale_reference_007,1,stale_reference:template-07,True,True,True,True
Qwen/Qwen3-235B-A22B-Instruct-2507,stale_reference_007,2,stale_reference:template-07,True,True,True,True
Qwen/Qwen3-235B-A22B-Instruct-2507,stale_reference_008,0,stale_reference:template-00,True,True,True,True
Qwen/Qwen3-235B-A22B-Instruct-2507,stale_reference_008,1,stale_reference:template-00,True,True,True,True
Qwen/Qwen3-235B-A22B-Instruct-2507,stale_reference_008,2,stale_reference:template-00,True,True,True,True
Qwen/Qwen3-235B-A22B-Instruct-2507,stale_reference_009,0,stale_reference:template-01,True,True,True,True
Qwen/Qwen3-235B-A22B-Instruct-2507,stale_reference_009,1,stale_reference:template-01,True,True,True,True
Qwen/Qwen3-235B-A22B-Instruct-2507,stale_reference_009,2,stale_reference:template-01,True,True,True,True
Qwen/Qwen3-235B-A22B-Instruct-2507,stale_reference_010,0,stale_reference:template-02,True,True,True,True
Qwen/Qwen3-235B-A22B-Instruct-2507,stale_reference_010,1,stale_reference:template-02,True,True,True,True
Qwen/Qwen3-235B-A22B-Instruct-2507,stale_reference_010,2,stale_reference:template-02,True,True,True,True
Qwen/Qwen3-235B-A22B-Instruct-2507,stale_reference_011,0,stale_reference:template-03,True,True,True,True
Qwen/Qwen3-235B-A22B-Instruct-2507,stale_reference_011,1,stale_reference:template-03,True,True,True,True
Qwen/Qwen3-235B-A22B-Instruct-2507,stale_reference_011,2,stale_reference:template-03,True,True,True,True
Qwen/Qwen3-235B-A22B-Instruct-2507,stale_reference_012,0,stale_reference:template-04,True,True,True,True
Qwen/Qwen3-235B-A22B-Instruct-2507,stale_reference_012,1,stale_reference:template-04,True,True,True,True
Qwen/Qwen3-235B-A22B-Instruct-2507,stale_reference_012,2,stale_reference:template-04,True,True,True,True
Qwen/Qwen3-235B-A22B-Instruct-2507,stale_reference_013,0,stale_reference:template-05,True,True,True,True
Qwen/Qwen3-235B-A22B-Instruct-2507,stale_reference_013,1,stale_reference:template-05,True,True,True,True
Qwen/Qwen3-235B-A22B-Instruct-2507,stale_reference_013,2,stale_reference:template-05,True,True,True,True
Qwen/Qwen3-235B-A22B-Instruct-2507,stale_reference_014,0,stale_reference:template-06,True,True,True,True
Qwen/Qwen3-235B-A22B-Instruct-2507,stale_reference_014,1,stale_reference:template-06,True,True,True,True
Qwen/Qwen3-235B-A22B-Instruct-2507,stale_reference_014,2,stale_reference:template-06,True,True,True,True
Qwen/Qwen3-235B-A22B-Instruct-2507,stale_reference_015,0,stale_reference:template-07,True,True,True,True
Qwen/Qwen3-235B-A22B-Instruct-2507,stale_reference_015,1,stale_reference:template-07,True,True,True,True
Qwen/Qwen3-235B-A22B-Instruct-2507,stale_reference_015,2,stale_reference:template-07,True,True,True,True
Qwen/Qwen3-235B-A22B-Instruct-2507,stale_reference_016,0,stale_reference:template-00,True,True,True,True
Qwen/Qwen3-235B-A22B-Instruct-2507,stale_reference_016,1,stale_reference:template-00,True,True,True,True
Qwen/Qwen3-235B-A22B-Instruct-2507,stale_reference_016,2,stale_reference:template-00,True,True,True,True
Qwen/Qwen3-235B-A22B-Instruct-2507,stale_reference_017,0,stale_reference:template-01,True,True,True,True
Qwen/Qwen3-235B-A22B-Instruct-2507,stale_reference_017,1,stale_reference:template-01,True,True,True,True
Qwen/Qwen3-235B-A22B-Instruct-2507,stale_reference_017,2,stale_reference:template-01,True,True,True,True
Qwen/Qwen3-235B-A22B-Instruct-2507,stale_reference_018,0,stale_reference:template-02,True,True,True,True
Qwen/Qwen3-235B-A22B-Instruct-2507,stale_reference_018,1,stale_reference:template-02,True,True,True,True
Qwen/Qwen3-235B-A22B-Instruct-2507,stale_reference_018,2,stale_reference:template-02,True,True,True,True
Qwen/Qwen3-235B-A22B-Instruct-2507,stale_reference_019,0,stale_reference:template-03,True,True,True,True
Qwen/Qwen3-235B-A22B-Instruct-2507,stale_reference_019,1,stale_reference:template-03,True,True,True,True
Qwen/Qwen3-235B-A22B-Instruct-2507,stale_reference_019,2,stale_reference:template-03,True,True,True,True
Qwen/Qwen3-235B-A22B-Instruct-2507,stale_reference_020,0,stale_reference:template-04,True,True,True,True
Qwen/Qwen3-235B-A22B-Instruct-2507,stale_reference_020,1,stale_reference:template-04,True,True,True,True
Qwen/Qwen3-235B-A22B-Instruct-2507,stale_reference_020,2,stale_reference:template-04,True,True,True,True
Qwen/Qwen3-235B-A22B-Instruct-2507,stale_reference_021,0,stale_reference:template-05,True,True,True,True
Qwen/Qwen3-235B-A22B-Instruct-2507,stale_reference_021,1,stale_reference:template-05,True,True,True,True
Qwen/Qwen3-235B-A22B-Instruct-2507,stale_reference_021,2,stale_reference:template-05,True,True,True,True
Qwen/Qwen3-235B-A22B-Instruct-2507,stale_reference_022,0,stale_reference:template-06,True,True,True,True
Qwen/Qwen3-235B-A22B-Instruct-2507,stale_reference_022,1,stale_reference:template-06,True,True,True,True
Qwen/Qwen3-235B-A22B-Instruct-2507,stale_reference_022,2,stale_reference:template-06,True,True,True,True
Qwen/Qwen3-235B-A22B-Instruct-2507,stale_reference_023,0,stale_reference:template-07,True,True,True,True
Qwen/Qwen3-235B-A22B-Instruct-2507,stale_reference_023,1,stale_reference:template-07,True,True,True,True
Qwen/Qwen3-235B-A22B-Instruct-2507,stale_reference_023,2,stale_reference:template-07,True,True,True,True
Qwen/Qwen3-235B-A22B-Instruct-2507,stale_reference_024,0,stale_reference:template-00,True,True,True,True
Qwen/Qwen3-235B-A22B-Instruct-2507,stale_reference_024,1,stale_reference:template-00,True,True,True,True
Qwen/Qwen3-235B-A22B-Instruct-2507,stale_reference_024,2,stale_reference:template-00,True,True,True,True
Qwen/Qwen3-235B-A22B-Instruct-2507,stale_reference_025,0,stale_reference:template-01,True,True,True,True
Qwen/Qwen3-235B-A22B-Instruct-2507,stale_reference_025,1,stale_reference:template-01,True,True,True,True
Qwen/Qwen3-235B-A22B-Instruct-2507,stale_reference_025,2,stale_reference:template-01,True,True,True,True
Qwen/Qwen3-235B-A22B-Instruct-2507,stale_reference_026,0,stale_reference:template-02,True,True,True,True
Qwen/Qwen3-235B-A22B-Instruct-2507,stale_reference_026,1,stale_reference:template-02,True,True,True,True
Qwen/Qwen3-235B-A22B-Instruct-2507,stale_reference_026,2,stale_reference:template-02,True,True,True,True
Qwen/Qwen3-235B-A22B-Instruct-2507,stale_reference_027,0,stale_reference:template-03,True,True,True,True
Qwen/Qwen3-235B-A22B-Instruct-2507,stale_reference_027,1,stale_reference:template-03,True,True,True,True
Qwen/Qwen3-235B-A22B-Instruct-2507,stale_reference_027,2,stale_reference:template-03,True,True,True,True
Qwen/Qwen3-235B-A22B-Instruct-2507,stale_reference_028,0,stale_reference:template-04,True,True,True,True
Qwen/Qwen3-235B-A22B-Instruct-2507,stale_reference_028,1,stale_reference:template-04,True,True,True,True
Qwen/Qwen3-235B-A22B-Instruct-2507,stale_reference_028,2,stale_reference:template-04,True,True,True,True
Qwen/Qwen3-235B-A22B-Instruct-2507,stale_reference_029,0,stale_reference:template-05,True,True,True,True
Qwen/Qwen3-235B-A22B-Instruct-2507,stale_reference_029,1,stale_reference:template-05,True,True,True,True
Qwen/Qwen3-235B-A22B-Instruct-2507,stale_reference_029,2,stale_reference:template-05,True,True,True,True
Qwen/Qwen3-235B-A22B-Instruct-2507,unavailable_add_000,0,unavailable_add:template-00,True,True,True,True
Qwen/Qwen3-235B-A22B-Instruct-2507,unavailable_add_000,1,unavailable_add:template-00,True,True,True,True
Qwen/Qwen3-235B-A22B-Instruct-2507,unavailable_add_000,2,unavailable_add:template-00,True,True,True,True
Qwen/Qwen3-235B-A22B-Instruct-2507,unavailable_add_001,0,unavailable_add:template-01,True,True,True,True
Qwen/Qwen3-235B-A22B-Instruct-2507,unavailable_add_001,1,unavailable_add:template-01,True,True,True,True
Qwen/Qwen3-235B-A22B-Instruct-2507,unavailable_add_001,2,unavailable_add:template-01,True,True,True,True
Qwen/Qwen3-235B-A22B-Instruct-2507,unavailable_add_002,0,unavailable_add:template-02,True,True,True,True
Qwen/Qwen3-235B-A22B-Instruct-2507,unavailable_add_002,1,unavailable_add:template-02,True,True,True,True
Qwen/Qwen3-235B-A22B-Instruct-2507,unavailable_add_002,2,unavailable_add:template-02,True,True,True,True
Qwen/Qwen3-235B-A22B-Instruct-2507,unavailable_add_003,0,unavailable_add:template-03,True,True,True,True
Qwen/Qwen3-235B-A22B-Instruct-2507,unavailable_add_003,1,unavailable_add:template-03,True,True,True,True
Qwen/Qwen3-235B-A22B-Instruct-2507,unavailable_add_003,2,unavailable_add:template-03,True,True,True,True
Qwen/Qwen3-235B-A22B-Instruct-2507,unavailable_add_004,0,unavailable_add:template-04,True,True,True,True
Qwen/Qwen3-235B-A22B-Instruct-2507,unavailable_add_004,1,unavailable_add:template-04,True,True,True,True
Qwen/Qwen3-235B-A22B-Instruct-2507,unavailable_add_004,2,unavailable_add:template-04,True,True,True,True
Qwen/Qwen3-235B-A22B-Instruct-2507,unavailable_add_005,0,unavailable_add:template-05,True,True,True,True
Qwen/Qwen3-235B-A22B-Instruct-2507,unavailable_add_005,1,unavailable_add:template-05,True,True,True,True
Qwen/Qwen3-235B-A22B-Instruct-2507,unavailable_add_005,2,unavailable_add:template-05,True,True,True,True
Qwen/Qwen3-235B-A22B-Instruct-2507,unavailable_add_006,0,unavailable_add:template-06,True,True,True,True
Qwen/Qwen3-235B-A22B-Instruct-2507,unavailable_add_006,1,unavailable_add:template-06,True,True,True,True
Qwen/Qwen3-235B-A22B-Instruct-2507,unavailable_add_006,2,unavailable_add:template-06,True,True,True,True
Qwen/Qwen3-235B-A22B-Instruct-2507,unavailable_add_007,0,unavailable_add:template-07,True,True,True,True
Qwen/Qwen3-235B-A22B-Instruct-2507,unavailable_add_007,1,unavailable_add:template-07,True,True,True,True
Qwen/Qwen3-235B-A22B-Instruct-2507,unavailable_add_007,2,unavailable_add:template-07,True,True,True,True
Qwen/Qwen3-235B-A22B-Instruct-2507,unavailable_add_008,0,unavailable_add:template-00,True,True,True,True
Qwen/Qwen3-235B-A22B-Instruct-2507,unavailable_add_008,1,unavailable_add:template-00,True,True,True,True
Qwen/Qwen3-235B-A22B-Instruct-2507,unavailable_add_008,2,unavailable_add:template-00,True,True,True,True
Qwen/Qwen3-235B-A22B-Instruct-2507,unavailable_add_009,0,unavailable_add:template-01,True,True,True,True
Qwen/Qwen3-235B-A22B-Instruct-2507,unavailable_add_009,1,unavailable_add:template-01,True,True,True,True
Qwen/Qwen3-235B-A22B-Instruct-2507,unavailable_add_009,2,unavailable_add:template-01,True,True,True,True
Qwen/Qwen3-235B-A22B-Instruct-2507,unavailable_add_010,0,unavailable_add:template-02,True,True,True,True
Qwen/Qwen3-235B-A22B-Instruct-2507,unavailable_add_010,1,unavailable_add:template-02,True,True,True,True
Qwen/Qwen3-235B-A22B-Instruct-2507,unavailable_add_010,2,unavailable_add:template-02,True,True,True,True
Qwen/Qwen3-235B-A22B-Instruct-2507,unavailable_add_011,0,unavailable_add:template-03,True,True,True,True
Qwen/Qwen3-235B-A22B-Instruct-2507,unavailable_add_011,1,unavailable_add:template-03,True,True,True,True
Qwen/Qwen3-235B-A22B-Instruct-2507,unavailable_add_011,2,unavailable_add:template-03,True,True,True,True
Qwen/Qwen3-235B-A22B-Instruct-2507,unavailable_add_012,0,unavailable_add:template-04,True,True,True,True
Qwen/Qwen3-235B-A22B-Instruct-2507,unavailable_add_012,1,unavailable_add:template-04,True,True,True,True
Qwen/Qwen3-235B-A22B-Instruct-2507,unavailable_add_012,2,unavailable_add:template-04,True,True,True,True
Qwen/Qwen3-235B-A22B-Instruct-2507,unavailable_add_013,0,unavailable_add:template-05,True,True,True,True
Qwen/Qwen3-235B-A22B-Instruct-2507,unavailable_add_013,1,unavailable_add:template-05,True,True,True,True
Qwen/Qwen3-235B-A22B-Instruct-2507,unavailable_add_013,2,unavailable_add:template-05,True,True,True,True
Qwen/Qwen3-235B-A22B-Instruct-2507,unavailable_add_014,0,unavailable_add:template-06,True,True,True,True
Qwen/Qwen3-235B-A22B-Instruct-2507,unavailable_add_014,1,unavailable_add:template-06,True,True,True,True
Qwen/Qwen3-235B-A22B-Instruct-2507,unavailable_add_014,2,unavailable_add:template-06,True,True,True,True
Qwen/Qwen3-235B-A22B-Instruct-2507,unavailable_add_015,0,unavailable_add:template-07,True,True,True,True
Qwen/Qwen3-235B-A22B-Instruct-2507,unavailable_add_015,1,unavailable_add:template-07,True,True,True,True
Qwen/Qwen3-235B-A22B-Instruct-2507,unavailable_add_015,2,unavailable_add:template-07,True,True,True,True
Qwen/Qwen3-235B-A22B-Instruct-2507,unavailable_add_016,0,unavailable_add:template-00,True,True,True,True
Qwen/Qwen3-235B-A22B-Instruct-2507,unavailable_add_016,1,unavailable_add:template-00,True,True,True,True
Qwen/Qwen3-235B-A22B-Instruct-2507,unavailable_add_016,2,unavailable_add:template-00,True,True,True,True
Qwen/Qwen3-235B-A22B-Instruct-2507,unavailable_add_017,0,unavailable_add:template-01,True,True,True,True
Qwen/Qwen3-235B-A22B-Instruct-2507,unavailable_add_017,1,unavailable_add:template-01,True,True,True,True
Qwen/Qwen3-235B-A22B-Instruct-2507,unavailable_add_017,2,unavailable_add:template-01,True,True,True,True
Qwen/Qwen3-235B-A22B-Instruct-2507,unavailable_add_018,0,unavailable_add:template-02,True,True,True,True
Qwen/Qwen3-235B-A22B-Instruct-2507,unavailable_add_018,1,unavailable_add:template-02,True,True,True,True
Qwen/Qwen3-235B-A22B-Instruct-2507,unavailable_add_018,2,unavailable_add:template-02,True,True,True,True
Qwen/Qwen3-235B-A22B-Instruct-2507,unavailable_add_019,0,unavailable_add:template-03,True,True,True,True
Qwen/Qwen3-235B-A22B-Instruct-2507,unavailable_add_019,1,unavailable_add:template-03,True,True,True,True
Qwen/Qwen3-235B-A22B-Instruct-2507,unavailable_add_019,2,unavailable_add:template-03,True,True,True,True
Qwen/Qwen3-235B-A22B-Instruct-2507,unavailable_add_020,0,unavailable_add:template-04,True,True,True,True
Qwen/Qwen3-235B-A22B-Instruct-2507,unavailable_add_020,1,unavailable_add:template-04,True,True,True,True
Qwen/Qwen3-235B-A22B-Instruct-2507,unavailable_add_020,2,unavailable_add:template-04,True,True,True,True
Qwen/Qwen3-235B-A22B-Instruct-2507,unavailable_add_021,0,unavailable_add:template-05,True,True,True,True
Qwen/Qwen3-235B-A22B-Instruct-2507,unavailable_add_021,1,unavailable_add:template-05,True,True,True,True
Qwen/Qwen3-235B-A22B-Instruct-2507,unavailable_add_021,2,unavailable_add:template-05,True,True,True,True
Qwen/Qwen3-235B-A22B-Instruct-2507,unavailable_add_022,0,unavailable_add:template-06,True,True,True,True
Qwen/Qwen3-235B-A22B-Instruct-2507,unavailable_add_022,1,unavailable_add:template-06,True,True,True,True
Qwen/Qwen3-235B-A22B-Instruct-2507,unavailable_add_022,2,unavailable_add:template-06,True,True,True,True
Qwen/Qwen3-235B-A22B-Instruct-2507,unavailable_add_023,0,unavailable_add:template-07,True,True,True,True
Qwen/Qwen3-235B-A22B-Instruct-2507,unavailable_add_023,1,unavailable_add:template-07,True,True,True,True
Qwen/Qwen3-235B-A22B-Instruct-2507,unavailable_add_023,2,unavailable_add:template-07,True,True,True,True
Qwen/Qwen3-235B-A22B-Instruct-2507,unavailable_add_024,0,unavailable_add:template-00,True,True,True,True
Qwen/Qwen3-235B-A22B-Instruct-2507,unavailable_add_024,1,unavailable_add:template-00,True,True,True,True
Qwen/Qwen3-235B-A22B-Instruct-2507,unavailable_add_024,2,unavailable_add:template-00,True,True,True,True
Qwen/Qwen3-235B-A22B-Instruct-2507,unavailable_add_025,0,unavailable_add:template-01,True,True,True,True
Qwen/Qwen3-235B-A22B-Instruct-2507,unavailable_add_025,1,unavailable_add:template-01,True,True,True,True
Qwen/Qwen3-235B-A22B-Instruct-2507,unavailable_add_025,2,unavailable_add:template-01,True,True,True,True
Qwen/Qwen3-235B-A22B-Instruct-2507,unavailable_add_026,0,unavailable_add:template-02,True,True,True,True
Qwen/Qwen3-235B-A22B-Instruct-2507,unavailable_add_026,1,unavailable_add:template-02,True,True,True,True
Qwen/Qwen3-235B-A22B-Instruct-2507,unavailable_add_026,2,unavailable_add:template-02,True,True,True,True
Qwen/Qwen3-235B-A22B-Instruct-2507,unavailable_add_027,0,unavailable_add:template-03,True,True,True,True
Qwen/Qwen3-235B-A22B-Instruct-2507,unavailable_add_027,1,unavailable_add:template-03,True,True,True,True
Qwen/Qwen3-235B-A22B-Instruct-2507,unavailable_add_027,2,unavailable_add:template-03,True,True,True,True
Qwen/Qwen3-235B-A22B-Instruct-2507,unavailable_add_028,0,unavailable_add:template-04,True,True,True,True
Qwen/Qwen3-235B-A22B-Instruct-2507,unavailable_add_028,1,unavailable_add:template-04,True,True,True,True
Qwen/Qwen3-235B-A22B-Instruct-2507,unavailable_add_028,2,unavailable_add:template-04,True,True,True,True
Qwen/Qwen3-235B-A22B-Instruct-2507,unavailable_add_029,0,unavailable_add:template-05,True,True,True,True
Qwen/Qwen3-235B-A22B-Instruct-2507,unavailable_add_029,1,unavailable_add:template-05,True,True,True,True
Qwen/Qwen3-235B-A22B-Instruct-2507,unavailable_add_029,2,unavailable_add:template-05,True,True,True,True
Qwen/Qwen3-32B,add_item_000,0,add_item:template-00,True,True,True,True
Qwen/Qwen3-32B,add_item_000,1,add_item:template-00,True,True,True,True
Qwen/Qwen3-32B,add_item_000,2,add_item:template-00,True,True,True,True
Qwen/Qwen3-32B,add_item_001,0,add_item:template-01,True,True,True,True
Qwen/Qwen3-32B,add_item_001,1,add_item:template-01,True,True,True,True
Qwen/Qwen3-32B,add_item_001,2,add_item:template-01,True,True,True,True
Qwen/Qwen3-32B,add_item_002,0,add_item:template-02,True,True,True,True
Qwen/Qwen3-32B,add_item_002,1,add_item:template-02,True,True,True,True
Qwen/Qwen3-32B,add_item_002,2,add_item:template-02,True,True,True,True
Qwen/Qwen3-32B,add_item_003,0,add_item:template-03,True,True,True,True
Qwen/Qwen3-32B,add_item_003,1,add_item:template-03,True,True,True,True
Qwen/Qwen3-32B,add_item_003,2,add_item:template-03,True,True,True,True
Qwen/Qwen3-32B,add_item_004,0,add_item:template-04,True,True,True,True
Qwen/Qwen3-32B,add_item_004,1,add_item:template-04,True,True,True,True
Qwen/Qwen3-32B,add_item_004,2,add_item:template-04,True,True,True,True
Qwen/Qwen3-32B,add_item_005,0,add_item:template-05,True,True,True,True
Qwen/Qwen3-32B,add_item_005,1,add_item:template-05,True,True,True,True
Qwen/Qwen3-32B,add_item_005,2,add_item:template-05,True,True,True,True
Qwen/Qwen3-32B,add_item_006,0,add_item:template-06,True,True,True,True
Qwen/Qwen3-32B,add_item_006,1,add_item:template-06,True,True,True,True
Qwen/Qwen3-32B,add_item_006,2,add_item:template-06,True,True,True,True
Qwen/Qwen3-32B,add_item_007,0,add_item:template-07,True,True,True,True
Qwen/Qwen3-32B,add_item_007,1,add_item:template-07,True,True,True,True
Qwen/Qwen3-32B,add_item_007,2,add_item:template-07,True,True,True,True
Qwen/Qwen3-32B,add_item_008,0,add_item:template-00,True,True,True,True
Qwen/Qwen3-32B,add_item_008,1,add_item:template-00,True,True,True,True
Qwen/Qwen3-32B,add_item_008,2,add_item:template-00,True,True,True,True
Qwen/Qwen3-32B,add_item_009,0,add_item:template-01,True,True,True,True
Qwen/Qwen3-32B,add_item_009,1,add_item:template-01,True,True,True,True
Qwen/Qwen3-32B,add_item_009,2,add_item:template-01,True,True,True,True
Qwen/Qwen3-32B,add_item_010,0,add_item:template-02,True,True,True,True
Qwen/Qwen3-32B,add_item_010,1,add_item:template-02,True,True,True,True
Qwen/Qwen3-32B,add_item_010,2,add_item:template-02,True,True,True,True
Qwen/Qwen3-32B,add_item_011,0,add_item:template-03,True,True,True,True
Qwen/Qwen3-32B,add_item_011,1,add_item:template-03,True,True,True,True
Qwen/Qwen3-32B,add_item_011,2,add_item:template-03,True,True,True,True
Qwen/Qwen3-32B,add_item_012,0,add_item:template-04,True,True,True,True
Qwen/Qwen3-32B,add_item_012,1,add_item:template-04,True,True,True,True
Qwen/Qwen3-32B,add_item_012,2,add_item:template-04,True,True,True,True
Qwen/Qwen3-32B,add_item_013,0,add_item:template-05,True,True,True,True
Qwen/Qwen3-32B,add_item_013,1,add_item:template-05,True,True,True,True
Qwen/Qwen3-32B,add_item_013,2,add_item:template-05,True,True,True,True
Qwen/Qwen3-32B,add_item_014,0,add_item:template-06,True,True,True,True
Qwen/Qwen3-32B,add_item_014,1,add_item:template-06,True,True,True,True
Qwen/Qwen3-32B,add_item_014,2,add_item:template-06,True,True,True,True
Qwen/Qwen3-32B,add_item_015,0,add_item:template-07,True,True,True,True
Qwen/Qwen3-32B,add_item_015,1,add_item:template-07,True,True,True,True
Qwen/Qwen3-32B,add_item_015,2,add_item:template-07,True,True,True,True
Qwen/Qwen3-32B,add_item_016,0,add_item:template-00,True,True,True,True
Qwen/Qwen3-32B,add_item_016,1,add_item:template-00,True,True,True,True
Qwen/Qwen3-32B,add_item_016,2,add_item:template-00,True,True,True,True
Qwen/Qwen3-32B,add_item_017,0,add_item:template-01,True,True,True,True
Qwen/Qwen3-32B,add_item_017,1,add_item:template-01,True,True,True,True
Qwen/Qwen3-32B,add_item_017,2,add_item:template-01,True,True,True,True
Qwen/Qwen3-32B,add_item_018,0,add_item:template-02,True,True,True,True
Qwen/Qwen3-32B,add_item_018,1,add_item:template-02,True,True,True,True
Qwen/Qwen3-32B,add_item_018,2,add_item:template-02,True,True,True,True
Qwen/Qwen3-32B,add_item_019,0,add_item:template-03,True,True,True,True
Qwen/Qwen3-32B,add_item_019,1,add_item:template-03,True,True,True,True
Qwen/Qwen3-32B,add_item_019,2,add_item:template-03,True,True,True,True
Qwen/Qwen3-32B,add_item_020,0,add_item:template-04,True,True,True,True
Qwen/Qwen3-32B,add_item_020,1,add_item:template-04,True,True,True,True
Qwen/Qwen3-32B,add_item_020,2,add_item:template-04,True,True,True,True
Qwen/Qwen3-32B,add_item_021,0,add_item:template-05,True,True,True,True
Qwen/Qwen3-32B,add_item_021,1,add_item:template-05,True,True,True,True
Qwen/Qwen3-32B,add_item_021,2,add_item:template-05,True,True,True,True
Qwen/Qwen3-32B,add_item_022,0,add_item:template-06,True,True,True,True
Qwen/Qwen3-32B,add_item_022,1,add_item:template-06,True,True,True,True
Qwen/Qwen3-32B,add_item_022,2,add_item:template-06,True,True,True,True
Qwen/Qwen3-32B,add_item_023,0,add_item:template-07,True,True,True,True
Qwen/Qwen3-32B,add_item_023,1,add_item:template-07,True,True,True,True
Qwen/Qwen3-32B,add_item_023,2,add_item:template-07,True,True,True,True
Qwen/Qwen3-32B,add_item_024,0,add_item:template-00,True,True,True,True
Qwen/Qwen3-32B,add_item_024,1,add_item:template-00,True,True,True,True
Qwen/Qwen3-32B,add_item_024,2,add_item:template-00,True,True,True,True
Qwen/Qwen3-32B,add_item_025,0,add_item:template-01,True,True,True,True
Qwen/Qwen3-32B,add_item_025,1,add_item:template-01,True,True,True,True
Qwen/Qwen3-32B,add_item_025,2,add_item:template-01,True,True,True,True
Qwen/Qwen3-32B,add_item_026,0,add_item:template-02,True,True,True,True
Qwen/Qwen3-32B,add_item_026,1,add_item:template-02,True,True,True,True
Qwen/Qwen3-32B,add_item_026,2,add_item:template-02,True,True,True,True
Qwen/Qwen3-32B,add_item_027,0,add_item:template-03,True,True,True,True
Qwen/Qwen3-32B,add_item_027,1,add_item:template-03,True,True,True,True
Qwen/Qwen3-32B,add_item_027,2,add_item:template-03,True,True,True,True
Qwen/Qwen3-32B,add_item_028,0,add_item:template-04,True,True,True,True
Qwen/Qwen3-32B,add_item_028,1,add_item:template-04,True,True,True,True
Qwen/Qwen3-32B,add_item_028,2,add_item:template-04,True,True,True,True
Qwen/Qwen3-32B,add_item_029,0,add_item:template-05,True,True,True,True
Qwen/Qwen3-32B,add_item_029,1,add_item:template-05,True,True,True,True
Qwen/Qwen3-32B,add_item_029,2,add_item:template-05,True,True,True,True
Qwen/Qwen3-32B,constraint_add_safe_000,0,constraint_add_safe:template-00,True,True,True,True
Qwen/Qwen3-32B,constraint_add_safe_000,1,constraint_add_safe:template-00,True,True,True,True
Qwen/Qwen3-32B,constraint_add_safe_000,2,constraint_add_safe:template-00,True,True,True,True
Qwen/Qwen3-32B,constraint_add_safe_001,0,constraint_add_safe:template-01,True,True,True,True
Qwen/Qwen3-32B,constraint_add_safe_001,1,constraint_add_safe:template-01,True,True,True,True
Qwen/Qwen3-32B,constraint_add_safe_001,2,constraint_add_safe:template-01,True,True,True,True
Qwen/Qwen3-32B,constraint_add_safe_002,0,constraint_add_safe:template-02,True,True,True,True
Qwen/Qwen3-32B,constraint_add_safe_002,1,constraint_add_safe:template-02,True,True,True,True
Qwen/Qwen3-32B,constraint_add_safe_002,2,constraint_add_safe:template-02,True,True,True,True
Qwen/Qwen3-32B,constraint_add_safe_003,0,constraint_add_safe:template-03,True,True,True,True
Qwen/Qwen3-32B,constraint_add_safe_003,1,constraint_add_safe:template-03,True,True,True,True
Qwen/Qwen3-32B,constraint_add_safe_003,2,constraint_add_safe:template-03,True,True,True,True
Qwen/Qwen3-32B,constraint_add_safe_004,0,constraint_add_safe:template-04,True,True,True,True
Qwen/Qwen3-32B,constraint_add_safe_004,1,constraint_add_safe:template-04,True,True,True,True
Qwen/Qwen3-32B,constraint_add_safe_004,2,constraint_add_safe:template-04,True,True,True,True
Qwen/Qwen3-32B,constraint_add_safe_005,0,constraint_add_safe:template-05,True,True,True,True
Qwen/Qwen3-32B,constraint_add_safe_005,1,constraint_add_safe:template-05,True,True,True,True
Qwen/Qwen3-32B,constraint_add_safe_005,2,constraint_add_safe:template-05,True,True,True,True
Qwen/Qwen3-32B,constraint_add_safe_006,0,constraint_add_safe:template-06,True,True,True,True
Qwen/Qwen3-32B,constraint_add_safe_006,1,constraint_add_safe:template-06,True,True,True,True
Qwen/Qwen3-32B,constraint_add_safe_006,2,constraint_add_safe:template-06,True,True,True,True
Qwen/Qwen3-32B,constraint_add_safe_007,0,constraint_add_safe:template-07,True,True,True,True
Qwen/Qwen3-32B,constraint_add_safe_007,1,constraint_add_safe:template-07,True,True,True,True
Qwen/Qwen3-32B,constraint_add_safe_007,2,constraint_add_safe:template-07,True,True,True,True
Qwen/Qwen3-32B,constraint_add_safe_008,0,constraint_add_safe:template-00,True,True,True,True
Qwen/Qwen3-32B,constraint_add_safe_008,1,constraint_add_safe:template-00,True,True,True,True
Qwen/Qwen3-32B,constraint_add_safe_008,2,constraint_add_safe:template-00,True,True,True,True
Qwen/Qwen3-32B,constraint_add_safe_009,0,constraint_add_safe:template-01,True,True,True,True
Qwen/Qwen3-32B,constraint_add_safe_009,1,constraint_add_safe:template-01,True,True,True,True
Qwen/Qwen3-32B,constraint_add_safe_009,2,constraint_add_safe:template-01,True,True,True,True
Qwen/Qwen3-32B,constraint_add_safe_010,0,constraint_add_safe:template-02,True,True,True,True
Qwen/Qwen3-32B,constraint_add_safe_010,1,constraint_add_safe:template-02,True,True,True,True
Qwen/Qwen3-32B,constraint_add_safe_010,2,constraint_add_safe:template-02,True,True,True,True
Qwen/Qwen3-32B,constraint_add_safe_011,0,constraint_add_safe:template-03,True,True,True,True
Qwen/Qwen3-32B,constraint_add_safe_011,1,constraint_add_safe:template-03,True,True,True,True
Qwen/Qwen3-32B,constraint_add_safe_011,2,constraint_add_safe:template-03,True,True,True,True
Qwen/Qwen3-32B,constraint_add_safe_012,0,constraint_add_safe:template-04,True,True,True,True
Qwen/Qwen3-32B,constraint_add_safe_012,1,constraint_add_safe:template-04,True,True,True,True
Qwen/Qwen3-32B,constraint_add_safe_012,2,constraint_add_safe:template-04,True,True,True,True
Qwen/Qwen3-32B,constraint_add_safe_013,0,constraint_add_safe:template-05,True,True,True,True
Qwen/Qwen3-32B,constraint_add_safe_013,1,constraint_add_safe:template-05,True,True,True,True
Qwen/Qwen3-32B,constraint_add_safe_013,2,constraint_add_safe:template-05,True,True,True,True
Qwen/Qwen3-32B,constraint_add_safe_014,0,constraint_add_safe:template-06,True,True,True,True
Qwen/Qwen3-32B,constraint_add_safe_014,1,constraint_add_safe:template-06,True,True,True,True
Qwen/Qwen3-32B,constraint_add_safe_014,2,constraint_add_safe:template-06,True,True,True,True
Qwen/Qwen3-32B,constraint_add_safe_015,0,constraint_add_safe:template-07,True,True,True,True
Qwen/Qwen3-32B,constraint_add_safe_015,1,constraint_add_safe:template-07,True,True,True,True
Qwen/Qwen3-32B,constraint_add_safe_015,2,constraint_add_safe:template-07,True,True,True,True
Qwen/Qwen3-32B,constraint_add_safe_016,0,constraint_add_safe:template-00,True,True,True,True
Qwen/Qwen3-32B,constraint_add_safe_016,1,constraint_add_safe:template-00,True,True,True,True
Qwen/Qwen3-32B,constraint_add_safe_016,2,constraint_add_safe:template-00,True,True,True,True
Qwen/Qwen3-32B,constraint_add_safe_017,0,constraint_add_safe:template-01,True,True,True,True
Qwen/Qwen3-32B,constraint_add_safe_017,1,constraint_add_safe:template-01,True,True,True,True
Qwen/Qwen3-32B,constraint_add_safe_017,2,constraint_add_safe:template-01,True,True,True,True
Qwen/Qwen3-32B,constraint_add_safe_018,0,constraint_add_safe:template-02,True,True,True,True
Qwen/Qwen3-32B,constraint_add_safe_018,1,constraint_add_safe:template-02,True,True,True,True
Qwen/Qwen3-32B,constraint_add_safe_018,2,constraint_add_safe:template-02,True,True,True,True
Qwen/Qwen3-32B,constraint_add_safe_019,0,constraint_add_safe:template-03,True,True,True,True
Qwen/Qwen3-32B,constraint_add_safe_019,1,constraint_add_safe:template-03,True,True,True,True
Qwen/Qwen3-32B,constraint_add_safe_019,2,constraint_add_safe:template-03,True,True,True,True
Qwen/Qwen3-32B,constraint_add_safe_020,0,constraint_add_safe:template-04,True,True,True,True
Qwen/Qwen3-32B,constraint_add_safe_020,1,constraint_add_safe:template-04,True,True,True,True
Qwen/Qwen3-32B,constraint_add_safe_020,2,constraint_add_safe:template-04,True,True,True,True
Qwen/Qwen3-32B,constraint_add_safe_021,0,constraint_add_safe:template-05,True,True,True,True
Qwen/Qwen3-32B,constraint_add_safe_021,1,constraint_add_safe:template-05,True,True,True,True
Qwen/Qwen3-32B,constraint_add_safe_021,2,constraint_add_safe:template-05,True,True,True,True
Qwen/Qwen3-32B,constraint_add_safe_022,0,constraint_add_safe:template-06,True,True,True,True
Qwen/Qwen3-32B,constraint_add_safe_022,1,constraint_add_safe:template-06,True,True,True,True
Qwen/Qwen3-32B,constraint_add_safe_022,2,constraint_add_safe:template-06,True,True,True,True
Qwen/Qwen3-32B,constraint_add_safe_023,0,constraint_add_safe:template-07,True,True,True,True
Qwen/Qwen3-32B,constraint_add_safe_023,1,constraint_add_safe:template-07,True,True,True,True
Qwen/Qwen3-32B,constraint_add_safe_023,2,constraint_add_safe:template-07,True,True,True,True
Qwen/Qwen3-32B,constraint_add_safe_024,0,constraint_add_safe:template-00,True,True,True,True
Qwen/Qwen3-32B,constraint_add_safe_024,1,constraint_add_safe:template-00,True,True,True,True
Qwen/Qwen3-32B,constraint_add_safe_024,2,constraint_add_safe:template-00,True,True,True,True
Qwen/Qwen3-32B,constraint_add_safe_025,0,constraint_add_safe:template-01,True,True,True,True
Qwen/Qwen3-32B,constraint_add_safe_025,1,constraint_add_safe:template-01,True,True,True,True
Qwen/Qwen3-32B,constraint_add_safe_025,2,constraint_add_safe:template-01,True,True,True,True
Qwen/Qwen3-32B,constraint_add_safe_026,0,constraint_add_safe:template-02,True,True,True,True
Qwen/Qwen3-32B,constraint_add_safe_026,1,constraint_add_safe:template-02,True,True,True,True
Qwen/Qwen3-32B,constraint_add_safe_026,2,constraint_add_safe:template-02,True,True,True,True
Qwen/Qwen3-32B,constraint_add_safe_027,0,constraint_add_safe:template-03,True,True,True,True
Qwen/Qwen3-32B,constraint_add_safe_027,1,constraint_add_safe:template-03,True,True,True,True
Qwen/Qwen3-32B,constraint_add_safe_027,2,constraint_add_safe:template-03,True,True,True,True
Qwen/Qwen3-32B,constraint_add_safe_028,0,constraint_add_safe:template-04,True,True,True,True
Qwen/Qwen3-32B,constraint_add_safe_028,1,constraint_add_safe:template-04,True,True,True,True
Qwen/Qwen3-32B,constraint_add_safe_028,2,constraint_add_safe:template-04,True,True,True,True
Qwen/Qwen3-32B,constraint_add_safe_029,0,constraint_add_safe:template-05,True,True,True,True
Qwen/Qwen3-32B,constraint_add_safe_029,1,constraint_add_safe:template-05,True,True,True,True
Qwen/Qwen3-32B,constraint_add_safe_029,2,constraint_add_safe:template-05,True,True,True,True
Qwen/Qwen3-32B,constraint_new_conflict_000,0,constraint_new_conflict:template-00,True,True,True,True
Qwen/Qwen3-32B,constraint_new_conflict_000,1,constraint_new_conflict:template-00,True,True,True,True
Qwen/Qwen3-32B,constraint_new_conflict_000,2,constraint_new_conflict:template-00,True,True,True,True
Qwen/Qwen3-32B,constraint_new_conflict_001,0,constraint_new_conflict:template-01,True,True,True,True
Qwen/Qwen3-32B,constraint_new_conflict_001,1,constraint_new_conflict:template-01,True,True,True,True
Qwen/Qwen3-32B,constraint_new_conflict_001,2,constraint_new_conflict:template-01,True,True,True,True
Qwen/Qwen3-32B,constraint_new_conflict_002,0,constraint_new_conflict:template-02,True,True,True,True
Qwen/Qwen3-32B,constraint_new_conflict_002,1,constraint_new_conflict:template-02,True,True,True,True
Qwen/Qwen3-32B,constraint_new_conflict_002,2,constraint_new_conflict:template-02,True,True,True,True
Qwen/Qwen3-32B,constraint_new_conflict_003,0,constraint_new_conflict:template-03,True,True,True,True
Qwen/Qwen3-32B,constraint_new_conflict_003,1,constraint_new_conflict:template-03,True,True,True,True
Qwen/Qwen3-32B,constraint_new_conflict_003,2,constraint_new_conflict:template-03,True,True,True,True
Qwen/Qwen3-32B,constraint_new_conflict_004,0,constraint_new_conflict:template-04,True,True,True,True
Qwen/Qwen3-32B,constraint_new_conflict_004,1,constraint_new_conflict:template-04,True,True,True,True
Qwen/Qwen3-32B,constraint_new_conflict_004,2,constraint_new_conflict:template-04,True,True,True,True
Qwen/Qwen3-32B,constraint_new_conflict_005,0,constraint_new_conflict:template-05,True,True,True,True
Qwen/Qwen3-32B,constraint_new_conflict_005,1,constraint_new_conflict:template-05,True,True,True,True
Qwen/Qwen3-32B,constraint_new_conflict_005,2,constraint_new_conflict:template-05,True,True,True,True
Qwen/Qwen3-32B,constraint_new_conflict_006,0,constraint_new_conflict:template-06,True,True,True,True
Qwen/Qwen3-32B,constraint_new_conflict_006,1,constraint_new_conflict:template-06,True,True,True,True
Qwen/Qwen3-32B,constraint_new_conflict_006,2,constraint_new_conflict:template-06,True,True,True,True
Qwen/Qwen3-32B,constraint_new_conflict_007,0,constraint_new_conflict:template-07,True,True,True,True
Qwen/Qwen3-32B,constraint_new_conflict_007,1,constraint_new_conflict:template-07,True,True,True,True
Qwen/Qwen3-32B,constraint_new_conflict_007,2,constraint_new_conflict:template-07,True,True,True,True
Qwen/Qwen3-32B,constraint_new_conflict_008,0,constraint_new_conflict:template-00,True,True,True,True
Qwen/Qwen3-32B,constraint_new_conflict_008,1,constraint_new_conflict:template-00,True,True,True,True
Qwen/Qwen3-32B,constraint_new_conflict_008,2,constraint_new_conflict:template-00,True,True,True,True
Qwen/Qwen3-32B,constraint_new_conflict_009,0,constraint_new_conflict:template-01,True,True,True,True
Qwen/Qwen3-32B,constraint_new_conflict_009,1,constraint_new_conflict:template-01,True,True,True,True
Qwen/Qwen3-32B,constraint_new_conflict_009,2,constraint_new_conflict:template-01,True,True,True,True
Qwen/Qwen3-32B,constraint_new_conflict_010,0,constraint_new_conflict:template-02,True,True,True,True
Qwen/Qwen3-32B,constraint_new_conflict_010,1,constraint_new_conflict:template-02,True,True,True,True
Qwen/Qwen3-32B,constraint_new_conflict_010,2,constraint_new_conflict:template-02,True,True,True,True
Qwen/Qwen3-32B,constraint_new_conflict_011,0,constraint_new_conflict:template-03,True,True,True,True
Qwen/Qwen3-32B,constraint_new_conflict_011,1,constraint_new_conflict:template-03,True,True,True,True
Qwen/Qwen3-32B,constraint_new_conflict_011,2,constraint_new_conflict:template-03,True,True,True,True
Qwen/Qwen3-32B,constraint_new_conflict_012,0,constraint_new_conflict:template-04,True,True,True,True
Qwen/Qwen3-32B,constraint_new_conflict_012,1,constraint_new_conflict:template-04,True,True,True,True
Qwen/Qwen3-32B,constraint_new_conflict_012,2,constraint_new_conflict:template-04,True,True,True,True
Qwen/Qwen3-32B,constraint_new_conflict_013,0,constraint_new_conflict:template-05,True,True,True,True
Qwen/Qwen3-32B,constraint_new_conflict_013,1,constraint_new_conflict:template-05,True,True,True,True
Qwen/Qwen3-32B,constraint_new_conflict_013,2,constraint_new_conflict:template-05,True,True,True,True
Qwen/Qwen3-32B,constraint_new_conflict_014,0,constraint_new_conflict:template-06,True,True,True,True
Qwen/Qwen3-32B,constraint_new_conflict_014,1,constraint_new_conflict:template-06,True,True,True,True
Qwen/Qwen3-32B,constraint_new_conflict_014,2,constraint_new_conflict:template-06,True,True,True,True
Qwen/Qwen3-32B,constraint_new_conflict_015,0,constraint_new_conflict:template-07,True,True,True,True
Qwen/Qwen3-32B,constraint_new_conflict_015,1,constraint_new_conflict:template-07,True,True,True,True
Qwen/Qwen3-32B,constraint_new_conflict_015,2,constraint_new_conflict:template-07,True,True,True,True
Qwen/Qwen3-32B,constraint_new_conflict_016,0,constraint_new_conflict:template-00,True,True,True,True
Qwen/Qwen3-32B,constraint_new_conflict_016,1,constraint_new_conflict:template-00,True,True,True,True
Qwen/Qwen3-32B,constraint_new_conflict_016,2,constraint_new_conflict:template-00,True,True,True,True
Qwen/Qwen3-32B,constraint_new_conflict_017,0,constraint_new_conflict:template-01,True,True,True,True
Qwen/Qwen3-32B,constraint_new_conflict_017,1,constraint_new_conflict:template-01,True,True,True,True
Qwen/Qwen3-32B,constraint_new_conflict_017,2,constraint_new_conflict:template-01,True,True,True,True
Qwen/Qwen3-32B,constraint_new_conflict_018,0,constraint_new_conflict:template-02,True,True,True,True
Qwen/Qwen3-32B,constraint_new_conflict_018,1,constraint_new_conflict:template-02,True,True,True,True
Qwen/Qwen3-32B,constraint_new_conflict_018,2,constraint_new_conflict:template-02,True,True,True,True
Qwen/Qwen3-32B,constraint_new_conflict_019,0,constraint_new_conflict:template-03,True,True,True,True
Qwen/Qwen3-32B,constraint_new_conflict_019,1,constraint_new_conflict:template-03,True,True,True,True
Qwen/Qwen3-32B,constraint_new_conflict_019,2,constraint_new_conflict:template-03,True,True,True,True
Qwen/Qwen3-32B,constraint_new_conflict_020,0,constraint_new_conflict:template-04,True,True,True,True
Qwen/Qwen3-32B,constraint_new_conflict_020,1,constraint_new_conflict:template-04,True,True,True,True
Qwen/Qwen3-32B,constraint_new_conflict_020,2,constraint_new_conflict:template-04,True,True,True,True
Qwen/Qwen3-32B,constraint_new_conflict_021,0,constraint_new_conflict:template-05,True,True,True,True
Qwen/Qwen3-32B,constraint_new_conflict_021,1,constraint_new_conflict:template-05,True,True,True,True
Qwen/Qwen3-32B,constraint_new_conflict_021,2,constraint_new_conflict:template-05,True,True,True,True
Qwen/Qwen3-32B,constraint_new_conflict_022,0,constraint_new_conflict:template-06,True,True,True,True
Qwen/Qwen3-32B,constraint_new_conflict_022,1,constraint_new_conflict:template-06,True,True,True,True
Qwen/Qwen3-32B,constraint_new_conflict_022,2,constraint_new_conflict:template-06,True,True,True,True
Qwen/Qwen3-32B,constraint_new_conflict_023,0,constraint_new_conflict:template-07,True,True,True,True
Qwen/Qwen3-32B,constraint_new_conflict_023,1,constraint_new_conflict:template-07,True,True,True,True
Qwen/Qwen3-32B,constraint_new_conflict_023,2,constraint_new_conflict:template-07,True,True,True,True
Qwen/Qwen3-32B,constraint_new_conflict_024,0,constraint_new_conflict:template-00,True,True,True,True
Qwen/Qwen3-32B,constraint_new_conflict_024,1,constraint_new_conflict:template-00,True,True,True,True
Qwen/Qwen3-32B,constraint_new_conflict_024,2,constraint_new_conflict:template-00,True,True,True,True
Qwen/Qwen3-32B,constraint_new_conflict_025,0,constraint_new_conflict:template-01,True,True,True,True
Qwen/Qwen3-32B,constraint_new_conflict_025,1,constraint_new_conflict:template-01,True,True,True,True
Qwen/Qwen3-32B,constraint_new_conflict_025,2,constraint_new_conflict:template-01,True,True,True,True
Qwen/Qwen3-32B,constraint_new_conflict_026,0,constraint_new_conflict:template-02,True,True,True,True
Qwen/Qwen3-32B,constraint_new_conflict_026,1,constraint_new_conflict:template-02,True,True,True,True
Qwen/Qwen3-32B,constraint_new_conflict_026,2,constraint_new_conflict:template-02,True,True,True,True
Qwen/Qwen3-32B,constraint_new_conflict_027,0,constraint_new_conflict:template-03,True,True,True,True
Qwen/Qwen3-32B,constraint_new_conflict_027,1,constraint_new_conflict:template-03,True,True,True,True
Qwen/Qwen3-32B,constraint_new_conflict_027,2,constraint_new_conflict:template-03,True,True,True,True
Qwen/Qwen3-32B,constraint_new_conflict_028,0,constraint_new_conflict:template-04,True,True,True,True
Qwen/Qwen3-32B,constraint_new_conflict_028,1,constraint_new_conflict:template-04,True,True,True,True
Qwen/Qwen3-32B,constraint_new_conflict_028,2,constraint_new_conflict:template-04,True,True,True,True
Qwen/Qwen3-32B,constraint_new_conflict_029,0,constraint_new_conflict:template-05,True,True,True,True
Qwen/Qwen3-32B,constraint_new_conflict_029,1,constraint_new_conflict:template-05,True,True,True,True
Qwen/Qwen3-32B,constraint_new_conflict_029,2,constraint_new_conflict:template-05,True,True,True,True
Qwen/Qwen3-32B,modifier_add_scoped_000,0,modifier_add_scoped:template-00,True,True,True,True
Qwen/Qwen3-32B,modifier_add_scoped_000,1,modifier_add_scoped:template-00,True,True,True,True
Qwen/Qwen3-32B,modifier_add_scoped_000,2,modifier_add_scoped:template-00,True,True,True,True
Qwen/Qwen3-32B,modifier_add_scoped_001,0,modifier_add_scoped:template-01,True,True,True,True
Qwen/Qwen3-32B,modifier_add_scoped_001,1,modifier_add_scoped:template-01,True,True,True,True
Qwen/Qwen3-32B,modifier_add_scoped_001,2,modifier_add_scoped:template-01,True,True,True,True
Qwen/Qwen3-32B,modifier_add_scoped_002,0,modifier_add_scoped:template-02,True,True,True,True
Qwen/Qwen3-32B,modifier_add_scoped_002,1,modifier_add_scoped:template-02,True,True,True,True
Qwen/Qwen3-32B,modifier_add_scoped_002,2,modifier_add_scoped:template-02,True,True,True,True
Qwen/Qwen3-32B,modifier_add_scoped_003,0,modifier_add_scoped:template-03,True,True,True,True
Qwen/Qwen3-32B,modifier_add_scoped_003,1,modifier_add_scoped:template-03,True,True,True,True
Qwen/Qwen3-32B,modifier_add_scoped_003,2,modifier_add_scoped:template-03,True,True,True,True
Qwen/Qwen3-32B,modifier_add_scoped_004,0,modifier_add_scoped:template-04,True,True,True,True
Qwen/Qwen3-32B,modifier_add_scoped_004,1,modifier_add_scoped:template-04,True,True,True,True
Qwen/Qwen3-32B,modifier_add_scoped_004,2,modifier_add_scoped:template-04,True,True,True,True
Qwen/Qwen3-32B,modifier_add_scoped_005,0,modifier_add_scoped:template-05,True,True,True,True
Qwen/Qwen3-32B,modifier_add_scoped_005,1,modifier_add_scoped:template-05,True,True,True,True
Qwen/Qwen3-32B,modifier_add_scoped_005,2,modifier_add_scoped:template-05,True,True,True,True
Qwen/Qwen3-32B,modifier_add_scoped_006,0,modifier_add_scoped:template-06,True,True,True,True
Qwen/Qwen3-32B,modifier_add_scoped_006,1,modifier_add_scoped:template-06,True,True,True,True
Qwen/Qwen3-32B,modifier_add_scoped_006,2,modifier_add_scoped:template-06,True,True,True,True
Qwen/Qwen3-32B,modifier_add_scoped_007,0,modifier_add_scoped:template-07,True,True,True,True
Qwen/Qwen3-32B,modifier_add_scoped_007,1,modifier_add_scoped:template-07,True,True,True,True
Qwen/Qwen3-32B,modifier_add_scoped_007,2,modifier_add_scoped:template-07,True,True,True,True
Qwen/Qwen3-32B,modifier_add_scoped_008,0,modifier_add_scoped:template-00,True,True,True,True
Qwen/Qwen3-32B,modifier_add_scoped_008,1,modifier_add_scoped:template-00,True,True,True,True
Qwen/Qwen3-32B,modifier_add_scoped_008,2,modifier_add_scoped:template-00,True,True,True,True
Qwen/Qwen3-32B,modifier_add_scoped_009,0,modifier_add_scoped:template-01,True,True,True,True
Qwen/Qwen3-32B,modifier_add_scoped_009,1,modifier_add_scoped:template-01,True,True,True,True
Qwen/Qwen3-32B,modifier_add_scoped_009,2,modifier_add_scoped:template-01,True,True,True,True
Qwen/Qwen3-32B,modifier_add_scoped_010,0,modifier_add_scoped:template-02,True,True,True,True
Qwen/Qwen3-32B,modifier_add_scoped_010,1,modifier_add_scoped:template-02,True,True,True,True
Qwen/Qwen3-32B,modifier_add_scoped_010,2,modifier_add_scoped:template-02,True,True,True,True
Qwen/Qwen3-32B,modifier_add_scoped_011,0,modifier_add_scoped:template-03,True,True,True,True
Qwen/Qwen3-32B,modifier_add_scoped_011,1,modifier_add_scoped:template-03,True,True,True,True
Qwen/Qwen3-32B,modifier_add_scoped_011,2,modifier_add_scoped:template-03,True,True,True,True
Qwen/Qwen3-32B,modifier_add_scoped_012,0,modifier_add_scoped:template-04,True,True,True,True
Qwen/Qwen3-32B,modifier_add_scoped_012,1,modifier_add_scoped:template-04,True,True,True,True
Qwen/Qwen3-32B,modifier_add_scoped_012,2,modifier_add_scoped:template-04,True,True,True,True
Qwen/Qwen3-32B,modifier_add_scoped_013,0,modifier_add_scoped:template-05,True,True,True,True
Qwen/Qwen3-32B,modifier_add_scoped_013,1,modifier_add_scoped:template-05,True,True,True,True
Qwen/Qwen3-32B,modifier_add_scoped_013,2,modifier_add_scoped:template-05,True,True,True,True
Qwen/Qwen3-32B,modifier_add_scoped_014,0,modifier_add_scoped:template-06,True,True,True,True
Qwen/Qwen3-32B,modifier_add_scoped_014,1,modifier_add_scoped:template-06,True,True,True,True
Qwen/Qwen3-32B,modifier_add_scoped_014,2,modifier_add_scoped:template-06,True,True,True,True
Qwen/Qwen3-32B,modifier_add_scoped_015,0,modifier_add_scoped:template-07,True,True,True,True
Qwen/Qwen3-32B,modifier_add_scoped_015,1,modifier_add_scoped:template-07,True,True,True,True
Qwen/Qwen3-32B,modifier_add_scoped_015,2,modifier_add_scoped:template-07,True,True,True,True
Qwen/Qwen3-32B,modifier_add_scoped_016,0,modifier_add_scoped:template-00,True,True,True,True
Qwen/Qwen3-32B,modifier_add_scoped_016,1,modifier_add_scoped:template-00,True,True,True,True
Qwen/Qwen3-32B,modifier_add_scoped_016,2,modifier_add_scoped:template-00,True,True,True,True
Qwen/Qwen3-32B,modifier_add_scoped_017,0,modifier_add_scoped:template-01,True,True,True,True
Qwen/Qwen3-32B,modifier_add_scoped_017,1,modifier_add_scoped:template-01,True,True,True,True
Qwen/Qwen3-32B,modifier_add_scoped_017,2,modifier_add_scoped:template-01,True,True,True,True
Qwen/Qwen3-32B,modifier_add_scoped_018,0,modifier_add_scoped:template-02,True,True,True,True
Qwen/Qwen3-32B,modifier_add_scoped_018,1,modifier_add_scoped:template-02,True,True,True,True
Qwen/Qwen3-32B,modifier_add_scoped_018,2,modifier_add_scoped:template-02,True,True,True,True
Qwen/Qwen3-32B,modifier_add_scoped_019,0,modifier_add_scoped:template-03,True,True,True,True
Qwen/Qwen3-32B,modifier_add_scoped_019,1,modifier_add_scoped:template-03,True,True,True,True
Qwen/Qwen3-32B,modifier_add_scoped_019,2,modifier_add_scoped:template-03,True,True,True,True
Qwen/Qwen3-32B,modifier_add_scoped_020,0,modifier_add_scoped:template-04,True,True,True,True
Qwen/Qwen3-32B,modifier_add_scoped_020,1,modifier_add_scoped:template-04,True,True,True,True
Qwen/Qwen3-32B,modifier_add_scoped_020,2,modifier_add_scoped:template-04,True,True,True,True
Qwen/Qwen3-32B,modifier_add_scoped_021,0,modifier_add_scoped:template-05,True,True,True,True
Qwen/Qwen3-32B,modifier_add_scoped_021,1,modifier_add_scoped:template-05,True,True,True,True
Qwen/Qwen3-32B,modifier_add_scoped_021,2,modifier_add_scoped:template-05,True,True,True,True
Qwen/Qwen3-32B,modifier_add_scoped_022,0,modifier_add_scoped:template-06,True,True,True,True
Qwen/Qwen3-32B,modifier_add_scoped_022,1,modifier_add_scoped:template-06,True,True,True,True
Qwen/Qwen3-32B,modifier_add_scoped_022,2,modifier_add_scoped:template-06,True,True,True,True
Qwen/Qwen3-32B,modifier_add_scoped_023,0,modifier_add_scoped:template-07,True,True,True,True
Qwen/Qwen3-32B,modifier_add_scoped_023,1,modifier_add_scoped:template-07,True,True,True,True
Qwen/Qwen3-32B,modifier_add_scoped_023,2,modifier_add_scoped:template-07,True,True,True,True
Qwen/Qwen3-32B,modifier_add_scoped_024,0,modifier_add_scoped:template-00,True,True,True,True
Qwen/Qwen3-32B,modifier_add_scoped_024,1,modifier_add_scoped:template-00,True,True,True,True
Qwen/Qwen3-32B,modifier_add_scoped_024,2,modifier_add_scoped:template-00,True,True,True,True
Qwen/Qwen3-32B,modifier_add_scoped_025,0,modifier_add_scoped:template-01,True,True,True,True
Qwen/Qwen3-32B,modifier_add_scoped_025,1,modifier_add_scoped:template-01,True,True,True,True
Qwen/Qwen3-32B,modifier_add_scoped_025,2,modifier_add_scoped:template-01,True,True,True,True
Qwen/Qwen3-32B,modifier_add_scoped_026,0,modifier_add_scoped:template-02,True,True,True,True
Qwen/Qwen3-32B,modifier_add_scoped_026,1,modifier_add_scoped:template-02,True,True,True,True
Qwen/Qwen3-32B,modifier_add_scoped_026,2,modifier_add_scoped:template-02,True,True,True,True
Qwen/Qwen3-32B,modifier_add_scoped_027,0,modifier_add_scoped:template-03,True,True,True,True
Qwen/Qwen3-32B,modifier_add_scoped_027,1,modifier_add_scoped:template-03,True,True,True,True
Qwen/Qwen3-32B,modifier_add_scoped_027,2,modifier_add_scoped:template-03,True,True,True,True
Qwen/Qwen3-32B,modifier_add_scoped_028,0,modifier_add_scoped:template-04,True,True,True,True
Qwen/Qwen3-32B,modifier_add_scoped_028,1,modifier_add_scoped:template-04,True,True,True,True
Qwen/Qwen3-32B,modifier_add_scoped_028,2,modifier_add_scoped:template-04,True,True,True,True
Qwen/Qwen3-32B,modifier_add_scoped_029,0,modifier_add_scoped:template-05,True,True,True,True
Qwen/Qwen3-32B,modifier_add_scoped_029,1,modifier_add_scoped:template-05,True,True,True,True
Qwen/Qwen3-32B,modifier_add_scoped_029,2,modifier_add_scoped:template-05,True,True,True,True
Qwen/Qwen3-32B,modifier_reversal_000,0,modifier_reversal:template-00,True,True,True,True
Qwen/Qwen3-32B,modifier_reversal_000,1,modifier_reversal:template-00,True,True,True,True
Qwen/Qwen3-32B,modifier_reversal_000,2,modifier_reversal:template-00,True,True,True,True
Qwen/Qwen3-32B,modifier_reversal_001,0,modifier_reversal:template-01,True,True,True,True
Qwen/Qwen3-32B,modifier_reversal_001,1,modifier_reversal:template-01,True,True,True,True
Qwen/Qwen3-32B,modifier_reversal_001,2,modifier_reversal:template-01,True,True,True,True
Qwen/Qwen3-32B,modifier_reversal_002,0,modifier_reversal:template-02,True,True,True,True
Qwen/Qwen3-32B,modifier_reversal_002,1,modifier_reversal:template-02,True,True,True,True
Qwen/Qwen3-32B,modifier_reversal_002,2,modifier_reversal:template-02,True,True,True,True
Qwen/Qwen3-32B,modifier_reversal_003,0,modifier_reversal:template-03,True,True,True,True
Qwen/Qwen3-32B,modifier_reversal_003,1,modifier_reversal:template-03,True,True,True,True
Qwen/Qwen3-32B,modifier_reversal_003,2,modifier_reversal:template-03,True,True,True,True
Qwen/Qwen3-32B,modifier_reversal_004,0,modifier_reversal:template-04,True,True,True,True
Qwen/Qwen3-32B,modifier_reversal_004,1,modifier_reversal:template-04,True,True,True,True
Qwen/Qwen3-32B,modifier_reversal_004,2,modifier_reversal:template-04,True,True,True,True
Qwen/Qwen3-32B,modifier_reversal_005,0,modifier_reversal:template-05,True,True,True,True
Qwen/Qwen3-32B,modifier_reversal_005,1,modifier_reversal:template-05,True,True,True,True
Qwen/Qwen3-32B,modifier_reversal_005,2,modifier_reversal:template-05,True,True,True,True
Qwen/Qwen3-32B,modifier_reversal_006,0,modifier_reversal:template-06,True,True,True,True
Qwen/Qwen3-32B,modifier_reversal_006,1,modifier_reversal:template-06,True,True,True,True
Qwen/Qwen3-32B,modifier_reversal_006,2,modifier_reversal:template-06,True,True,True,True
Qwen/Qwen3-32B,modifier_reversal_007,0,modifier_reversal:template-07,True,True,True,True
Qwen/Qwen3-32B,modifier_reversal_007,1,modifier_reversal:template-07,True,True,True,True
Qwen/Qwen3-32B,modifier_reversal_007,2,modifier_reversal:template-07,True,True,True,True
Qwen/Qwen3-32B,modifier_reversal_008,0,modifier_reversal:template-00,True,True,True,True
Qwen/Qwen3-32B,modifier_reversal_008,1,modifier_reversal:template-00,True,True,True,True
Qwen/Qwen3-32B,modifier_reversal_008,2,modifier_reversal:template-00,True,True,True,True
Qwen/Qwen3-32B,modifier_reversal_009,0,modifier_reversal:template-01,True,True,True,True
Qwen/Qwen3-32B,modifier_reversal_009,1,modifier_reversal:template-01,True,True,True,True
Qwen/Qwen3-32B,modifier_reversal_009,2,modifier_reversal:template-01,True,True,True,True
Qwen/Qwen3-32B,modifier_reversal_010,0,modifier_reversal:template-02,True,True,True,True
Qwen/Qwen3-32B,modifier_reversal_010,1,modifier_reversal:template-02,True,True,True,True
Qwen/Qwen3-32B,modifier_reversal_010,2,modifier_reversal:template-02,True,True,True,True
Qwen/Qwen3-32B,modifier_reversal_011,0,modifier_reversal:template-03,True,True,True,True
Qwen/Qwen3-32B,modifier_reversal_011,1,modifier_reversal:template-03,True,True,True,True
Qwen/Qwen3-32B,modifier_reversal_011,2,modifier_reversal:template-03,True,True,True,True
Qwen/Qwen3-32B,modifier_reversal_012,0,modifier_reversal:template-04,True,True,True,True
Qwen/Qwen3-32B,modifier_reversal_012,1,modifier_reversal:template-04,True,True,True,True
Qwen/Qwen3-32B,modifier_reversal_012,2,modifier_reversal:template-04,True,True,True,True
Qwen/Qwen3-32B,modifier_reversal_013,0,modifier_reversal:template-05,True,True,True,True
Qwen/Qwen3-32B,modifier_reversal_013,1,modifier_reversal:template-05,True,True,True,True
Qwen/Qwen3-32B,modifier_reversal_013,2,modifier_reversal:template-05,True,True,True,True
Qwen/Qwen3-32B,modifier_reversal_014,0,modifier_reversal:template-06,True,True,True,True
Qwen/Qwen3-32B,modifier_reversal_014,1,modifier_reversal:template-06,True,True,True,True
Qwen/Qwen3-32B,modifier_reversal_014,2,modifier_reversal:template-06,True,True,True,True
Qwen/Qwen3-32B,modifier_reversal_015,0,modifier_reversal:template-07,True,True,True,True
Qwen/Qwen3-32B,modifier_reversal_015,1,modifier_reversal:template-07,True,True,True,True
Qwen/Qwen3-32B,modifier_reversal_015,2,modifier_reversal:template-07,True,True,True,True
Qwen/Qwen3-32B,modifier_reversal_016,0,modifier_reversal:template-00,True,True,True,True
Qwen/Qwen3-32B,modifier_reversal_016,1,modifier_reversal:template-00,True,True,True,True
Qwen/Qwen3-32B,modifier_reversal_016,2,modifier_reversal:template-00,True,True,True,True
Qwen/Qwen3-32B,modifier_reversal_017,0,modifier_reversal:template-01,True,True,True,True
Qwen/Qwen3-32B,modifier_reversal_017,1,modifier_reversal:template-01,True,True,True,True
Qwen/Qwen3-32B,modifier_reversal_017,2,modifier_reversal:template-01,True,True,True,True
Qwen/Qwen3-32B,modifier_reversal_018,0,modifier_reversal:template-02,True,True,True,True
Qwen/Qwen3-32B,modifier_reversal_018,1,modifier_reversal:template-02,True,True,True,True
Qwen/Qwen3-32B,modifier_reversal_018,2,modifier_reversal:template-02,True,True,True,True
Qwen/Qwen3-32B,modifier_reversal_019,0,modifier_reversal:template-03,True,True,True,True
Qwen/Qwen3-32B,modifier_reversal_019,1,modifier_reversal:template-03,True,True,True,True
Qwen/Qwen3-32B,modifier_reversal_019,2,modifier_reversal:template-03,True,True,True,True
Qwen/Qwen3-32B,modifier_reversal_020,0,modifier_reversal:template-04,True,True,True,True
Qwen/Qwen3-32B,modifier_reversal_020,1,modifier_reversal:template-04,True,True,True,True
Qwen/Qwen3-32B,modifier_reversal_020,2,modifier_reversal:template-04,True,True,True,True
Qwen/Qwen3-32B,modifier_reversal_021,0,modifier_reversal:template-05,True,True,True,True
Qwen/Qwen3-32B,modifier_reversal_021,1,modifier_reversal:template-05,True,True,True,True
Qwen/Qwen3-32B,modifier_reversal_021,2,modifier_reversal:template-05,True,True,True,True
Qwen/Qwen3-32B,modifier_reversal_022,0,modifier_reversal:template-06,True,True,True,True
Qwen/Qwen3-32B,modifier_reversal_022,1,modifier_reversal:template-06,True,True,True,True
Qwen/Qwen3-32B,modifier_reversal_022,2,modifier_reversal:template-06,True,True,True,True
Qwen/Qwen3-32B,modifier_reversal_023,0,modifier_reversal:template-07,True,True,True,True
Qwen/Qwen3-32B,modifier_reversal_023,1,modifier_reversal:template-07,True,True,True,True
Qwen/Qwen3-32B,modifier_reversal_023,2,modifier_reversal:template-07,True,True,True,True
Qwen/Qwen3-32B,modifier_reversal_024,0,modifier_reversal:template-00,True,True,True,True
Qwen/Qwen3-32B,modifier_reversal_024,1,modifier_reversal:template-00,True,True,True,True
Qwen/Qwen3-32B,modifier_reversal_024,2,modifier_reversal:template-00,True,True,True,True
Qwen/Qwen3-32B,modifier_reversal_025,0,modifier_reversal:template-01,True,True,True,True
Qwen/Qwen3-32B,modifier_reversal_025,1,modifier_reversal:template-01,True,True,True,True
Qwen/Qwen3-32B,modifier_reversal_025,2,modifier_reversal:template-01,True,True,True,True
Qwen/Qwen3-32B,modifier_reversal_026,0,modifier_reversal:template-02,True,True,True,True
Qwen/Qwen3-32B,modifier_reversal_026,1,modifier_reversal:template-02,True,True,True,True
Qwen/Qwen3-32B,modifier_reversal_026,2,modifier_reversal:template-02,True,True,True,True
Qwen/Qwen3-32B,modifier_reversal_027,0,modifier_reversal:template-03,True,True,True,True
Qwen/Qwen3-32B,modifier_reversal_027,1,modifier_reversal:template-03,True,True,True,True
Qwen/Qwen3-32B,modifier_reversal_027,2,modifier_reversal:template-03,True,True,True,True
Qwen/Qwen3-32B,modifier_reversal_028,0,modifier_reversal:template-04,True,True,True,True
Qwen/Qwen3-32B,modifier_reversal_028,1,modifier_reversal:template-04,True,True,True,True
Qwen/Qwen3-32B,modifier_reversal_028,2,modifier_reversal:template-04,True,True,True,True
Qwen/Qwen3-32B,modifier_reversal_029,0,modifier_reversal:template-05,True,True,True,True
Qwen/Qwen3-32B,modifier_reversal_029,1,modifier_reversal:template-05,True,True,True,True
Qwen/Qwen3-32B,modifier_reversal_029,2,modifier_reversal:template-05,True,True,True,True
Qwen/Qwen3-32B,quantity_decrease_000,0,quantity_decrease:template-00,True,True,True,True
Qwen/Qwen3-32B,quantity_decrease_000,1,quantity_decrease:template-00,True,True,True,True
Qwen/Qwen3-32B,quantity_decrease_000,2,quantity_decrease:template-00,True,True,True,True
Qwen/Qwen3-32B,quantity_decrease_001,0,quantity_decrease:template-01,True,True,True,True
Qwen/Qwen3-32B,quantity_decrease_001,1,quantity_decrease:template-01,True,True,True,True
Qwen/Qwen3-32B,quantity_decrease_001,2,quantity_decrease:template-01,True,True,True,True
Qwen/Qwen3-32B,quantity_decrease_002,0,quantity_decrease:template-02,True,True,True,True
Qwen/Qwen3-32B,quantity_decrease_002,1,quantity_decrease:template-02,True,True,True,True
Qwen/Qwen3-32B,quantity_decrease_002,2,quantity_decrease:template-02,True,True,True,True
Qwen/Qwen3-32B,quantity_decrease_003,0,quantity_decrease:template-03,True,True,True,True
Qwen/Qwen3-32B,quantity_decrease_003,1,quantity_decrease:template-03,True,True,True,True
Qwen/Qwen3-32B,quantity_decrease_003,2,quantity_decrease:template-03,True,True,True,True
Qwen/Qwen3-32B,quantity_decrease_004,0,quantity_decrease:template-04,True,True,True,True
Qwen/Qwen3-32B,quantity_decrease_004,1,quantity_decrease:template-04,True,True,True,True
Qwen/Qwen3-32B,quantity_decrease_004,2,quantity_decrease:template-04,True,True,True,True
Qwen/Qwen3-32B,quantity_decrease_005,0,quantity_decrease:template-05,True,True,True,True
Qwen/Qwen3-32B,quantity_decrease_005,1,quantity_decrease:template-05,True,True,True,True
Qwen/Qwen3-32B,quantity_decrease_005,2,quantity_decrease:template-05,True,True,True,True
Qwen/Qwen3-32B,quantity_decrease_006,0,quantity_decrease:template-06,True,True,True,True
Qwen/Qwen3-32B,quantity_decrease_006,1,quantity_decrease:template-06,True,True,True,True
Qwen/Qwen3-32B,quantity_decrease_006,2,quantity_decrease:template-06,True,True,True,True
Qwen/Qwen3-32B,quantity_decrease_007,0,quantity_decrease:template-07,True,True,True,True
Qwen/Qwen3-32B,quantity_decrease_007,1,quantity_decrease:template-07,True,True,True,True
Qwen/Qwen3-32B,quantity_decrease_007,2,quantity_decrease:template-07,True,True,True,True
Qwen/Qwen3-32B,quantity_decrease_008,0,quantity_decrease:template-00,True,True,True,True
Qwen/Qwen3-32B,quantity_decrease_008,1,quantity_decrease:template-00,True,True,True,True
Qwen/Qwen3-32B,quantity_decrease_008,2,quantity_decrease:template-00,True,True,True,True
Qwen/Qwen3-32B,quantity_decrease_009,0,quantity_decrease:template-01,True,True,True,True
Qwen/Qwen3-32B,quantity_decrease_009,1,quantity_decrease:template-01,True,True,True,True
Qwen/Qwen3-32B,quantity_decrease_009,2,quantity_decrease:template-01,True,True,True,True
Qwen/Qwen3-32B,quantity_decrease_010,0,quantity_decrease:template-02,True,True,True,True
Qwen/Qwen3-32B,quantity_decrease_010,1,quantity_decrease:template-02,True,True,True,True
Qwen/Qwen3-32B,quantity_decrease_010,2,quantity_decrease:template-02,True,True,True,True
Qwen/Qwen3-32B,quantity_decrease_011,0,quantity_decrease:template-03,True,True,True,True
Qwen/Qwen3-32B,quantity_decrease_011,1,quantity_decrease:template-03,True,True,True,True
Qwen/Qwen3-32B,quantity_decrease_011,2,quantity_decrease:template-03,True,True,True,True
Qwen/Qwen3-32B,quantity_decrease_012,0,quantity_decrease:template-04,True,True,True,True
Qwen/Qwen3-32B,quantity_decrease_012,1,quantity_decrease:template-04,True,True,True,True
Qwen/Qwen3-32B,quantity_decrease_012,2,quantity_decrease:template-04,True,True,True,True
Qwen/Qwen3-32B,quantity_decrease_013,0,quantity_decrease:template-05,True,True,True,True
Qwen/Qwen3-32B,quantity_decrease_013,1,quantity_decrease:template-05,True,True,True,True
Qwen/Qwen3-32B,quantity_decrease_013,2,quantity_decrease:template-05,True,True,True,True
Qwen/Qwen3-32B,quantity_decrease_014,0,quantity_decrease:template-06,True,True,True,True
Qwen/Qwen3-32B,quantity_decrease_014,1,quantity_decrease:template-06,True,True,True,True
Qwen/Qwen3-32B,quantity_decrease_014,2,quantity_decrease:template-06,True,True,True,True
Qwen/Qwen3-32B,quantity_decrease_015,0,quantity_decrease:template-07,True,True,True,True
Qwen/Qwen3-32B,quantity_decrease_015,1,quantity_decrease:template-07,True,True,True,True
Qwen/Qwen3-32B,quantity_decrease_015,2,quantity_decrease:template-07,True,True,True,True
Qwen/Qwen3-32B,quantity_decrease_016,0,quantity_decrease:template-00,True,True,True,True
Qwen/Qwen3-32B,quantity_decrease_016,1,quantity_decrease:template-00,True,True,True,True
Qwen/Qwen3-32B,quantity_decrease_016,2,quantity_decrease:template-00,True,True,True,True
Qwen/Qwen3-32B,quantity_decrease_017,0,quantity_decrease:template-01,True,True,True,True
Qwen/Qwen3-32B,quantity_decrease_017,1,quantity_decrease:template-01,True,True,True,True
Qwen/Qwen3-32B,quantity_decrease_017,2,quantity_decrease:template-01,True,True,True,True
Qwen/Qwen3-32B,quantity_decrease_018,0,quantity_decrease:template-02,True,True,True,True
Qwen/Qwen3-32B,quantity_decrease_018,1,quantity_decrease:template-02,True,True,True,True
Qwen/Qwen3-32B,quantity_decrease_018,2,quantity_decrease:template-02,True,True,True,True
Qwen/Qwen3-32B,quantity_decrease_019,0,quantity_decrease:template-03,True,True,True,True
Qwen/Qwen3-32B,quantity_decrease_019,1,quantity_decrease:template-03,True,True,True,True
Qwen/Qwen3-32B,quantity_decrease_019,2,quantity_decrease:template-03,True,True,True,True
Qwen/Qwen3-32B,quantity_decrease_020,0,quantity_decrease:template-04,True,True,True,True
Qwen/Qwen3-32B,quantity_decrease_020,1,quantity_decrease:template-04,True,True,True,True
Qwen/Qwen3-32B,quantity_decrease_020,2,quantity_decrease:template-04,True,True,True,True
Qwen/Qwen3-32B,quantity_decrease_021,0,quantity_decrease:template-05,True,True,True,True
Qwen/Qwen3-32B,quantity_decrease_021,1,quantity_decrease:template-05,True,True,True,True
Qwen/Qwen3-32B,quantity_decrease_021,2,quantity_decrease:template-05,True,True,True,True
Qwen/Qwen3-32B,quantity_decrease_022,0,quantity_decrease:template-06,True,True,True,True
Qwen/Qwen3-32B,quantity_decrease_022,1,quantity_decrease:template-06,True,True,True,True
Qwen/Qwen3-32B,quantity_decrease_022,2,quantity_decrease:template-06,True,True,True,True
Qwen/Qwen3-32B,quantity_decrease_023,0,quantity_decrease:template-07,True,True,True,True
Qwen/Qwen3-32B,quantity_decrease_023,1,quantity_decrease:template-07,True,True,True,True
Qwen/Qwen3-32B,quantity_decrease_023,2,quantity_decrease:template-07,True,True,True,True
Qwen/Qwen3-32B,quantity_decrease_024,0,quantity_decrease:template-00,True,True,True,True
Qwen/Qwen3-32B,quantity_decrease_024,1,quantity_decrease:template-00,True,True,True,True
Qwen/Qwen3-32B,quantity_decrease_024,2,quantity_decrease:template-00,True,True,True,True
Qwen/Qwen3-32B,quantity_decrease_025,0,quantity_decrease:template-01,True,True,True,True
Qwen/Qwen3-32B,quantity_decrease_025,1,quantity_decrease:template-01,True,True,True,True
Qwen/Qwen3-32B,quantity_decrease_025,2,quantity_decrease:template-01,True,True,True,True
Qwen/Qwen3-32B,quantity_decrease_026,0,quantity_decrease:template-02,True,True,True,True
Qwen/Qwen3-32B,quantity_decrease_026,1,quantity_decrease:template-02,True,True,True,True
Qwen/Qwen3-32B,quantity_decrease_026,2,quantity_decrease:template-02,True,True,True,True
Qwen/Qwen3-32B,quantity_decrease_027,0,quantity_decrease:template-03,True,True,True,True
Qwen/Qwen3-32B,quantity_decrease_027,1,quantity_decrease:template-03,True,True,True,True
Qwen/Qwen3-32B,quantity_decrease_027,2,quantity_decrease:template-03,True,True,True,True
Qwen/Qwen3-32B,quantity_decrease_028,0,quantity_decrease:template-04,True,True,True,True
Qwen/Qwen3-32B,quantity_decrease_028,1,quantity_decrease:template-04,True,True,True,True
Qwen/Qwen3-32B,quantity_decrease_028,2,quantity_decrease:template-04,True,True,True,True
Qwen/Qwen3-32B,quantity_decrease_029,0,quantity_decrease:template-05,True,True,True,True
Qwen/Qwen3-32B,quantity_decrease_029,1,quantity_decrease:template-05,True,True,True,True
Qwen/Qwen3-32B,quantity_decrease_029,2,quantity_decrease:template-05,True,True,True,True
Qwen/Qwen3-32B,quantity_increase_000,0,quantity_increase:template-00,True,True,True,True
Qwen/Qwen3-32B,quantity_increase_000,1,quantity_increase:template-00,True,True,True,True
Qwen/Qwen3-32B,quantity_increase_000,2,quantity_increase:template-00,True,True,True,True
Qwen/Qwen3-32B,quantity_increase_001,0,quantity_increase:template-01,True,True,True,True
Qwen/Qwen3-32B,quantity_increase_001,1,quantity_increase:template-01,True,True,True,True
Qwen/Qwen3-32B,quantity_increase_001,2,quantity_increase:template-01,True,True,True,True
Qwen/Qwen3-32B,quantity_increase_002,0,quantity_increase:template-02,True,True,True,True
Qwen/Qwen3-32B,quantity_increase_002,1,quantity_increase:template-02,True,True,True,True
Qwen/Qwen3-32B,quantity_increase_002,2,quantity_increase:template-02,True,True,True,True
Qwen/Qwen3-32B,quantity_increase_003,0,quantity_increase:template-03,True,True,True,True
Qwen/Qwen3-32B,quantity_increase_003,1,quantity_increase:template-03,True,True,True,True
Qwen/Qwen3-32B,quantity_increase_003,2,quantity_increase:template-03,True,True,True,True
Qwen/Qwen3-32B,quantity_increase_004,0,quantity_increase:template-04,True,True,True,True
Qwen/Qwen3-32B,quantity_increase_004,1,quantity_increase:template-04,True,True,True,True
Qwen/Qwen3-32B,quantity_increase_004,2,quantity_increase:template-04,True,True,True,True
Qwen/Qwen3-32B,quantity_increase_005,0,quantity_increase:template-05,True,True,True,True
Qwen/Qwen3-32B,quantity_increase_005,1,quantity_increase:template-05,True,True,True,True
Qwen/Qwen3-32B,quantity_increase_005,2,quantity_increase:template-05,True,True,True,True
Qwen/Qwen3-32B,quantity_increase_006,0,quantity_increase:template-06,True,True,True,True
Qwen/Qwen3-32B,quantity_increase_006,1,quantity_increase:template-06,True,True,True,True
Qwen/Qwen3-32B,quantity_increase_006,2,quantity_increase:template-06,True,True,True,True
Qwen/Qwen3-32B,quantity_increase_007,0,quantity_increase:template-07,True,True,True,True
Qwen/Qwen3-32B,quantity_increase_007,1,quantity_increase:template-07,True,True,True,True
Qwen/Qwen3-32B,quantity_increase_007,2,quantity_increase:template-07,True,True,True,True
Qwen/Qwen3-32B,quantity_increase_008,0,quantity_increase:template-00,True,True,True,True
Qwen/Qwen3-32B,quantity_increase_008,1,quantity_increase:template-00,True,True,True,True
Qwen/Qwen3-32B,quantity_increase_008,2,quantity_increase:template-00,True,True,True,True
Qwen/Qwen3-32B,quantity_increase_009,0,quantity_increase:template-01,True,True,True,True
Qwen/Qwen3-32B,quantity_increase_009,1,quantity_increase:template-01,True,True,True,True
Qwen/Qwen3-32B,quantity_increase_009,2,quantity_increase:template-01,True,True,True,True
Qwen/Qwen3-32B,quantity_increase_010,0,quantity_increase:template-02,True,True,True,True
Qwen/Qwen3-32B,quantity_increase_010,1,quantity_increase:template-02,True,True,True,True
Qwen/Qwen3-32B,quantity_increase_010,2,quantity_increase:template-02,True,True,True,True
Qwen/Qwen3-32B,quantity_increase_011,0,quantity_increase:template-03,True,True,True,True
Qwen/Qwen3-32B,quantity_increase_011,1,quantity_increase:template-03,True,True,True,True
Qwen/Qwen3-32B,quantity_increase_011,2,quantity_increase:template-03,True,True,True,True
Qwen/Qwen3-32B,quantity_increase_012,0,quantity_increase:template-04,True,True,True,True
Qwen/Qwen3-32B,quantity_increase_012,1,quantity_increase:template-04,True,True,True,True
Qwen/Qwen3-32B,quantity_increase_012,2,quantity_increase:template-04,True,True,True,True
Qwen/Qwen3-32B,quantity_increase_013,0,quantity_increase:template-05,True,True,True,True
Qwen/Qwen3-32B,quantity_increase_013,1,quantity_increase:template-05,True,True,True,True
Qwen/Qwen3-32B,quantity_increase_013,2,quantity_increase:template-05,True,True,True,True
Qwen/Qwen3-32B,quantity_increase_014,0,quantity_increase:template-06,True,True,True,True
Qwen/Qwen3-32B,quantity_increase_014,1,quantity_increase:template-06,True,True,True,True
Qwen/Qwen3-32B,quantity_increase_014,2,quantity_increase:template-06,True,True,True,True
Qwen/Qwen3-32B,quantity_increase_015,0,quantity_increase:template-07,True,True,True,True
Qwen/Qwen3-32B,quantity_increase_015,1,quantity_increase:template-07,True,True,True,True
Qwen/Qwen3-32B,quantity_increase_015,2,quantity_increase:template-07,True,True,True,True
Qwen/Qwen3-32B,quantity_increase_016,0,quantity_increase:template-00,True,True,True,True
Qwen/Qwen3-32B,quantity_increase_016,1,quantity_increase:template-00,True,True,True,True
Qwen/Qwen3-32B,quantity_increase_016,2,quantity_increase:template-00,True,True,True,True
Qwen/Qwen3-32B,quantity_increase_017,0,quantity_increase:template-01,True,True,True,True
Qwen/Qwen3-32B,quantity_increase_017,1,quantity_increase:template-01,True,True,True,True
Qwen/Qwen3-32B,quantity_increase_017,2,quantity_increase:template-01,True,True,True,True
Qwen/Qwen3-32B,quantity_increase_018,0,quantity_increase:template-02,True,True,True,True
Qwen/Qwen3-32B,quantity_increase_018,1,quantity_increase:template-02,True,True,True,True
Qwen/Qwen3-32B,quantity_increase_018,2,quantity_increase:template-02,True,True,True,True
Qwen/Qwen3-32B,quantity_increase_019,0,quantity_increase:template-03,True,True,True,True
Qwen/Qwen3-32B,quantity_increase_019,1,quantity_increase:template-03,True,True,True,True
Qwen/Qwen3-32B,quantity_increase_019,2,quantity_increase:template-03,True,True,True,True
Qwen/Qwen3-32B,quantity_increase_020,0,quantity_increase:template-04,True,True,True,True
Qwen/Qwen3-32B,quantity_increase_020,1,quantity_increase:template-04,True,True,True,True
Qwen/Qwen3-32B,quantity_increase_020,2,quantity_increase:template-04,True,True,True,True
Qwen/Qwen3-32B,quantity_increase_021,0,quantity_increase:template-05,True,True,True,True
Qwen/Qwen3-32B,quantity_increase_021,1,quantity_increase:template-05,True,True,True,True
Qwen/Qwen3-32B,quantity_increase_021,2,quantity_increase:template-05,True,True,True,True
Qwen/Qwen3-32B,quantity_increase_022,0,quantity_increase:template-06,True,True,True,True
Qwen/Qwen3-32B,quantity_increase_022,1,quantity_increase:template-06,True,True,True,True
Qwen/Qwen3-32B,quantity_increase_022,2,quantity_increase:template-06,True,True,True,True
Qwen/Qwen3-32B,quantity_increase_023,0,quantity_increase:template-07,True,True,True,True
Qwen/Qwen3-32B,quantity_increase_023,1,quantity_increase:template-07,True,True,True,True
Qwen/Qwen3-32B,quantity_increase_023,2,quantity_increase:template-07,True,True,True,True
Qwen/Qwen3-32B,quantity_increase_024,0,quantity_increase:template-00,True,True,True,True
Qwen/Qwen3-32B,quantity_increase_024,1,quantity_increase:template-00,True,True,True,True
Qwen/Qwen3-32B,quantity_increase_024,2,quantity_increase:template-00,True,True,True,True
Qwen/Qwen3-32B,quantity_increase_025,0,quantity_increase:template-01,True,True,True,True
Qwen/Qwen3-32B,quantity_increase_025,1,quantity_increase:template-01,True,True,True,True
Qwen/Qwen3-32B,quantity_increase_025,2,quantity_increase:template-01,True,True,True,True
Qwen/Qwen3-32B,quantity_increase_026,0,quantity_increase:template-02,True,True,True,True
Qwen/Qwen3-32B,quantity_increase_026,1,quantity_increase:template-02,True,True,True,True
Qwen/Qwen3-32B,quantity_increase_026,2,quantity_increase:template-02,True,True,True,True
Qwen/Qwen3-32B,quantity_increase_027,0,quantity_increase:template-03,True,True,True,True
Qwen/Qwen3-32B,quantity_increase_027,1,quantity_increase:template-03,True,True,True,True
Qwen/Qwen3-32B,quantity_increase_027,2,quantity_increase:template-03,True,True,True,True
Qwen/Qwen3-32B,quantity_increase_028,0,quantity_increase:template-04,True,True,True,True
Qwen/Qwen3-32B,quantity_increase_028,1,quantity_increase:template-04,True,True,True,True
Qwen/Qwen3-32B,quantity_increase_028,2,quantity_increase:template-04,True,True,True,True
Qwen/Qwen3-32B,quantity_increase_029,0,quantity_increase:template-05,True,True,True,True
Qwen/Qwen3-32B,quantity_increase_029,1,quantity_increase:template-05,True,True,True,True
Qwen/Qwen3-32B,quantity_increase_029,2,quantity_increase:template-05,True,True,True,True
Qwen/Qwen3-32B,remove_scoped_duplicate_000,0,remove_scoped_duplicate:template-00,True,True,True,True
Qwen/Qwen3-32B,remove_scoped_duplicate_000,1,remove_scoped_duplicate:template-00,True,True,True,True
Qwen/Qwen3-32B,remove_scoped_duplicate_000,2,remove_scoped_duplicate:template-00,True,True,True,True
Qwen/Qwen3-32B,remove_scoped_duplicate_001,0,remove_scoped_duplicate:template-01,True,True,True,True
Qwen/Qwen3-32B,remove_scoped_duplicate_001,1,remove_scoped_duplicate:template-01,True,True,True,True
Qwen/Qwen3-32B,remove_scoped_duplicate_001,2,remove_scoped_duplicate:template-01,True,True,True,True
Qwen/Qwen3-32B,remove_scoped_duplicate_002,0,remove_scoped_duplicate:template-02,True,True,True,True
Qwen/Qwen3-32B,remove_scoped_duplicate_002,1,remove_scoped_duplicate:template-02,True,True,True,True
Qwen/Qwen3-32B,remove_scoped_duplicate_002,2,remove_scoped_duplicate:template-02,True,True,True,True
Qwen/Qwen3-32B,remove_scoped_duplicate_003,0,remove_scoped_duplicate:template-03,True,True,True,True
Qwen/Qwen3-32B,remove_scoped_duplicate_003,1,remove_scoped_duplicate:template-03,True,True,True,True
Qwen/Qwen3-32B,remove_scoped_duplicate_003,2,remove_scoped_duplicate:template-03,True,True,True,True
Qwen/Qwen3-32B,remove_scoped_duplicate_004,0,remove_scoped_duplicate:template-04,True,True,True,True
Qwen/Qwen3-32B,remove_scoped_duplicate_004,1,remove_scoped_duplicate:template-04,True,True,True,True
Qwen/Qwen3-32B,remove_scoped_duplicate_004,2,remove_scoped_duplicate:template-04,True,True,True,True
Qwen/Qwen3-32B,remove_scoped_duplicate_005,0,remove_scoped_duplicate:template-05,True,True,True,True
Qwen/Qwen3-32B,remove_scoped_duplicate_005,1,remove_scoped_duplicate:template-05,True,True,True,True
Qwen/Qwen3-32B,remove_scoped_duplicate_005,2,remove_scoped_duplicate:template-05,True,True,True,True
Qwen/Qwen3-32B,remove_scoped_duplicate_006,0,remove_scoped_duplicate:template-06,True,True,True,True
Qwen/Qwen3-32B,remove_scoped_duplicate_006,1,remove_scoped_duplicate:template-06,True,True,True,True
Qwen/Qwen3-32B,remove_scoped_duplicate_006,2,remove_scoped_duplicate:template-06,True,True,True,True
Qwen/Qwen3-32B,remove_scoped_duplicate_007,0,remove_scoped_duplicate:template-07,True,True,True,True
Qwen/Qwen3-32B,remove_scoped_duplicate_007,1,remove_scoped_duplicate:template-07,True,True,True,True
Qwen/Qwen3-32B,remove_scoped_duplicate_007,2,remove_scoped_duplicate:template-07,True,True,True,True
Qwen/Qwen3-32B,remove_scoped_duplicate_008,0,remove_scoped_duplicate:template-00,True,True,True,True
Qwen/Qwen3-32B,remove_scoped_duplicate_008,1,remove_scoped_duplicate:template-00,True,True,True,True
Qwen/Qwen3-32B,remove_scoped_duplicate_008,2,remove_scoped_duplicate:template-00,True,True,True,True
Qwen/Qwen3-32B,remove_scoped_duplicate_009,0,remove_scoped_duplicate:template-01,True,True,True,True
Qwen/Qwen3-32B,remove_scoped_duplicate_009,1,remove_scoped_duplicate:template-01,True,True,True,True
Qwen/Qwen3-32B,remove_scoped_duplicate_009,2,remove_scoped_duplicate:template-01,True,True,True,True
Qwen/Qwen3-32B,remove_scoped_duplicate_010,0,remove_scoped_duplicate:template-02,True,True,True,True
Qwen/Qwen3-32B,remove_scoped_duplicate_010,1,remove_scoped_duplicate:template-02,True,True,True,True
Qwen/Qwen3-32B,remove_scoped_duplicate_010,2,remove_scoped_duplicate:template-02,True,True,True,True
Qwen/Qwen3-32B,remove_scoped_duplicate_011,0,remove_scoped_duplicate:template-03,True,True,True,True
Qwen/Qwen3-32B,remove_scoped_duplicate_011,1,remove_scoped_duplicate:template-03,True,True,True,True
Qwen/Qwen3-32B,remove_scoped_duplicate_011,2,remove_scoped_duplicate:template-03,True,True,True,True
Qwen/Qwen3-32B,remove_scoped_duplicate_012,0,remove_scoped_duplicate:template-04,True,True,True,True
Qwen/Qwen3-32B,remove_scoped_duplicate_012,1,remove_scoped_duplicate:template-04,True,True,True,True
Qwen/Qwen3-32B,remove_scoped_duplicate_012,2,remove_scoped_duplicate:template-04,True,True,True,True
Qwen/Qwen3-32B,remove_scoped_duplicate_013,0,remove_scoped_duplicate:template-05,True,True,True,True
Qwen/Qwen3-32B,remove_scoped_duplicate_013,1,remove_scoped_duplicate:template-05,True,True,True,True
Qwen/Qwen3-32B,remove_scoped_duplicate_013,2,remove_scoped_duplicate:template-05,True,True,True,True
Qwen/Qwen3-32B,remove_scoped_duplicate_014,0,remove_scoped_duplicate:template-06,True,True,True,True
Qwen/Qwen3-32B,remove_scoped_duplicate_014,1,remove_scoped_duplicate:template-06,True,True,True,True
Qwen/Qwen3-32B,remove_scoped_duplicate_014,2,remove_scoped_duplicate:template-06,True,True,True,True
Qwen/Qwen3-32B,remove_scoped_duplicate_015,0,remove_scoped_duplicate:template-07,True,True,True,True
Qwen/Qwen3-32B,remove_scoped_duplicate_015,1,remove_scoped_duplicate:template-07,True,True,True,True
Qwen/Qwen3-32B,remove_scoped_duplicate_015,2,remove_scoped_duplicate:template-07,True,True,True,True
Qwen/Qwen3-32B,remove_scoped_duplicate_016,0,remove_scoped_duplicate:template-00,True,True,True,True
Qwen/Qwen3-32B,remove_scoped_duplicate_016,1,remove_scoped_duplicate:template-00,True,True,True,True
Qwen/Qwen3-32B,remove_scoped_duplicate_016,2,remove_scoped_duplicate:template-00,True,True,True,True
Qwen/Qwen3-32B,remove_scoped_duplicate_017,0,remove_scoped_duplicate:template-01,True,True,True,True
Qwen/Qwen3-32B,remove_scoped_duplicate_017,1,remove_scoped_duplicate:template-01,True,True,True,True
Qwen/Qwen3-32B,remove_scoped_duplicate_017,2,remove_scoped_duplicate:template-01,True,True,True,True
Qwen/Qwen3-32B,remove_scoped_duplicate_018,0,remove_scoped_duplicate:template-02,True,True,True,True
Qwen/Qwen3-32B,remove_scoped_duplicate_018,1,remove_scoped_duplicate:template-02,True,True,True,True
Qwen/Qwen3-32B,remove_scoped_duplicate_018,2,remove_scoped_duplicate:template-02,True,True,True,True
Qwen/Qwen3-32B,remove_scoped_duplicate_019,0,remove_scoped_duplicate:template-03,True,True,True,True
Qwen/Qwen3-32B,remove_scoped_duplicate_019,1,remove_scoped_duplicate:template-03,True,True,True,True
Qwen/Qwen3-32B,remove_scoped_duplicate_019,2,remove_scoped_duplicate:template-03,True,True,True,True
Qwen/Qwen3-32B,remove_scoped_duplicate_020,0,remove_scoped_duplicate:template-04,True,True,True,True
Qwen/Qwen3-32B,remove_scoped_duplicate_020,1,remove_scoped_duplicate:template-04,True,True,True,True
Qwen/Qwen3-32B,remove_scoped_duplicate_020,2,remove_scoped_duplicate:template-04,True,True,True,True
Qwen/Qwen3-32B,remove_scoped_duplicate_021,0,remove_scoped_duplicate:template-05,True,True,True,True
Qwen/Qwen3-32B,remove_scoped_duplicate_021,1,remove_scoped_duplicate:template-05,True,True,True,True
Qwen/Qwen3-32B,remove_scoped_duplicate_021,2,remove_scoped_duplicate:template-05,True,True,True,True
Qwen/Qwen3-32B,remove_scoped_duplicate_022,0,remove_scoped_duplicate:template-06,True,True,True,True
Qwen/Qwen3-32B,remove_scoped_duplicate_022,1,remove_scoped_duplicate:template-06,True,True,True,True
Qwen/Qwen3-32B,remove_scoped_duplicate_022,2,remove_scoped_duplicate:template-06,True,True,True,True
Qwen/Qwen3-32B,remove_scoped_duplicate_023,0,remove_scoped_duplicate:template-07,True,True,True,True
Qwen/Qwen3-32B,remove_scoped_duplicate_023,1,remove_scoped_duplicate:template-07,True,True,True,True
Qwen/Qwen3-32B,remove_scoped_duplicate_023,2,remove_scoped_duplicate:template-07,True,True,True,True
Qwen/Qwen3-32B,remove_scoped_duplicate_024,0,remove_scoped_duplicate:template-00,True,True,True,True
Qwen/Qwen3-32B,remove_scoped_duplicate_024,1,remove_scoped_duplicate:template-00,True,True,True,True
Qwen/Qwen3-32B,remove_scoped_duplicate_024,2,remove_scoped_duplicate:template-00,True,True,True,True
Qwen/Qwen3-32B,remove_scoped_duplicate_025,0,remove_scoped_duplicate:template-01,True,True,True,True
Qwen/Qwen3-32B,remove_scoped_duplicate_025,1,remove_scoped_duplicate:template-01,True,True,True,True
Qwen/Qwen3-32B,remove_scoped_duplicate_025,2,remove_scoped_duplicate:template-01,True,True,True,True
Qwen/Qwen3-32B,remove_scoped_duplicate_026,0,remove_scoped_duplicate:template-02,True,True,True,True
Qwen/Qwen3-32B,remove_scoped_duplicate_026,1,remove_scoped_duplicate:template-02,True,True,True,True
Qwen/Qwen3-32B,remove_scoped_duplicate_026,2,remove_scoped_duplicate:template-02,True,True,True,True
Qwen/Qwen3-32B,remove_scoped_duplicate_027,0,remove_scoped_duplicate:template-03,True,True,True,True
Qwen/Qwen3-32B,remove_scoped_duplicate_027,1,remove_scoped_duplicate:template-03,True,True,True,True
Qwen/Qwen3-32B,remove_scoped_duplicate_027,2,remove_scoped_duplicate:template-03,True,True,True,True
Qwen/Qwen3-32B,remove_scoped_duplicate_028,0,remove_scoped_duplicate:template-04,True,True,True,True
Qwen/Qwen3-32B,remove_scoped_duplicate_028,1,remove_scoped_duplicate:template-04,True,True,True,True
Qwen/Qwen3-32B,remove_scoped_duplicate_028,2,remove_scoped_duplicate:template-04,True,True,True,True
Qwen/Qwen3-32B,remove_scoped_duplicate_029,0,remove_scoped_duplicate:template-05,True,True,True,True
Qwen/Qwen3-32B,remove_scoped_duplicate_029,1,remove_scoped_duplicate:template-05,True,True,True,True
Qwen/Qwen3-32B,remove_scoped_duplicate_029,2,remove_scoped_duplicate:template-05,True,True,True,True
Qwen/Qwen3-32B,replace_item_000,0,replace_item:template-00,True,True,True,True
Qwen/Qwen3-32B,replace_item_000,1,replace_item:template-00,True,True,True,True
Qwen/Qwen3-32B,replace_item_000,2,replace_item:template-00,True,True,True,True
Qwen/Qwen3-32B,replace_item_001,0,replace_item:template-01,True,True,True,True
Qwen/Qwen3-32B,replace_item_001,1,replace_item:template-01,True,True,True,True
Qwen/Qwen3-32B,replace_item_001,2,replace_item:template-01,True,True,True,True
Qwen/Qwen3-32B,replace_item_002,0,replace_item:template-02,True,True,True,True
Qwen/Qwen3-32B,replace_item_002,1,replace_item:template-02,True,True,True,True
Qwen/Qwen3-32B,replace_item_002,2,replace_item:template-02,True,True,True,True
Qwen/Qwen3-32B,replace_item_003,0,replace_item:template-03,True,True,True,True
Qwen/Qwen3-32B,replace_item_003,1,replace_item:template-03,True,True,True,True
Qwen/Qwen3-32B,replace_item_003,2,replace_item:template-03,True,True,True,True
Qwen/Qwen3-32B,replace_item_004,0,replace_item:template-04,True,True,True,True
Qwen/Qwen3-32B,replace_item_004,1,replace_item:template-04,True,True,True,True
Qwen/Qwen3-32B,replace_item_004,2,replace_item:template-04,True,True,True,True
Qwen/Qwen3-32B,replace_item_005,0,replace_item:template-05,True,True,True,True
Qwen/Qwen3-32B,replace_item_005,1,replace_item:template-05,True,True,True,True
Qwen/Qwen3-32B,replace_item_005,2,replace_item:template-05,True,True,True,True
Qwen/Qwen3-32B,replace_item_006,0,replace_item:template-06,True,True,True,True
Qwen/Qwen3-32B,replace_item_006,1,replace_item:template-06,True,True,True,True
Qwen/Qwen3-32B,replace_item_006,2,replace_item:template-06,True,True,True,True
Qwen/Qwen3-32B,replace_item_007,0,replace_item:template-07,True,True,True,True
Qwen/Qwen3-32B,replace_item_007,1,replace_item:template-07,True,True,True,True
Qwen/Qwen3-32B,replace_item_007,2,replace_item:template-07,True,True,True,True
Qwen/Qwen3-32B,replace_item_008,0,replace_item:template-00,True,True,True,True
Qwen/Qwen3-32B,replace_item_008,1,replace_item:template-00,True,True,True,True
Qwen/Qwen3-32B,replace_item_008,2,replace_item:template-00,True,True,True,True
Qwen/Qwen3-32B,replace_item_009,0,replace_item:template-01,True,True,True,True
Qwen/Qwen3-32B,replace_item_009,1,replace_item:template-01,True,True,True,True
Qwen/Qwen3-32B,replace_item_009,2,replace_item:template-01,True,True,True,True
Qwen/Qwen3-32B,replace_item_010,0,replace_item:template-02,True,True,True,True
Qwen/Qwen3-32B,replace_item_010,1,replace_item:template-02,True,True,True,True
Qwen/Qwen3-32B,replace_item_010,2,replace_item:template-02,True,True,True,True
Qwen/Qwen3-32B,replace_item_011,0,replace_item:template-03,True,True,True,True
Qwen/Qwen3-32B,replace_item_011,1,replace_item:template-03,True,True,True,True
Qwen/Qwen3-32B,replace_item_011,2,replace_item:template-03,True,True,True,True
Qwen/Qwen3-32B,replace_item_012,0,replace_item:template-04,True,True,True,True
Qwen/Qwen3-32B,replace_item_012,1,replace_item:template-04,True,True,True,True
Qwen/Qwen3-32B,replace_item_012,2,replace_item:template-04,True,True,True,True
Qwen/Qwen3-32B,replace_item_013,0,replace_item:template-05,True,True,True,True
Qwen/Qwen3-32B,replace_item_013,1,replace_item:template-05,True,True,True,True
Qwen/Qwen3-32B,replace_item_013,2,replace_item:template-05,True,True,True,True
Qwen/Qwen3-32B,replace_item_014,0,replace_item:template-06,True,True,True,True
Qwen/Qwen3-32B,replace_item_014,1,replace_item:template-06,True,True,True,True
Qwen/Qwen3-32B,replace_item_014,2,replace_item:template-06,True,True,True,True
Qwen/Qwen3-32B,replace_item_015,0,replace_item:template-07,True,True,True,True
Qwen/Qwen3-32B,replace_item_015,1,replace_item:template-07,True,True,True,True
Qwen/Qwen3-32B,replace_item_015,2,replace_item:template-07,True,True,True,True
Qwen/Qwen3-32B,replace_item_016,0,replace_item:template-00,True,True,True,True
Qwen/Qwen3-32B,replace_item_016,1,replace_item:template-00,True,True,True,True
Qwen/Qwen3-32B,replace_item_016,2,replace_item:template-00,True,True,True,True
Qwen/Qwen3-32B,replace_item_017,0,replace_item:template-01,True,True,True,True
Qwen/Qwen3-32B,replace_item_017,1,replace_item:template-01,True,True,True,True
Qwen/Qwen3-32B,replace_item_017,2,replace_item:template-01,True,True,True,True
Qwen/Qwen3-32B,replace_item_018,0,replace_item:template-02,True,True,True,True
Qwen/Qwen3-32B,replace_item_018,1,replace_item:template-02,True,True,True,True
Qwen/Qwen3-32B,replace_item_018,2,replace_item:template-02,True,True,True,True
Qwen/Qwen3-32B,replace_item_019,0,replace_item:template-03,True,True,True,True
Qwen/Qwen3-32B,replace_item_019,1,replace_item:template-03,True,True,True,True
Qwen/Qwen3-32B,replace_item_019,2,replace_item:template-03,True,True,True,True
Qwen/Qwen3-32B,replace_item_020,0,replace_item:template-04,True,True,True,True
Qwen/Qwen3-32B,replace_item_020,1,replace_item:template-04,True,True,True,True
Qwen/Qwen3-32B,replace_item_020,2,replace_item:template-04,True,True,True,True
Qwen/Qwen3-32B,replace_item_021,0,replace_item:template-05,True,True,True,True
Qwen/Qwen3-32B,replace_item_021,1,replace_item:template-05,True,True,True,True
Qwen/Qwen3-32B,replace_item_021,2,replace_item:template-05,True,True,True,True
Qwen/Qwen3-32B,replace_item_022,0,replace_item:template-06,True,True,True,True
Qwen/Qwen3-32B,replace_item_022,1,replace_item:template-06,True,True,True,True
Qwen/Qwen3-32B,replace_item_022,2,replace_item:template-06,True,True,True,True
Qwen/Qwen3-32B,replace_item_023,0,replace_item:template-07,True,True,True,True
Qwen/Qwen3-32B,replace_item_023,1,replace_item:template-07,True,True,True,True
Qwen/Qwen3-32B,replace_item_023,2,replace_item:template-07,True,True,True,True
Qwen/Qwen3-32B,replace_item_024,0,replace_item:template-00,True,True,True,True
Qwen/Qwen3-32B,replace_item_024,1,replace_item:template-00,True,True,True,True
Qwen/Qwen3-32B,replace_item_024,2,replace_item:template-00,True,True,True,True
Qwen/Qwen3-32B,replace_item_025,0,replace_item:template-01,True,True,True,True
Qwen/Qwen3-32B,replace_item_025,1,replace_item:template-01,True,True,True,True
Qwen/Qwen3-32B,replace_item_025,2,replace_item:template-01,True,True,True,True
Qwen/Qwen3-32B,replace_item_026,0,replace_item:template-02,True,True,True,True
Qwen/Qwen3-32B,replace_item_026,1,replace_item:template-02,True,True,True,True
Qwen/Qwen3-32B,replace_item_026,2,replace_item:template-02,True,True,True,True
Qwen/Qwen3-32B,replace_item_027,0,replace_item:template-03,True,True,True,True
Qwen/Qwen3-32B,replace_item_027,1,replace_item:template-03,True,True,True,True
Qwen/Qwen3-32B,replace_item_027,2,replace_item:template-03,True,True,True,True
Qwen/Qwen3-32B,replace_item_028,0,replace_item:template-04,True,True,True,True
Qwen/Qwen3-32B,replace_item_028,1,replace_item:template-04,True,True,True,True
Qwen/Qwen3-32B,replace_item_028,2,replace_item:template-04,True,True,True,True
Qwen/Qwen3-32B,replace_item_029,0,replace_item:template-05,True,True,True,True
Qwen/Qwen3-32B,replace_item_029,1,replace_item:template-05,True,True,True,True
Qwen/Qwen3-32B,replace_item_029,2,replace_item:template-05,True,True,True,True
Qwen/Qwen3-32B,size_change_scoped_000,0,size_change_scoped:template-00,True,True,True,True
Qwen/Qwen3-32B,size_change_scoped_000,1,size_change_scoped:template-00,True,True,True,True
Qwen/Qwen3-32B,size_change_scoped_000,2,size_change_scoped:template-00,True,True,True,True
Qwen/Qwen3-32B,size_change_scoped_001,0,size_change_scoped:template-01,True,True,True,True
Qwen/Qwen3-32B,size_change_scoped_001,1,size_change_scoped:template-01,True,True,True,True
Qwen/Qwen3-32B,size_change_scoped_001,2,size_change_scoped:template-01,True,True,True,True
Qwen/Qwen3-32B,size_change_scoped_002,0,size_change_scoped:template-02,True,True,True,True
Qwen/Qwen3-32B,size_change_scoped_002,1,size_change_scoped:template-02,True,True,True,True
Qwen/Qwen3-32B,size_change_scoped_002,2,size_change_scoped:template-02,True,True,True,True
Qwen/Qwen3-32B,size_change_scoped_003,0,size_change_scoped:template-03,True,True,True,True
Qwen/Qwen3-32B,size_change_scoped_003,1,size_change_scoped:template-03,True,True,True,True
Qwen/Qwen3-32B,size_change_scoped_003,2,size_change_scoped:template-03,True,True,True,True
Qwen/Qwen3-32B,size_change_scoped_004,0,size_change_scoped:template-04,True,True,True,True
Qwen/Qwen3-32B,size_change_scoped_004,1,size_change_scoped:template-04,True,True,True,True
Qwen/Qwen3-32B,size_change_scoped_004,2,size_change_scoped:template-04,True,True,True,True
Qwen/Qwen3-32B,size_change_scoped_005,0,size_change_scoped:template-05,True,True,True,True
Qwen/Qwen3-32B,size_change_scoped_005,1,size_change_scoped:template-05,True,True,True,True
Qwen/Qwen3-32B,size_change_scoped_005,2,size_change_scoped:template-05,True,True,True,True
Qwen/Qwen3-32B,size_change_scoped_006,0,size_change_scoped:template-06,True,True,True,True
Qwen/Qwen3-32B,size_change_scoped_006,1,size_change_scoped:template-06,True,True,True,True
Qwen/Qwen3-32B,size_change_scoped_006,2,size_change_scoped:template-06,True,True,True,True
Qwen/Qwen3-32B,size_change_scoped_007,0,size_change_scoped:template-07,True,True,True,True
Qwen/Qwen3-32B,size_change_scoped_007,1,size_change_scoped:template-07,True,True,True,True
Qwen/Qwen3-32B,size_change_scoped_007,2,size_change_scoped:template-07,True,True,True,True
Qwen/Qwen3-32B,size_change_scoped_008,0,size_change_scoped:template-00,True,True,True,True
Qwen/Qwen3-32B,size_change_scoped_008,1,size_change_scoped:template-00,True,True,True,True
Qwen/Qwen3-32B,size_change_scoped_008,2,size_change_scoped:template-00,True,True,True,True
Qwen/Qwen3-32B,size_change_scoped_009,0,size_change_scoped:template-01,True,True,True,True
Qwen/Qwen3-32B,size_change_scoped_009,1,size_change_scoped:template-01,True,True,True,True
Qwen/Qwen3-32B,size_change_scoped_009,2,size_change_scoped:template-01,True,True,True,True
Qwen/Qwen3-32B,size_change_scoped_010,0,size_change_scoped:template-02,True,True,True,True
Qwen/Qwen3-32B,size_change_scoped_010,1,size_change_scoped:template-02,True,True,True,True
Qwen/Qwen3-32B,size_change_scoped_010,2,size_change_scoped:template-02,True,True,True,True
Qwen/Qwen3-32B,size_change_scoped_011,0,size_change_scoped:template-03,True,True,True,True
Qwen/Qwen3-32B,size_change_scoped_011,1,size_change_scoped:template-03,True,True,True,True
Qwen/Qwen3-32B,size_change_scoped_011,2,size_change_scoped:template-03,True,True,True,True
Qwen/Qwen3-32B,size_change_scoped_012,0,size_change_scoped:template-04,True,True,True,True
Qwen/Qwen3-32B,size_change_scoped_012,1,size_change_scoped:template-04,True,True,True,True
Qwen/Qwen3-32B,size_change_scoped_012,2,size_change_scoped:template-04,True,True,True,True
Qwen/Qwen3-32B,size_change_scoped_013,0,size_change_scoped:template-05,True,True,True,True
Qwen/Qwen3-32B,size_change_scoped_013,1,size_change_scoped:template-05,True,True,True,True
Qwen/Qwen3-32B,size_change_scoped_013,2,size_change_scoped:template-05,True,True,True,True
Qwen/Qwen3-32B,size_change_scoped_014,0,size_change_scoped:template-06,True,True,True,True
Qwen/Qwen3-32B,size_change_scoped_014,1,size_change_scoped:template-06,True,True,True,True
Qwen/Qwen3-32B,size_change_scoped_014,2,size_change_scoped:template-06,True,True,True,True
Qwen/Qwen3-32B,size_change_scoped_015,0,size_change_scoped:template-07,True,True,True,True
Qwen/Qwen3-32B,size_change_scoped_015,1,size_change_scoped:template-07,True,True,True,True
Qwen/Qwen3-32B,size_change_scoped_015,2,size_change_scoped:template-07,True,True,True,True
Qwen/Qwen3-32B,size_change_scoped_016,0,size_change_scoped:template-00,True,True,True,True
Qwen/Qwen3-32B,size_change_scoped_016,1,size_change_scoped:template-00,True,True,True,True
Qwen/Qwen3-32B,size_change_scoped_016,2,size_change_scoped:template-00,True,True,True,True
Qwen/Qwen3-32B,size_change_scoped_017,0,size_change_scoped:template-01,True,True,True,True
Qwen/Qwen3-32B,size_change_scoped_017,1,size_change_scoped:template-01,True,True,True,True
Qwen/Qwen3-32B,size_change_scoped_017,2,size_change_scoped:template-01,True,True,True,True
Qwen/Qwen3-32B,size_change_scoped_018,0,size_change_scoped:template-02,True,True,True,True
Qwen/Qwen3-32B,size_change_scoped_018,1,size_change_scoped:template-02,True,True,True,True
Qwen/Qwen3-32B,size_change_scoped_018,2,size_change_scoped:template-02,True,True,True,True
Qwen/Qwen3-32B,size_change_scoped_019,0,size_change_scoped:template-03,True,True,True,True
Qwen/Qwen3-32B,size_change_scoped_019,1,size_change_scoped:template-03,True,True,True,True
Qwen/Qwen3-32B,size_change_scoped_019,2,size_change_scoped:template-03,True,True,True,True
Qwen/Qwen3-32B,size_change_scoped_020,0,size_change_scoped:template-04,True,True,True,True
Qwen/Qwen3-32B,size_change_scoped_020,1,size_change_scoped:template-04,True,True,True,True
Qwen/Qwen3-32B,size_change_scoped_020,2,size_change_scoped:template-04,True,True,True,True
Qwen/Qwen3-32B,size_change_scoped_021,0,size_change_scoped:template-05,True,True,True,True
Qwen/Qwen3-32B,size_change_scoped_021,1,size_change_scoped:template-05,True,True,True,True
Qwen/Qwen3-32B,size_change_scoped_021,2,size_change_scoped:template-05,True,True,True,True
Qwen/Qwen3-32B,size_change_scoped_022,0,size_change_scoped:template-06,True,True,True,True
Qwen/Qwen3-32B,size_change_scoped_022,1,size_change_scoped:template-06,True,True,True,True
Qwen/Qwen3-32B,size_change_scoped_022,2,size_change_scoped:template-06,True,True,True,True
Qwen/Qwen3-32B,size_change_scoped_023,0,size_change_scoped:template-07,True,True,True,True
Qwen/Qwen3-32B,size_change_scoped_023,1,size_change_scoped:template-07,True,True,True,True
Qwen/Qwen3-32B,size_change_scoped_023,2,size_change_scoped:template-07,True,True,True,True
Qwen/Qwen3-32B,size_change_scoped_024,0,size_change_scoped:template-00,True,True,True,True
Qwen/Qwen3-32B,size_change_scoped_024,1,size_change_scoped:template-00,True,True,True,True
Qwen/Qwen3-32B,size_change_scoped_024,2,size_change_scoped:template-00,True,True,True,True
Qwen/Qwen3-32B,size_change_scoped_025,0,size_change_scoped:template-01,True,True,True,True
Qwen/Qwen3-32B,size_change_scoped_025,1,size_change_scoped:template-01,True,True,True,True
Qwen/Qwen3-32B,size_change_scoped_025,2,size_change_scoped:template-01,True,True,True,True
Qwen/Qwen3-32B,size_change_scoped_026,0,size_change_scoped:template-02,True,True,True,True
Qwen/Qwen3-32B,size_change_scoped_026,1,size_change_scoped:template-02,True,True,True,True
Qwen/Qwen3-32B,size_change_scoped_026,2,size_change_scoped:template-02,True,True,True,True
Qwen/Qwen3-32B,size_change_scoped_027,0,size_change_scoped:template-03,True,True,True,True
Qwen/Qwen3-32B,size_change_scoped_027,1,size_change_scoped:template-03,True,True,True,True
Qwen/Qwen3-32B,size_change_scoped_027,2,size_change_scoped:template-03,True,True,True,True
Qwen/Qwen3-32B,size_change_scoped_028,0,size_change_scoped:template-04,True,True,True,True
Qwen/Qwen3-32B,size_change_scoped_028,1,size_change_scoped:template-04,True,True,True,True
Qwen/Qwen3-32B,size_change_scoped_028,2,size_change_scoped:template-04,True,True,True,True
Qwen/Qwen3-32B,size_change_scoped_029,0,size_change_scoped:template-05,True,True,True,True
Qwen/Qwen3-32B,size_change_scoped_029,1,size_change_scoped:template-05,True,True,True,True
Qwen/Qwen3-32B,size_change_scoped_029,2,size_change_scoped:template-05,True,True,True,True
Qwen/Qwen3-32B,stale_reference_000,0,stale_reference:template-00,True,True,True,True
Qwen/Qwen3-32B,stale_reference_000,1,stale_reference:template-00,True,True,True,True
Qwen/Qwen3-32B,stale_reference_000,2,stale_reference:template-00,True,True,True,True
Qwen/Qwen3-32B,stale_reference_001,0,stale_reference:template-01,True,True,True,True
Qwen/Qwen3-32B,stale_reference_001,1,stale_reference:template-01,True,True,True,True
Qwen/Qwen3-32B,stale_reference_001,2,stale_reference:template-01,True,True,True,True
Qwen/Qwen3-32B,stale_reference_002,0,stale_reference:template-02,True,True,True,True
Qwen/Qwen3-32B,stale_reference_002,1,stale_reference:template-02,True,True,True,True
Qwen/Qwen3-32B,stale_reference_002,2,stale_reference:template-02,True,True,True,True
Qwen/Qwen3-32B,stale_reference_003,0,stale_reference:template-03,True,True,True,True
Qwen/Qwen3-32B,stale_reference_003,1,stale_reference:template-03,True,True,True,True
Qwen/Qwen3-32B,stale_reference_003,2,stale_reference:template-03,True,True,True,True
Qwen/Qwen3-32B,stale_reference_004,0,stale_reference:template-04,True,True,True,True
Qwen/Qwen3-32B,stale_reference_004,1,stale_reference:template-04,True,True,True,True
Qwen/Qwen3-32B,stale_reference_004,2,stale_reference:template-04,True,True,True,True
Qwen/Qwen3-32B,stale_reference_005,0,stale_reference:template-05,True,True,True,True
Qwen/Qwen3-32B,stale_reference_005,1,stale_reference:template-05,True,True,True,True
Qwen/Qwen3-32B,stale_reference_005,2,stale_reference:template-05,True,True,True,True
Qwen/Qwen3-32B,stale_reference_006,0,stale_reference:template-06,True,True,True,True
Qwen/Qwen3-32B,stale_reference_006,1,stale_reference:template-06,True,True,True,True
Qwen/Qwen3-32B,stale_reference_006,2,stale_reference:template-06,True,True,True,True
Qwen/Qwen3-32B,stale_reference_007,0,stale_reference:template-07,True,True,True,True
Qwen/Qwen3-32B,stale_reference_007,1,stale_reference:template-07,True,True,True,True
Qwen/Qwen3-32B,stale_reference_007,2,stale_reference:template-07,True,True,True,True
Qwen/Qwen3-32B,stale_reference_008,0,stale_reference:template-00,True,True,True,True
Qwen/Qwen3-32B,stale_reference_008,1,stale_reference:template-00,True,True,True,True
Qwen/Qwen3-32B,stale_reference_008,2,stale_reference:template-00,True,True,True,True
Qwen/Qwen3-32B,stale_reference_009,0,stale_reference:template-01,True,True,True,True
Qwen/Qwen3-32B,stale_reference_009,1,stale_reference:template-01,True,True,True,True
Qwen/Qwen3-32B,stale_reference_009,2,stale_reference:template-01,True,True,True,True
Qwen/Qwen3-32B,stale_reference_010,0,stale_reference:template-02,True,True,True,True
Qwen/Qwen3-32B,stale_reference_010,1,stale_reference:template-02,True,True,True,True
Qwen/Qwen3-32B,stale_reference_010,2,stale_reference:template-02,True,True,True,True
Qwen/Qwen3-32B,stale_reference_011,0,stale_reference:template-03,True,True,True,True
Qwen/Qwen3-32B,stale_reference_011,1,stale_reference:template-03,True,True,True,True
Qwen/Qwen3-32B,stale_reference_011,2,stale_reference:template-03,True,True,True,True
Qwen/Qwen3-32B,stale_reference_012,0,stale_reference:template-04,True,True,True,True
Qwen/Qwen3-32B,stale_reference_012,1,stale_reference:template-04,True,True,True,True
Qwen/Qwen3-32B,stale_reference_012,2,stale_reference:template-04,True,True,True,True
Qwen/Qwen3-32B,stale_reference_013,0,stale_reference:template-05,True,True,True,True
Qwen/Qwen3-32B,stale_reference_013,1,stale_reference:template-05,True,True,True,True
Qwen/Qwen3-32B,stale_reference_013,2,stale_reference:template-05,True,True,True,True
Qwen/Qwen3-32B,stale_reference_014,0,stale_reference:template-06,True,True,True,True
Qwen/Qwen3-32B,stale_reference_014,1,stale_reference:template-06,True,True,True,True
Qwen/Qwen3-32B,stale_reference_014,2,stale_reference:template-06,True,True,True,True
Qwen/Qwen3-32B,stale_reference_015,0,stale_reference:template-07,True,True,True,True
Qwen/Qwen3-32B,stale_reference_015,1,stale_reference:template-07,True,True,True,True
Qwen/Qwen3-32B,stale_reference_015,2,stale_reference:template-07,True,True,True,True
Qwen/Qwen3-32B,stale_reference_016,0,stale_reference:template-00,True,True,True,True
Qwen/Qwen3-32B,stale_reference_016,1,stale_reference:template-00,True,True,True,True
Qwen/Qwen3-32B,stale_reference_016,2,stale_reference:template-00,True,True,True,True
Qwen/Qwen3-32B,stale_reference_017,0,stale_reference:template-01,True,True,True,True
Qwen/Qwen3-32B,stale_reference_017,1,stale_reference:template-01,True,True,True,True
Qwen/Qwen3-32B,stale_reference_017,2,stale_reference:template-01,True,True,True,True
Qwen/Qwen3-32B,stale_reference_018,0,stale_reference:template-02,True,True,True,True
Qwen/Qwen3-32B,stale_reference_018,1,stale_reference:template-02,True,True,True,True
Qwen/Qwen3-32B,stale_reference_018,2,stale_reference:template-02,True,True,True,True
Qwen/Qwen3-32B,stale_reference_019,0,stale_reference:template-03,True,True,True,True
Qwen/Qwen3-32B,stale_reference_019,1,stale_reference:template-03,True,True,True,True
Qwen/Qwen3-32B,stale_reference_019,2,stale_reference:template-03,True,True,True,True
Qwen/Qwen3-32B,stale_reference_020,0,stale_reference:template-04,True,True,True,True
Qwen/Qwen3-32B,stale_reference_020,1,stale_reference:template-04,True,True,True,True
Qwen/Qwen3-32B,stale_reference_020,2,stale_reference:template-04,True,True,True,True
Qwen/Qwen3-32B,stale_reference_021,0,stale_reference:template-05,True,True,True,True
Qwen/Qwen3-32B,stale_reference_021,1,stale_reference:template-05,True,True,True,True
Qwen/Qwen3-32B,stale_reference_021,2,stale_reference:template-05,True,True,True,True
Qwen/Qwen3-32B,stale_reference_022,0,stale_reference:template-06,True,True,True,True
Qwen/Qwen3-32B,stale_reference_022,1,stale_reference:template-06,True,True,True,True
Qwen/Qwen3-32B,stale_reference_022,2,stale_reference:template-06,True,True,True,True
Qwen/Qwen3-32B,stale_reference_023,0,stale_reference:template-07,True,True,True,True
Qwen/Qwen3-32B,stale_reference_023,1,stale_reference:template-07,True,True,True,True
Qwen/Qwen3-32B,stale_reference_023,2,stale_reference:template-07,True,True,True,True
Qwen/Qwen3-32B,stale_reference_024,0,stale_reference:template-00,True,True,True,True
Qwen/Qwen3-32B,stale_reference_024,1,stale_reference:template-00,True,True,True,True
Qwen/Qwen3-32B,stale_reference_024,2,stale_reference:template-00,True,True,True,True
Qwen/Qwen3-32B,stale_reference_025,0,stale_reference:template-01,True,True,True,True
Qwen/Qwen3-32B,stale_reference_025,1,stale_reference:template-01,True,True,True,True
Qwen/Qwen3-32B,stale_reference_025,2,stale_reference:template-01,True,True,True,True
Qwen/Qwen3-32B,stale_reference_026,0,stale_reference:template-02,True,True,True,True
Qwen/Qwen3-32B,stale_reference_026,1,stale_reference:template-02,True,True,True,True
Qwen/Qwen3-32B,stale_reference_026,2,stale_reference:template-02,True,True,True,True
Qwen/Qwen3-32B,stale_reference_027,0,stale_reference:template-03,True,True,True,True
Qwen/Qwen3-32B,stale_reference_027,1,stale_reference:template-03,True,True,True,True
Qwen/Qwen3-32B,stale_reference_027,2,stale_reference:template-03,True,True,True,True
Qwen/Qwen3-32B,stale_reference_028,0,stale_reference:template-04,True,True,True,True
Qwen/Qwen3-32B,stale_reference_028,1,stale_reference:template-04,True,True,True,True
Qwen/Qwen3-32B,stale_reference_028,2,stale_reference:template-04,True,True,True,True
Qwen/Qwen3-32B,stale_reference_029,0,stale_reference:template-05,True,True,True,True
Qwen/Qwen3-32B,stale_reference_029,1,stale_reference:template-05,True,True,True,True
Qwen/Qwen3-32B,stale_reference_029,2,stale_reference:template-05,True,True,True,True
Qwen/Qwen3-32B,unavailable_add_000,0,unavailable_add:template-00,True,True,True,True
Qwen/Qwen3-32B,unavailable_add_000,1,unavailable_add:template-00,True,True,True,True
Qwen/Qwen3-32B,unavailable_add_000,2,unavailable_add:template-00,True,True,True,True
Qwen/Qwen3-32B,unavailable_add_001,0,unavailable_add:template-01,True,True,True,True
Qwen/Qwen3-32B,unavailable_add_001,1,unavailable_add:template-01,True,True,True,True
Qwen/Qwen3-32B,unavailable_add_001,2,unavailable_add:template-01,True,True,True,True
Qwen/Qwen3-32B,unavailable_add_002,0,unavailable_add:template-02,True,True,True,True
Qwen/Qwen3-32B,unavailable_add_002,1,unavailable_add:template-02,True,True,True,True
Qwen/Qwen3-32B,unavailable_add_002,2,unavailable_add:template-02,True,True,True,True
Qwen/Qwen3-32B,unavailable_add_003,0,unavailable_add:template-03,True,True,True,True
Qwen/Qwen3-32B,unavailable_add_003,1,unavailable_add:template-03,True,True,True,True
Qwen/Qwen3-32B,unavailable_add_003,2,unavailable_add:template-03,True,True,True,True
Qwen/Qwen3-32B,unavailable_add_004,0,unavailable_add:template-04,True,True,True,True
Qwen/Qwen3-32B,unavailable_add_004,1,unavailable_add:template-04,True,True,True,True
Qwen/Qwen3-32B,unavailable_add_004,2,unavailable_add:template-04,True,True,True,True
Qwen/Qwen3-32B,unavailable_add_005,0,unavailable_add:template-05,True,True,True,True
Qwen/Qwen3-32B,unavailable_add_005,1,unavailable_add:template-05,True,True,True,True
Qwen/Qwen3-32B,unavailable_add_005,2,unavailable_add:template-05,True,True,True,True
Qwen/Qwen3-32B,unavailable_add_006,0,unavailable_add:template-06,True,True,True,True
Qwen/Qwen3-32B,unavailable_add_006,1,unavailable_add:template-06,True,True,True,True
Qwen/Qwen3-32B,unavailable_add_006,2,unavailable_add:template-06,True,True,True,True
Qwen/Qwen3-32B,unavailable_add_007,0,unavailable_add:template-07,True,True,True,True
Qwen/Qwen3-32B,unavailable_add_007,1,unavailable_add:template-07,True,True,True,True
Qwen/Qwen3-32B,unavailable_add_007,2,unavailable_add:template-07,True,True,True,True
Qwen/Qwen3-32B,unavailable_add_008,0,unavailable_add:template-00,True,True,True,True
Qwen/Qwen3-32B,unavailable_add_008,1,unavailable_add:template-00,True,True,True,True
Qwen/Qwen3-32B,unavailable_add_008,2,unavailable_add:template-00,True,True,True,True
Qwen/Qwen3-32B,unavailable_add_009,0,unavailable_add:template-01,True,True,True,True
Qwen/Qwen3-32B,unavailable_add_009,1,unavailable_add:template-01,True,True,True,True
Qwen/Qwen3-32B,unavailable_add_009,2,unavailable_add:template-01,True,True,True,True
Qwen/Qwen3-32B,unavailable_add_010,0,unavailable_add:template-02,True,True,True,True
Qwen/Qwen3-32B,unavailable_add_010,1,unavailable_add:template-02,True,True,True,True
Qwen/Qwen3-32B,unavailable_add_010,2,unavailable_add:template-02,True,True,True,True
Qwen/Qwen3-32B,unavailable_add_011,0,unavailable_add:template-03,True,True,True,True
Qwen/Qwen3-32B,unavailable_add_011,1,unavailable_add:template-03,True,True,True,True
Qwen/Qwen3-32B,unavailable_add_011,2,unavailable_add:template-03,True,True,True,True
Qwen/Qwen3-32B,unavailable_add_012,0,unavailable_add:template-04,True,True,True,True
Qwen/Qwen3-32B,unavailable_add_012,1,unavailable_add:template-04,True,True,True,True
Qwen/Qwen3-32B,unavailable_add_012,2,unavailable_add:template-04,True,True,True,True
Qwen/Qwen3-32B,unavailable_add_013,0,unavailable_add:template-05,True,True,True,True
Qwen/Qwen3-32B,unavailable_add_013,1,unavailable_add:template-05,True,True,True,True
Qwen/Qwen3-32B,unavailable_add_013,2,unavailable_add:template-05,True,True,True,True
Qwen/Qwen3-32B,unavailable_add_014,0,unavailable_add:template-06,True,True,True,True
Qwen/Qwen3-32B,unavailable_add_014,1,unavailable_add:template-06,True,True,True,True
Qwen/Qwen3-32B,unavailable_add_014,2,unavailable_add:template-06,True,True,True,True
Qwen/Qwen3-32B,unavailable_add_015,0,unavailable_add:template-07,True,True,True,True
Qwen/Qwen3-32B,unavailable_add_015,1,unavailable_add:template-07,True,True,True,True
Qwen/Qwen3-32B,unavailable_add_015,2,unavailable_add:template-07,True,True,True,True
Qwen/Qwen3-32B,unavailable_add_016,0,unavailable_add:template-00,True,True,True,True
Qwen/Qwen3-32B,unavailable_add_016,1,unavailable_add:template-00,True,True,True,True
Qwen/Qwen3-32B,unavailable_add_016,2,unavailable_add:template-00,True,True,True,True
Qwen/Qwen3-32B,unavailable_add_017,0,unavailable_add:template-01,True,True,True,True
Qwen/Qwen3-32B,unavailable_add_017,1,unavailable_add:template-01,True,True,True,True
Qwen/Qwen3-32B,unavailable_add_017,2,unavailable_add:template-01,True,True,True,True
Qwen/Qwen3-32B,unavailable_add_018,0,unavailable_add:template-02,True,True,True,True
Qwen/Qwen3-32B,unavailable_add_018,1,unavailable_add:template-02,True,True,True,True
Qwen/Qwen3-32B,unavailable_add_018,2,unavailable_add:template-02,True,True,True,True
Qwen/Qwen3-32B,unavailable_add_019,0,unavailable_add:template-03,True,True,True,True
Qwen/Qwen3-32B,unavailable_add_019,1,unavailable_add:template-03,True,True,True,True
Qwen/Qwen3-32B,unavailable_add_019,2,unavailable_add:template-03,True,True,True,True
Qwen/Qwen3-32B,unavailable_add_020,0,unavailable_add:template-04,True,True,True,True
Qwen/Qwen3-32B,unavailable_add_020,1,unavailable_add:template-04,True,True,True,True
Qwen/Qwen3-32B,unavailable_add_020,2,unavailable_add:template-04,True,True,True,True
Qwen/Qwen3-32B,unavailable_add_021,0,unavailable_add:template-05,True,True,True,True
Qwen/Qwen3-32B,unavailable_add_021,1,unavailable_add:template-05,True,True,True,True
Qwen/Qwen3-32B,unavailable_add_021,2,unavailable_add:template-05,True,True,True,True
Qwen/Qwen3-32B,unavailable_add_022,0,unavailable_add:template-06,True,True,True,True
Qwen/Qwen3-32B,unavailable_add_022,1,unavailable_add:template-06,True,True,True,True
Qwen/Qwen3-32B,unavailable_add_022,2,unavailable_add:template-06,True,True,True,True
Qwen/Qwen3-32B,unavailable_add_023,0,unavailable_add:template-07,True,True,True,True
Qwen/Qwen3-32B,unavailable_add_023,1,unavailable_add:template-07,True,True,True,True
Qwen/Qwen3-32B,unavailable_add_023,2,unavailable_add:template-07,True,True,True,True
Qwen/Qwen3-32B,unavailable_add_024,0,unavailable_add:template-00,True,True,True,True
Qwen/Qwen3-32B,unavailable_add_024,1,unavailable_add:template-00,True,True,True,True
Qwen/Qwen3-32B,unavailable_add_024,2,unavailable_add:template-00,True,True,True,True
Qwen/Qwen3-32B,unavailable_add_025,0,unavailable_add:template-01,True,True,True,True
Qwen/Qwen3-32B,unavailable_add_025,1,unavailable_add:template-01,True,True,True,True
Qwen/Qwen3-32B,unavailable_add_025,2,unavailable_add:template-01,True,True,True,True
Qwen/Qwen3-32B,unavailable_add_026,0,unavailable_add:template-02,True,True,True,True
Qwen/Qwen3-32B,unavailable_add_026,1,unavailable_add:template-02,True,True,True,True
Qwen/Qwen3-32B,unavailable_add_026,2,unavailable_add:template-02,True,True,True,True
Qwen/Qwen3-32B,unavailable_add_027,0,unavailable_add:template-03,True,True,True,True
Qwen/Qwen3-32B,unavailable_add_027,1,unavailable_add:template-03,True,True,True,True
Qwen/Qwen3-32B,unavailable_add_027,2,unavailable_add:template-03,True,True,True,True
Qwen/Qwen3-32B,unavailable_add_028,0,unavailable_add:template-04,True,True,True,True
Qwen/Qwen3-32B,unavailable_add_028,1,unavailable_add:template-04,True,True,True,True
Qwen/Qwen3-32B,unavailable_add_028,2,unavailable_add:template-04,True,True,True,True
Qwen/Qwen3-32B,unavailable_add_029,0,unavailable_add:template-05,True,True,True,True
Qwen/Qwen3-32B,unavailable_add_029,1,unavailable_add:template-05,True,True,True,True
Qwen/Qwen3-32B,unavailable_add_029,2,unavailable_add:template-05,True,True,True,True
nvidia/Cosmos3-Super-Reasoner,add_item_000,0,add_item:template-00,True,True,True,True
nvidia/Cosmos3-Super-Reasoner,add_item_000,1,add_item:template-00,True,True,True,True
nvidia/Cosmos3-Super-Reasoner,add_item_000,2,add_item:template-00,True,True,True,True
nvidia/Cosmos3-Super-Reasoner,add_item_001,0,add_item:template-01,True,True,True,True
nvidia/Cosmos3-Super-Reasoner,add_item_001,1,add_item:template-01,True,True,True,True
nvidia/Cosmos3-Super-Reasoner,add_item_001,2,add_item:template-01,True,True,True,True
nvidia/Cosmos3-Super-Reasoner,add_item_002,0,add_item:template-02,True,True,True,True
nvidia/Cosmos3-Super-Reasoner,add_item_002,1,add_item:template-02,True,True,True,True
nvidia/Cosmos3-Super-Reasoner,add_item_002,2,add_item:template-02,True,True,True,True
nvidia/Cosmos3-Super-Reasoner,add_item_003,0,add_item:template-03,True,True,True,True
nvidia/Cosmos3-Super-Reasoner,add_item_003,1,add_item:template-03,True,True,True,True
nvidia/Cosmos3-Super-Reasoner,add_item_003,2,add_item:template-03,True,True,True,True
nvidia/Cosmos3-Super-Reasoner,add_item_004,0,add_item:template-04,True,True,True,True
nvidia/Cosmos3-Super-Reasoner,add_item_004,1,add_item:template-04,True,True,True,True
nvidia/Cosmos3-Super-Reasoner,add_item_004,2,add_item:template-04,True,True,True,True
nvidia/Cosmos3-Super-Reasoner,add_item_005,0,add_item:template-05,True,True,True,True
nvidia/Cosmos3-Super-Reasoner,add_item_005,1,add_item:template-05,True,True,True,True
nvidia/Cosmos3-Super-Reasoner,add_item_005,2,add_item:template-05,True,True,True,True
nvidia/Cosmos3-Super-Reasoner,add_item_006,0,add_item:template-06,True,True,True,True
nvidia/Cosmos3-Super-Reasoner,add_item_006,1,add_item:template-06,True,True,True,True
nvidia/Cosmos3-Super-Reasoner,add_item_006,2,add_item:template-06,True,True,True,True
nvidia/Cosmos3-Super-Reasoner,add_item_007,0,add_item:template-07,True,True,True,True
nvidia/Cosmos3-Super-Reasoner,add_item_007,1,add_item:template-07,True,True,True,True
nvidia/Cosmos3-Super-Reasoner,add_item_007,2,add_item:template-07,True,True,True,True
nvidia/Cosmos3-Super-Reasoner,add_item_008,0,add_item:template-00,True,True,True,True
nvidia/Cosmos3-Super-Reasoner,add_item_008,1,add_item:template-00,True,True,True,True
nvidia/Cosmos3-Super-Reasoner,add_item_008,2,add_item:template-00,True,True,True,True
nvidia/Cosmos3-Super-Reasoner,add_item_009,0,add_item:template-01,True,True,True,True
nvidia/Cosmos3-Super-Reasoner,add_item_009,1,add_item:template-01,True,True,True,True
nvidia/Cosmos3-Super-Reasoner,add_item_009,2,add_item:template-01,True,True,True,True
nvidia/Cosmos3-Super-Reasoner,add_item_010,0,add_item:template-02,True,True,True,True
nvidia/Cosmos3-Super-Reasoner,add_item_010,1,add_item:template-02,True,True,True,True
nvidia/Cosmos3-Super-Reasoner,add_item_010,2,add_item:template-02,True,True,True,True
nvidia/Cosmos3-Super-Reasoner,add_item_011,0,add_item:template-03,True,True,True,True
nvidia/Cosmos3-Super-Reasoner,add_item_011,1,add_item:template-03,True,True,True,True
nvidia/Cosmos3-Super-Reasoner,add_item_011,2,add_item:template-03,True,True,True,True
nvidia/Cosmos3-Super-Reasoner,add_item_012,0,add_item:template-04,True,True,True,True
nvidia/Cosmos3-Super-Reasoner,add_item_012,1,add_item:template-04,True,True,True,True
nvidia/Cosmos3-Super-Reasoner,add_item_012,2,add_item:template-04,True,True,True,True
nvidia/Cosmos3-Super-Reasoner,add_item_013,0,add_item:template-05,True,True,True,True
nvidia/Cosmos3-Super-Reasoner,add_item_013,1,add_item:template-05,True,True,True,True
nvidia/Cosmos3-Super-Reasoner,add_item_013,2,add_item:template-05,True,True,True,True
nvidia/Cosmos3-Super-Reasoner,add_item_014,0,add_item:template-06,True,True,True,True
nvidia/Cosmos3-Super-Reasoner,add_item_014,1,add_item:template-06,True,True,True,True
nvidia/Cosmos3-Super-Reasoner,add_item_014,2,add_item:template-06,True,True,True,True
nvidia/Cosmos3-Super-Reasoner,add_item_015,0,add_item:template-07,True,True,True,True
nvidia/Cosmos3-Super-Reasoner,add_item_015,1,add_item:template-07,True,True,True,True
nvidia/Cosmos3-Super-Reasoner,add_item_015,2,add_item:template-07,True,True,True,True
nvidia/Cosmos3-Super-Reasoner,add_item_016,0,add_item:template-00,True,True,True,True
nvidia/Cosmos3-Super-Reasoner,add_item_016,1,add_item:template-00,True,True,True,True
nvidia/Cosmos3-Super-Reasoner,add_item_016,2,add_item:template-00,True,True,True,True
nvidia/Cosmos3-Super-Reasoner,add_item_017,0,add_item:template-01,True,True,True,True
nvidia/Cosmos3-Super-Reasoner,add_item_017,1,add_item:template-01,True,True,True,True
nvidia/Cosmos3-Super-Reasoner,add_item_017,2,add_item:template-01,True,True,True,True
nvidia/Cosmos3-Super-Reasoner,add_item_018,0,add_item:template-02,True,True,True,True
nvidia/Cosmos3-Super-Reasoner,add_item_018,1,add_item:template-02,True,True,True,True
nvidia/Cosmos3-Super-Reasoner,add_item_018,2,add_item:template-02,True,True,True,True
nvidia/Cosmos3-Super-Reasoner,add_item_019,0,add_item:template-03,True,True,True,True
nvidia/Cosmos3-Super-Reasoner,add_item_019,1,add_item:template-03,True,True,True,True
nvidia/Cosmos3-Super-Reasoner,add_item_019,2,add_item:template-03,True,True,True,True
nvidia/Cosmos3-Super-Reasoner,add_item_020,0,add_item:template-04,True,True,True,True
nvidia/Cosmos3-Super-Reasoner,add_item_020,1,add_item:template-04,True,True,True,True
nvidia/Cosmos3-Super-Reasoner,add_item_020,2,add_item:template-04,True,True,True,True
nvidia/Cosmos3-Super-Reasoner,add_item_021,0,add_item:template-05,True,True,True,True
nvidia/Cosmos3-Super-Reasoner,add_item_021,1,add_item:template-05,True,True,True,True
nvidia/Cosmos3-Super-Reasoner,add_item_021,2,add_item:template-05,True,True,True,True
nvidia/Cosmos3-Super-Reasoner,add_item_022,0,add_item:template-06,True,True,True,True
nvidia/Cosmos3-Super-Reasoner,add_item_022,1,add_item:template-06,True,True,True,True
nvidia/Cosmos3-Super-Reasoner,add_item_022,2,add_item:template-06,True,True,True,True
nvidia/Cosmos3-Super-Reasoner,add_item_023,0,add_item:template-07,True,True,True,True
nvidia/Cosmos3-Super-Reasoner,add_item_023,1,add_item:template-07,True,True,True,True
nvidia/Cosmos3-Super-Reasoner,add_item_023,2,add_item:template-07,True,True,True,True
nvidia/Cosmos3-Super-Reasoner,add_item_024,0,add_item:template-00,True,True,True,True
nvidia/Cosmos3-Super-Reasoner,add_item_024,1,add_item:template-00,True,True,True,True
nvidia/Cosmos3-Super-Reasoner,add_item_024,2,add_item:template-00,True,True,True,True
nvidia/Cosmos3-Super-Reasoner,add_item_025,0,add_item:template-01,True,True,True,True
nvidia/Cosmos3-Super-Reasoner,add_item_025,1,add_item:template-01,True,True,True,True
nvidia/Cosmos3-Super-Reasoner,add_item_025,2,add_item:template-01,True,True,True,True
nvidia/Cosmos3-Super-Reasoner,add_item_026,0,add_item:template-02,True,True,True,True
nvidia/Cosmos3-Super-Reasoner,add_item_026,1,add_item:template-02,True,True,True,True
nvidia/Cosmos3-Super-Reasoner,add_item_026,2,add_item:template-02,True,True,True,True
nvidia/Cosmos3-Super-Reasoner,add_item_027,0,add_item:template-03,True,True,True,True
nvidia/Cosmos3-Super-Reasoner,add_item_027,1,add_item:template-03,True,True,True,True
nvidia/Cosmos3-Super-Reasoner,add_item_027,2,add_item:template-03,True,True,True,True
nvidia/Cosmos3-Super-Reasoner,add_item_028,0,add_item:template-04,True,True,True,True
nvidia/Cosmos3-Super-Reasoner,add_item_028,1,add_item:template-04,True,True,True,True
nvidia/Cosmos3-Super-Reasoner,add_item_028,2,add_item:template-04,True,True,True,True
nvidia/Cosmos3-Super-Reasoner,add_item_029,0,add_item:template-05,True,True,True,True
nvidia/Cosmos3-Super-Reasoner,add_item_029,1,add_item:template-05,True,True,True,True
nvidia/Cosmos3-Super-Reasoner,add_item_029,2,add_item:template-05,True,True,True,True
nvidia/Cosmos3-Super-Reasoner,constraint_add_safe_000,0,constraint_add_safe:template-00,True,True,True,True
nvidia/Cosmos3-Super-Reasoner,constraint_add_safe_000,1,constraint_add_safe:template-00,True,True,True,True
nvidia/Cosmos3-Super-Reasoner,constraint_add_safe_000,2,constraint_add_safe:template-00,True,True,True,True
nvidia/Cosmos3-Super-Reasoner,constraint_add_safe_001,0,constraint_add_safe:template-01,True,True,True,True
nvidia/Cosmos3-Super-Reasoner,constraint_add_safe_001,1,constraint_add_safe:template-01,True,True,True,True
nvidia/Cosmos3-Super-Reasoner,constraint_add_safe_001,2,constraint_add_safe:template-01,True,True,True,True
nvidia/Cosmos3-Super-Reasoner,constraint_add_safe_002,0,constraint_add_safe:template-02,True,True,True,True
nvidia/Cosmos3-Super-Reasoner,constraint_add_safe_002,1,constraint_add_safe:template-02,True,True,True,True
nvidia/Cosmos3-Super-Reasoner,constraint_add_safe_002,2,constraint_add_safe:template-02,True,True,True,True
nvidia/Cosmos3-Super-Reasoner,constraint_add_safe_003,0,constraint_add_safe:template-03,True,True,True,True
nvidia/Cosmos3-Super-Reasoner,constraint_add_safe_003,1,constraint_add_safe:template-03,True,True,True,True
nvidia/Cosmos3-Super-Reasoner,constraint_add_safe_003,2,constraint_add_safe:template-03,True,True,True,True
nvidia/Cosmos3-Super-Reasoner,constraint_add_safe_004,0,constraint_add_safe:template-04,True,True,True,True
nvidia/Cosmos3-Super-Reasoner,constraint_add_safe_004,1,constraint_add_safe:template-04,True,True,True,True
nvidia/Cosmos3-Super-Reasoner,constraint_add_safe_004,2,constraint_add_safe:template-04,True,True,True,True
nvidia/Cosmos3-Super-Reasoner,constraint_add_safe_005,0,constraint_add_safe:template-05,True,True,True,True
nvidia/Cosmos3-Super-Reasoner,constraint_add_safe_005,1,constraint_add_safe:template-05,True,True,True,True
nvidia/Cosmos3-Super-Reasoner,constraint_add_safe_005,2,constraint_add_safe:template-05,True,True,True,True
nvidia/Cosmos3-Super-Reasoner,constraint_add_safe_006,0,constraint_add_safe:template-06,True,True,True,True
nvidia/Cosmos3-Super-Reasoner,constraint_add_safe_006,1,constraint_add_safe:template-06,True,True,True,True
nvidia/Cosmos3-Super-Reasoner,constraint_add_safe_006,2,constraint_add_safe:template-06,True,True,True,True
nvidia/Cosmos3-Super-Reasoner,constraint_add_safe_007,0,constraint_add_safe:template-07,True,True,True,True
nvidia/Cosmos3-Super-Reasoner,constraint_add_safe_007,1,constraint_add_safe:template-07,True,True,True,True
nvidia/Cosmos3-Super-Reasoner,constraint_add_safe_007,2,constraint_add_safe:template-07,True,True,True,True
nvidia/Cosmos3-Super-Reasoner,constraint_add_safe_008,0,constraint_add_safe:template-00,True,True,True,True
nvidia/Cosmos3-Super-Reasoner,constraint_add_safe_008,1,constraint_add_safe:template-00,True,True,True,True
nvidia/Cosmos3-Super-Reasoner,constraint_add_safe_008,2,constraint_add_safe:template-00,True,True,True,True
nvidia/Cosmos3-Super-Reasoner,constraint_add_safe_009,0,constraint_add_safe:template-01,True,True,True,True
nvidia/Cosmos3-Super-Reasoner,constraint_add_safe_009,1,constraint_add_safe:template-01,True,True,True,True
nvidia/Cosmos3-Super-Reasoner,constraint_add_safe_009,2,constraint_add_safe:template-01,True,True,True,True
nvidia/Cosmos3-Super-Reasoner,constraint_add_safe_010,0,constraint_add_safe:template-02,True,True,True,True
nvidia/Cosmos3-Super-Reasoner,constraint_add_safe_010,1,constraint_add_safe:template-02,True,True,True,True
nvidia/Cosmos3-Super-Reasoner,constraint_add_safe_010,2,constraint_add_safe:template-02,True,True,True,True
nvidia/Cosmos3-Super-Reasoner,constraint_add_safe_011,0,constraint_add_safe:template-03,True,True,True,True
nvidia/Cosmos3-Super-Reasoner,constraint_add_safe_011,1,constraint_add_safe:template-03,True,True,True,True
nvidia/Cosmos3-Super-Reasoner,constraint_add_safe_011,2,constraint_add_safe:template-03,True,True,True,True
nvidia/Cosmos3-Super-Reasoner,constraint_add_safe_012,0,constraint_add_safe:template-04,True,True,True,True
nvidia/Cosmos3-Super-Reasoner,constraint_add_safe_012,1,constraint_add_safe:template-04,True,True,True,True
nvidia/Cosmos3-Super-Reasoner,constraint_add_safe_012,2,constraint_add_safe:template-04,True,True,True,True
nvidia/Cosmos3-Super-Reasoner,constraint_add_safe_013,0,constraint_add_safe:template-05,True,True,True,True
nvidia/Cosmos3-Super-Reasoner,constraint_add_safe_013,1,constraint_add_safe:template-05,True,True,True,True
nvidia/Cosmos3-Super-Reasoner,constraint_add_safe_013,2,constraint_add_safe:template-05,True,True,True,True
nvidia/Cosmos3-Super-Reasoner,constraint_add_safe_014,0,constraint_add_safe:template-06,True,True,True,True
nvidia/Cosmos3-Super-Reasoner,constraint_add_safe_014,1,constraint_add_safe:template-06,True,True,True,True
nvidia/Cosmos3-Super-Reasoner,constraint_add_safe_014,2,constraint_add_safe:template-06,True,True,True,True
nvidia/Cosmos3-Super-Reasoner,constraint_add_safe_015,0,constraint_add_safe:template-07,True,True,True,True
nvidia/Cosmos3-Super-Reasoner,constraint_add_safe_015,1,constraint_add_safe:template-07,True,True,True,True
nvidia/Cosmos3-Super-Reasoner,constraint_add_safe_015,2,constraint_add_safe:template-07,True,True,True,True
nvidia/Cosmos3-Super-Reasoner,constraint_add_safe_016,0,constraint_add_safe:template-00,True,True,True,True
nvidia/Cosmos3-Super-Reasoner,constraint_add_safe_016,1,constraint_add_safe:template-00,True,True,True,True
nvidia/Cosmos3-Super-Reasoner,constraint_add_safe_016,2,constraint_add_safe:template-00,True,True,True,True
nvidia/Cosmos3-Super-Reasoner,constraint_add_safe_017,0,constraint_add_safe:template-01,True,True,True,True
nvidia/Cosmos3-Super-Reasoner,constraint_add_safe_017,1,constraint_add_safe:template-01,True,True,True,True
nvidia/Cosmos3-Super-Reasoner,constraint_add_safe_017,2,constraint_add_safe:template-01,True,True,True,True
nvidia/Cosmos3-Super-Reasoner,constraint_add_safe_018,0,constraint_add_safe:template-02,True,True,True,True
nvidia/Cosmos3-Super-Reasoner,constraint_add_safe_018,1,constraint_add_safe:template-02,True,True,True,True
nvidia/Cosmos3-Super-Reasoner,constraint_add_safe_018,2,constraint_add_safe:template-02,True,True,True,True
nvidia/Cosmos3-Super-Reasoner,constraint_add_safe_019,0,constraint_add_safe:template-03,True,True,True,True
nvidia/Cosmos3-Super-Reasoner,constraint_add_safe_019,1,constraint_add_safe:template-03,True,True,True,True
nvidia/Cosmos3-Super-Reasoner,constraint_add_safe_019,2,constraint_add_safe:template-03,True,True,True,True
nvidia/Cosmos3-Super-Reasoner,constraint_add_safe_020,0,constraint_add_safe:template-04,True,True,True,True
nvidia/Cosmos3-Super-Reasoner,constraint_add_safe_020,1,constraint_add_safe:template-04,True,True,True,True
nvidia/Cosmos3-Super-Reasoner,constraint_add_safe_020,2,constraint_add_safe:template-04,True,True,True,True
nvidia/Cosmos3-Super-Reasoner,constraint_add_safe_021,0,constraint_add_safe:template-05,True,True,True,True
nvidia/Cosmos3-Super-Reasoner,constraint_add_safe_021,1,constraint_add_safe:template-05,True,True,True,True
nvidia/Cosmos3-Super-Reasoner,constraint_add_safe_021,2,constraint_add_safe:template-05,True,True,True,True
nvidia/Cosmos3-Super-Reasoner,constraint_add_safe_022,0,constraint_add_safe:template-06,True,True,True,True
nvidia/Cosmos3-Super-Reasoner,constraint_add_safe_022,1,constraint_add_safe:template-06,True,True,True,True
nvidia/Cosmos3-Super-Reasoner,constraint_add_safe_022,2,constraint_add_safe:template-06,True,True,True,True
nvidia/Cosmos3-Super-Reasoner,constraint_add_safe_023,0,constraint_add_safe:template-07,True,True,True,True
nvidia/Cosmos3-Super-Reasoner,constraint_add_safe_023,1,constraint_add_safe:template-07,True,True,True,True
nvidia/Cosmos3-Super-Reasoner,constraint_add_safe_023,2,constraint_add_safe:template-07,True,True,True,True
nvidia/Cosmos3-Super-Reasoner,constraint_add_safe_024,0,constraint_add_safe:template-00,True,True,True,True
nvidia/Cosmos3-Super-Reasoner,constraint_add_safe_024,1,constraint_add_safe:template-00,True,True,True,True
nvidia/Cosmos3-Super-Reasoner,constraint_add_safe_024,2,constraint_add_safe:template-00,True,True,True,True
nvidia/Cosmos3-Super-Reasoner,constraint_add_safe_025,0,constraint_add_safe:template-01,True,True,True,True
nvidia/Cosmos3-Super-Reasoner,constraint_add_safe_025,1,constraint_add_safe:template-01,True,True,True,True
nvidia/Cosmos3-Super-Reasoner,constraint_add_safe_025,2,constraint_add_safe:template-01,True,True,True,True
nvidia/Cosmos3-Super-Reasoner,constraint_add_safe_026,0,constraint_add_safe:template-02,True,True,True,True
nvidia/Cosmos3-Super-Reasoner,constraint_add_safe_026,1,constraint_add_safe:template-02,True,True,True,True
nvidia/Cosmos3-Super-Reasoner,constraint_add_safe_026,2,constraint_add_safe:template-02,True,True,True,True
nvidia/Cosmos3-Super-Reasoner,constraint_add_safe_027,0,constraint_add_safe:template-03,True,True,True,True
nvidia/Cosmos3-Super-Reasoner,constraint_add_safe_027,1,constraint_add_safe:template-03,True,True,True,True
nvidia/Cosmos3-Super-Reasoner,constraint_add_safe_027,2,constraint_add_safe:template-03,True,True,True,True
nvidia/Cosmos3-Super-Reasoner,constraint_add_safe_028,0,constraint_add_safe:template-04,True,True,True,True
nvidia/Cosmos3-Super-Reasoner,constraint_add_safe_028,1,constraint_add_safe:template-04,True,True,True,True
nvidia/Cosmos3-Super-Reasoner,constraint_add_safe_028,2,constraint_add_safe:template-04,True,True,True,True
nvidia/Cosmos3-Super-Reasoner,constraint_add_safe_029,0,constraint_add_safe:template-05,True,True,True,True
nvidia/Cosmos3-Super-Reasoner,constraint_add_safe_029,1,constraint_add_safe:template-05,True,True,True,True
nvidia/Cosmos3-Super-Reasoner,constraint_add_safe_029,2,constraint_add_safe:template-05,True,True,True,True
nvidia/Cosmos3-Super-Reasoner,constraint_new_conflict_000,0,constraint_new_conflict:template-00,True,True,True,True
nvidia/Cosmos3-Super-Reasoner,constraint_new_conflict_000,1,constraint_new_conflict:template-00,True,True,True,True
nvidia/Cosmos3-Super-Reasoner,constraint_new_conflict_000,2,constraint_new_conflict:template-00,True,True,True,True
nvidia/Cosmos3-Super-Reasoner,constraint_new_conflict_001,0,constraint_new_conflict:template-01,True,True,True,True
nvidia/Cosmos3-Super-Reasoner,constraint_new_conflict_001,1,constraint_new_conflict:template-01,True,True,True,True
nvidia/Cosmos3-Super-Reasoner,constraint_new_conflict_001,2,constraint_new_conflict:template-01,True,True,True,True
nvidia/Cosmos3-Super-Reasoner,constraint_new_conflict_002,0,constraint_new_conflict:template-02,True,True,True,True
nvidia/Cosmos3-Super-Reasoner,constraint_new_conflict_002,1,constraint_new_conflict:template-02,True,True,True,True
nvidia/Cosmos3-Super-Reasoner,constraint_new_conflict_002,2,constraint_new_conflict:template-02,True,True,True,True
nvidia/Cosmos3-Super-Reasoner,constraint_new_conflict_003,0,constraint_new_conflict:template-03,True,True,True,True
nvidia/Cosmos3-Super-Reasoner,constraint_new_conflict_003,1,constraint_new_conflict:template-03,True,True,True,True
nvidia/Cosmos3-Super-Reasoner,constraint_new_conflict_003,2,constraint_new_conflict:template-03,True,True,True,True
nvidia/Cosmos3-Super-Reasoner,constraint_new_conflict_004,0,constraint_new_conflict:template-04,True,True,True,True
nvidia/Cosmos3-Super-Reasoner,constraint_new_conflict_004,1,constraint_new_conflict:template-04,True,True,True,True
nvidia/Cosmos3-Super-Reasoner,constraint_new_conflict_004,2,constraint_new_conflict:template-04,True,True,True,True
nvidia/Cosmos3-Super-Reasoner,constraint_new_conflict_005,0,constraint_new_conflict:template-05,True,True,True,True
nvidia/Cosmos3-Super-Reasoner,constraint_new_conflict_005,1,constraint_new_conflict:template-05,True,True,True,True
nvidia/Cosmos3-Super-Reasoner,constraint_new_conflict_005,2,constraint_new_conflict:template-05,True,True,True,True
nvidia/Cosmos3-Super-Reasoner,constraint_new_conflict_006,0,constraint_new_conflict:template-06,True,True,True,True
nvidia/Cosmos3-Super-Reasoner,constraint_new_conflict_006,1,constraint_new_conflict:template-06,True,True,True,True
nvidia/Cosmos3-Super-Reasoner,constraint_new_conflict_006,2,constraint_new_conflict:template-06,True,True,True,True
nvidia/Cosmos3-Super-Reasoner,constraint_new_conflict_007,0,constraint_new_conflict:template-07,True,True,True,True
nvidia/Cosmos3-Super-Reasoner,constraint_new_conflict_007,1,constraint_new_conflict:template-07,True,True,True,True
nvidia/Cosmos3-Super-Reasoner,constraint_new_conflict_007,2,constraint_new_conflict:template-07,True,True,True,True
nvidia/Cosmos3-Super-Reasoner,constraint_new_conflict_008,0,constraint_new_conflict:template-00,True,True,True,True
nvidia/Cosmos3-Super-Reasoner,constraint_new_conflict_008,1,constraint_new_conflict:template-00,True,True,True,True
nvidia/Cosmos3-Super-Reasoner,constraint_new_conflict_008,2,constraint_new_conflict:template-00,True,True,True,True
nvidia/Cosmos3-Super-Reasoner,constraint_new_conflict_009,0,constraint_new_conflict:template-01,True,True,True,True
nvidia/Cosmos3-Super-Reasoner,constraint_new_conflict_009,1,constraint_new_conflict:template-01,True,True,True,True
nvidia/Cosmos3-Super-Reasoner,constraint_new_conflict_009,2,constraint_new_conflict:template-01,True,True,True,True
nvidia/Cosmos3-Super-Reasoner,constraint_new_conflict_010,0,constraint_new_conflict:template-02,True,True,True,True
nvidia/Cosmos3-Super-Reasoner,constraint_new_conflict_010,1,constraint_new_conflict:template-02,True,True,True,True
nvidia/Cosmos3-Super-Reasoner,constraint_new_conflict_010,2,constraint_new_conflict:template-02,True,True,True,True
nvidia/Cosmos3-Super-Reasoner,constraint_new_conflict_011,0,constraint_new_conflict:template-03,True,True,True,True
nvidia/Cosmos3-Super-Reasoner,constraint_new_conflict_011,1,constraint_new_conflict:template-03,True,True,True,True
nvidia/Cosmos3-Super-Reasoner,constraint_new_conflict_011,2,constraint_new_conflict:template-03,True,True,True,True
nvidia/Cosmos3-Super-Reasoner,constraint_new_conflict_012,0,constraint_new_conflict:template-04,True,True,True,True
nvidia/Cosmos3-Super-Reasoner,constraint_new_conflict_012,1,constraint_new_conflict:template-04,True,True,True,True
nvidia/Cosmos3-Super-Reasoner,constraint_new_conflict_012,2,constraint_new_conflict:template-04,True,True,True,True
nvidia/Cosmos3-Super-Reasoner,constraint_new_conflict_013,0,constraint_new_conflict:template-05,True,True,True,True
nvidia/Cosmos3-Super-Reasoner,constraint_new_conflict_013,1,constraint_new_conflict:template-05,True,True,True,True
nvidia/Cosmos3-Super-Reasoner,constraint_new_conflict_013,2,constraint_new_conflict:template-05,True,True,True,True
nvidia/Cosmos3-Super-Reasoner,constraint_new_conflict_014,0,constraint_new_conflict:template-06,True,True,True,True
nvidia/Cosmos3-Super-Reasoner,constraint_new_conflict_014,1,constraint_new_conflict:template-06,True,True,True,True
nvidia/Cosmos3-Super-Reasoner,constraint_new_conflict_014,2,constraint_new_conflict:template-06,True,True,True,True
nvidia/Cosmos3-Super-Reasoner,constraint_new_conflict_015,0,constraint_new_conflict:template-07,True,True,True,True
nvidia/Cosmos3-Super-Reasoner,constraint_new_conflict_015,1,constraint_new_conflict:template-07,True,True,True,True
nvidia/Cosmos3-Super-Reasoner,constraint_new_conflict_015,2,constraint_new_conflict:template-07,True,True,True,True
nvidia/Cosmos3-Super-Reasoner,constraint_new_conflict_016,0,constraint_new_conflict:template-00,True,True,True,True
nvidia/Cosmos3-Super-Reasoner,constraint_new_conflict_016,1,constraint_new_conflict:template-00,True,True,True,True
nvidia/Cosmos3-Super-Reasoner,constraint_new_conflict_016,2,constraint_new_conflict:template-00,True,True,True,True
nvidia/Cosmos3-Super-Reasoner,constraint_new_conflict_017,0,constraint_new_conflict:template-01,True,True,True,True
nvidia/Cosmos3-Super-Reasoner,constraint_new_conflict_017,1,constraint_new_conflict:template-01,True,True,True,True
nvidia/Cosmos3-Super-Reasoner,constraint_new_conflict_017,2,constraint_new_conflict:template-01,True,True,True,True
nvidia/Cosmos3-Super-Reasoner,constraint_new_conflict_018,0,constraint_new_conflict:template-02,True,True,True,True
nvidia/Cosmos3-Super-Reasoner,constraint_new_conflict_018,1,constraint_new_conflict:template-02,True,True,True,True
nvidia/Cosmos3-Super-Reasoner,constraint_new_conflict_018,2,constraint_new_conflict:template-02,True,True,True,True
nvidia/Cosmos3-Super-Reasoner,constraint_new_conflict_019,0,constraint_new_conflict:template-03,True,True,True,True
nvidia/Cosmos3-Super-Reasoner,constraint_new_conflict_019,1,constraint_new_conflict:template-03,True,True,True,True
nvidia/Cosmos3-Super-Reasoner,constraint_new_conflict_019,2,constraint_new_conflict:template-03,True,True,True,True
nvidia/Cosmos3-Super-Reasoner,constraint_new_conflict_020,0,constraint_new_conflict:template-04,True,True,True,True
nvidia/Cosmos3-Super-Reasoner,constraint_new_conflict_020,1,constraint_new_conflict:template-04,True,True,True,True
nvidia/Cosmos3-Super-Reasoner,constraint_new_conflict_020,2,constraint_new_conflict:template-04,True,True,True,True
nvidia/Cosmos3-Super-Reasoner,constraint_new_conflict_021,0,constraint_new_conflict:template-05,True,True,True,True
nvidia/Cosmos3-Super-Reasoner,constraint_new_conflict_021,1,constraint_new_conflict:template-05,True,True,True,True
nvidia/Cosmos3-Super-Reasoner,constraint_new_conflict_021,2,constraint_new_conflict:template-05,True,True,True,True
nvidia/Cosmos3-Super-Reasoner,constraint_new_conflict_022,0,constraint_new_conflict:template-06,True,True,True,True
nvidia/Cosmos3-Super-Reasoner,constraint_new_conflict_022,1,constraint_new_conflict:template-06,True,True,True,True
nvidia/Cosmos3-Super-Reasoner,constraint_new_conflict_022,2,constraint_new_conflict:template-06,True,True,True,True
nvidia/Cosmos3-Super-Reasoner,constraint_new_conflict_023,0,constraint_new_conflict:template-07,True,True,True,True
nvidia/Cosmos3-Super-Reasoner,constraint_new_conflict_023,1,constraint_new_conflict:template-07,True,True,True,True
nvidia/Cosmos3-Super-Reasoner,constraint_new_conflict_023,2,constraint_new_conflict:template-07,True,True,True,True
nvidia/Cosmos3-Super-Reasoner,constraint_new_conflict_024,0,constraint_new_conflict:template-00,True,True,True,True
nvidia/Cosmos3-Super-Reasoner,constraint_new_conflict_024,1,constraint_new_conflict:template-00,True,True,True,True
nvidia/Cosmos3-Super-Reasoner,constraint_new_conflict_024,2,constraint_new_conflict:template-00,True,True,True,True
nvidia/Cosmos3-Super-Reasoner,constraint_new_conflict_025,0,constraint_new_conflict:template-01,True,True,True,True
nvidia/Cosmos3-Super-Reasoner,constraint_new_conflict_025,1,constraint_new_conflict:template-01,True,True,True,True
nvidia/Cosmos3-Super-Reasoner,constraint_new_conflict_025,2,constraint_new_conflict:template-01,True,True,True,True
nvidia/Cosmos3-Super-Reasoner,constraint_new_conflict_026,0,constraint_new_conflict:template-02,True,True,True,True
nvidia/Cosmos3-Super-Reasoner,constraint_new_conflict_026,1,constraint_new_conflict:template-02,True,True,True,True
nvidia/Cosmos3-Super-Reasoner,constraint_new_conflict_026,2,constraint_new_conflict:template-02,True,True,True,True
nvidia/Cosmos3-Super-Reasoner,constraint_new_conflict_027,0,constraint_new_conflict:template-03,True,True,True,True
nvidia/Cosmos3-Super-Reasoner,constraint_new_conflict_027,1,constraint_new_conflict:template-03,True,True,True,True
nvidia/Cosmos3-Super-Reasoner,constraint_new_conflict_027,2,constraint_new_conflict:template-03,True,True,True,True
nvidia/Cosmos3-Super-Reasoner,constraint_new_conflict_028,0,constraint_new_conflict:template-04,True,True,True,True
nvidia/Cosmos3-Super-Reasoner,constraint_new_conflict_028,1,constraint_new_conflict:template-04,True,True,True,True
nvidia/Cosmos3-Super-Reasoner,constraint_new_conflict_028,2,constraint_new_conflict:template-04,True,True,True,True
nvidia/Cosmos3-Super-Reasoner,constraint_new_conflict_029,0,constraint_new_conflict:template-05,True,True,True,True
nvidia/Cosmos3-Super-Reasoner,constraint_new_conflict_029,1,constraint_new_conflict:template-05,True,True,True,True
nvidia/Cosmos3-Super-Reasoner,constraint_new_conflict_029,2,constraint_new_conflict:template-05,True,True,True,True
nvidia/Cosmos3-Super-Reasoner,modifier_add_scoped_000,0,modifier_add_scoped:template-00,True,True,True,True
nvidia/Cosmos3-Super-Reasoner,modifier_add_scoped_000,1,modifier_add_scoped:template-00,True,True,True,True
nvidia/Cosmos3-Super-Reasoner,modifier_add_scoped_000,2,modifier_add_scoped:template-00,True,True,True,True
nvidia/Cosmos3-Super-Reasoner,modifier_add_scoped_001,0,modifier_add_scoped:template-01,True,True,True,True
nvidia/Cosmos3-Super-Reasoner,modifier_add_scoped_001,1,modifier_add_scoped:template-01,True,True,True,True
nvidia/Cosmos3-Super-Reasoner,modifier_add_scoped_001,2,modifier_add_scoped:template-01,True,True,True,True
nvidia/Cosmos3-Super-Reasoner,modifier_add_scoped_002,0,modifier_add_scoped:template-02,True,True,True,True
nvidia/Cosmos3-Super-Reasoner,modifier_add_scoped_002,1,modifier_add_scoped:template-02,True,True,True,True
nvidia/Cosmos3-Super-Reasoner,modifier_add_scoped_002,2,modifier_add_scoped:template-02,True,True,True,True
nvidia/Cosmos3-Super-Reasoner,modifier_add_scoped_003,0,modifier_add_scoped:template-03,True,True,True,True
nvidia/Cosmos3-Super-Reasoner,modifier_add_scoped_003,1,modifier_add_scoped:template-03,True,True,True,True
nvidia/Cosmos3-Super-Reasoner,modifier_add_scoped_003,2,modifier_add_scoped:template-03,True,True,True,True
nvidia/Cosmos3-Super-Reasoner,modifier_add_scoped_004,0,modifier_add_scoped:template-04,True,True,True,True
nvidia/Cosmos3-Super-Reasoner,modifier_add_scoped_004,1,modifier_add_scoped:template-04,True,True,True,True
nvidia/Cosmos3-Super-Reasoner,modifier_add_scoped_004,2,modifier_add_scoped:template-04,True,True,True,True
nvidia/Cosmos3-Super-Reasoner,modifier_add_scoped_005,0,modifier_add_scoped:template-05,True,True,True,True
nvidia/Cosmos3-Super-Reasoner,modifier_add_scoped_005,1,modifier_add_scoped:template-05,True,True,True,True
nvidia/Cosmos3-Super-Reasoner,modifier_add_scoped_005,2,modifier_add_scoped:template-05,True,True,True,True
nvidia/Cosmos3-Super-Reasoner,modifier_add_scoped_006,0,modifier_add_scoped:template-06,True,True,True,True
nvidia/Cosmos3-Super-Reasoner,modifier_add_scoped_006,1,modifier_add_scoped:template-06,True,True,True,True
nvidia/Cosmos3-Super-Reasoner,modifier_add_scoped_006,2,modifier_add_scoped:template-06,True,True,True,True
nvidia/Cosmos3-Super-Reasoner,modifier_add_scoped_007,0,modifier_add_scoped:template-07,True,True,True,True
nvidia/Cosmos3-Super-Reasoner,modifier_add_scoped_007,1,modifier_add_scoped:template-07,True,True,True,True
nvidia/Cosmos3-Super-Reasoner,modifier_add_scoped_007,2,modifier_add_scoped:template-07,True,True,True,True
nvidia/Cosmos3-Super-Reasoner,modifier_add_scoped_008,0,modifier_add_scoped:template-00,True,True,True,True
nvidia/Cosmos3-Super-Reasoner,modifier_add_scoped_008,1,modifier_add_scoped:template-00,True,True,True,True
nvidia/Cosmos3-Super-Reasoner,modifier_add_scoped_008,2,modifier_add_scoped:template-00,True,True,True,True
nvidia/Cosmos3-Super-Reasoner,modifier_add_scoped_009,0,modifier_add_scoped:template-01,True,True,True,True
nvidia/Cosmos3-Super-Reasoner,modifier_add_scoped_009,1,modifier_add_scoped:template-01,True,True,True,True
nvidia/Cosmos3-Super-Reasoner,modifier_add_scoped_009,2,modifier_add_scoped:template-01,True,True,True,True
nvidia/Cosmos3-Super-Reasoner,modifier_add_scoped_010,0,modifier_add_scoped:template-02,True,True,True,True
nvidia/Cosmos3-Super-Reasoner,modifier_add_scoped_010,1,modifier_add_scoped:template-02,True,True,True,True
nvidia/Cosmos3-Super-Reasoner,modifier_add_scoped_010,2,modifier_add_scoped:template-02,True,True,True,True
nvidia/Cosmos3-Super-Reasoner,modifier_add_scoped_011,0,modifier_add_scoped:template-03,True,True,True,True
nvidia/Cosmos3-Super-Reasoner,modifier_add_scoped_011,1,modifier_add_scoped:template-03,True,True,True,True
nvidia/Cosmos3-Super-Reasoner,modifier_add_scoped_011,2,modifier_add_scoped:template-03,True,True,True,True
nvidia/Cosmos3-Super-Reasoner,modifier_add_scoped_012,0,modifier_add_scoped:template-04,True,True,True,True
nvidia/Cosmos3-Super-Reasoner,modifier_add_scoped_012,1,modifier_add_scoped:template-04,True,True,True,True
nvidia/Cosmos3-Super-Reasoner,modifier_add_scoped_012,2,modifier_add_scoped:template-04,True,True,True,True
nvidia/Cosmos3-Super-Reasoner,modifier_add_scoped_013,0,modifier_add_scoped:template-05,True,True,True,True
nvidia/Cosmos3-Super-Reasoner,modifier_add_scoped_013,1,modifier_add_scoped:template-05,True,True,True,True
nvidia/Cosmos3-Super-Reasoner,modifier_add_scoped_013,2,modifier_add_scoped:template-05,True,True,True,True
nvidia/Cosmos3-Super-Reasoner,modifier_add_scoped_014,0,modifier_add_scoped:template-06,True,True,True,True
nvidia/Cosmos3-Super-Reasoner,modifier_add_scoped_014,1,modifier_add_scoped:template-06,True,True,True,True
nvidia/Cosmos3-Super-Reasoner,modifier_add_scoped_014,2,modifier_add_scoped:template-06,True,True,True,True
nvidia/Cosmos3-Super-Reasoner,modifier_add_scoped_015,0,modifier_add_scoped:template-07,True,True,True,True
nvidia/Cosmos3-Super-Reasoner,modifier_add_scoped_015,1,modifier_add_scoped:template-07,True,True,True,True
nvidia/Cosmos3-Super-Reasoner,modifier_add_scoped_015,2,modifier_add_scoped:template-07,True,True,True,True
nvidia/Cosmos3-Super-Reasoner,modifier_add_scoped_016,0,modifier_add_scoped:template-00,True,True,True,True
nvidia/Cosmos3-Super-Reasoner,modifier_add_scoped_016,1,modifier_add_scoped:template-00,True,True,True,True
nvidia/Cosmos3-Super-Reasoner,modifier_add_scoped_016,2,modifier_add_scoped:template-00,True,True,True,True
nvidia/Cosmos3-Super-Reasoner,modifier_add_scoped_017,0,modifier_add_scoped:template-01,True,True,True,True
nvidia/Cosmos3-Super-Reasoner,modifier_add_scoped_017,1,modifier_add_scoped:template-01,True,True,True,True
nvidia/Cosmos3-Super-Reasoner,modifier_add_scoped_017,2,modifier_add_scoped:template-01,True,True,True,True
nvidia/Cosmos3-Super-Reasoner,modifier_add_scoped_018,0,modifier_add_scoped:template-02,True,True,True,True
nvidia/Cosmos3-Super-Reasoner,modifier_add_scoped_018,1,modifier_add_scoped:template-02,True,True,True,True
nvidia/Cosmos3-Super-Reasoner,modifier_add_scoped_018,2,modifier_add_scoped:template-02,True,True,True,True
nvidia/Cosmos3-Super-Reasoner,modifier_add_scoped_019,0,modifier_add_scoped:template-03,True,True,True,True
nvidia/Cosmos3-Super-Reasoner,modifier_add_scoped_019,1,modifier_add_scoped:template-03,True,True,True,True
nvidia/Cosmos3-Super-Reasoner,modifier_add_scoped_019,2,modifier_add_scoped:template-03,True,True,True,True
nvidia/Cosmos3-Super-Reasoner,modifier_add_scoped_020,0,modifier_add_scoped:template-04,True,True,True,True
nvidia/Cosmos3-Super-Reasoner,modifier_add_scoped_020,1,modifier_add_scoped:template-04,True,True,True,True
nvidia/Cosmos3-Super-Reasoner,modifier_add_scoped_020,2,modifier_add_scoped:template-04,True,True,True,True
nvidia/Cosmos3-Super-Reasoner,modifier_add_scoped_021,0,modifier_add_scoped:template-05,True,True,True,True
nvidia/Cosmos3-Super-Reasoner,modifier_add_scoped_021,1,modifier_add_scoped:template-05,True,True,True,True
nvidia/Cosmos3-Super-Reasoner,modifier_add_scoped_021,2,modifier_add_scoped:template-05,True,True,True,True
nvidia/Cosmos3-Super-Reasoner,modifier_add_scoped_022,0,modifier_add_scoped:template-06,True,True,True,True
nvidia/Cosmos3-Super-Reasoner,modifier_add_scoped_022,1,modifier_add_scoped:template-06,True,True,True,True
nvidia/Cosmos3-Super-Reasoner,modifier_add_scoped_022,2,modifier_add_scoped:template-06,True,True,True,True
nvidia/Cosmos3-Super-Reasoner,modifier_add_scoped_023,0,modifier_add_scoped:template-07,True,True,True,True
nvidia/Cosmos3-Super-Reasoner,modifier_add_scoped_023,1,modifier_add_scoped:template-07,True,True,True,True
nvidia/Cosmos3-Super-Reasoner,modifier_add_scoped_023,2,modifier_add_scoped:template-07,True,True,True,True
nvidia/Cosmos3-Super-Reasoner,modifier_add_scoped_024,0,modifier_add_scoped:template-00,True,True,True,True
nvidia/Cosmos3-Super-Reasoner,modifier_add_scoped_024,1,modifier_add_scoped:template-00,True,True,True,True
nvidia/Cosmos3-Super-Reasoner,modifier_add_scoped_024,2,modifier_add_scoped:template-00,True,True,True,True
nvidia/Cosmos3-Super-Reasoner,modifier_add_scoped_025,0,modifier_add_scoped:template-01,True,True,True,True
nvidia/Cosmos3-Super-Reasoner,modifier_add_scoped_025,1,modifier_add_scoped:template-01,True,True,True,True
nvidia/Cosmos3-Super-Reasoner,modifier_add_scoped_025,2,modifier_add_scoped:template-01,True,True,True,True
nvidia/Cosmos3-Super-Reasoner,modifier_add_scoped_026,0,modifier_add_scoped:template-02,True,True,True,True
nvidia/Cosmos3-Super-Reasoner,modifier_add_scoped_026,1,modifier_add_scoped:template-02,True,True,True,True
nvidia/Cosmos3-Super-Reasoner,modifier_add_scoped_026,2,modifier_add_scoped:template-02,True,True,True,True
nvidia/Cosmos3-Super-Reasoner,modifier_add_scoped_027,0,modifier_add_scoped:template-03,True,True,True,True
nvidia/Cosmos3-Super-Reasoner,modifier_add_scoped_027,1,modifier_add_scoped:template-03,True,True,True,True
nvidia/Cosmos3-Super-Reasoner,modifier_add_scoped_027,2,modifier_add_scoped:template-03,True,True,True,True
nvidia/Cosmos3-Super-Reasoner,modifier_add_scoped_028,0,modifier_add_scoped:template-04,True,True,True,True
nvidia/Cosmos3-Super-Reasoner,modifier_add_scoped_028,1,modifier_add_scoped:template-04,True,True,True,True
nvidia/Cosmos3-Super-Reasoner,modifier_add_scoped_028,2,modifier_add_scoped:template-04,True,True,True,True
nvidia/Cosmos3-Super-Reasoner,modifier_add_scoped_029,0,modifier_add_scoped:template-05,True,True,True,True
nvidia/Cosmos3-Super-Reasoner,modifier_add_scoped_029,1,modifier_add_scoped:template-05,True,True,True,True
nvidia/Cosmos3-Super-Reasoner,modifier_add_scoped_029,2,modifier_add_scoped:template-05,True,True,True,True
nvidia/Cosmos3-Super-Reasoner,modifier_reversal_000,0,modifier_reversal:template-00,True,True,True,True
nvidia/Cosmos3-Super-Reasoner,modifier_reversal_000,1,modifier_reversal:template-00,True,True,True,True
nvidia/Cosmos3-Super-Reasoner,modifier_reversal_000,2,modifier_reversal:template-00,True,True,True,True
nvidia/Cosmos3-Super-Reasoner,modifier_reversal_001,0,modifier_reversal:template-01,True,True,True,True
nvidia/Cosmos3-Super-Reasoner,modifier_reversal_001,1,modifier_reversal:template-01,True,True,True,True
nvidia/Cosmos3-Super-Reasoner,modifier_reversal_001,2,modifier_reversal:template-01,True,True,True,True
nvidia/Cosmos3-Super-Reasoner,modifier_reversal_002,0,modifier_reversal:template-02,True,True,True,True
nvidia/Cosmos3-Super-Reasoner,modifier_reversal_002,1,modifier_reversal:template-02,True,True,True,True
nvidia/Cosmos3-Super-Reasoner,modifier_reversal_002,2,modifier_reversal:template-02,True,True,True,True
nvidia/Cosmos3-Super-Reasoner,modifier_reversal_003,0,modifier_reversal:template-03,True,True,True,True
nvidia/Cosmos3-Super-Reasoner,modifier_reversal_003,1,modifier_reversal:template-03,True,True,True,True
nvidia/Cosmos3-Super-Reasoner,modifier_reversal_003,2,modifier_reversal:template-03,True,True,True,True
nvidia/Cosmos3-Super-Reasoner,modifier_reversal_004,0,modifier_reversal:template-04,True,True,True,True
nvidia/Cosmos3-Super-Reasoner,modifier_reversal_004,1,modifier_reversal:template-04,True,True,True,True
nvidia/Cosmos3-Super-Reasoner,modifier_reversal_004,2,modifier_reversal:template-04,True,True,True,True
nvidia/Cosmos3-Super-Reasoner,modifier_reversal_005,0,modifier_reversal:template-05,True,True,True,True
nvidia/Cosmos3-Super-Reasoner,modifier_reversal_005,1,modifier_reversal:template-05,True,True,True,True
nvidia/Cosmos3-Super-Reasoner,modifier_reversal_005,2,modifier_reversal:template-05,True,True,True,True
nvidia/Cosmos3-Super-Reasoner,modifier_reversal_006,0,modifier_reversal:template-06,True,True,True,True
nvidia/Cosmos3-Super-Reasoner,modifier_reversal_006,1,modifier_reversal:template-06,True,True,True,True
nvidia/Cosmos3-Super-Reasoner,modifier_reversal_006,2,modifier_reversal:template-06,True,True,True,True
nvidia/Cosmos3-Super-Reasoner,modifier_reversal_007,0,modifier_reversal:template-07,True,True,True,True
nvidia/Cosmos3-Super-Reasoner,modifier_reversal_007,1,modifier_reversal:template-07,True,True,True,True
nvidia/Cosmos3-Super-Reasoner,modifier_reversal_007,2,modifier_reversal:template-07,True,True,True,True
nvidia/Cosmos3-Super-Reasoner,modifier_reversal_008,0,modifier_reversal:template-00,True,True,True,True
nvidia/Cosmos3-Super-Reasoner,modifier_reversal_008,1,modifier_reversal:template-00,True,True,True,True
nvidia/Cosmos3-Super-Reasoner,modifier_reversal_008,2,modifier_reversal:template-00,True,True,True,True
nvidia/Cosmos3-Super-Reasoner,modifier_reversal_009,0,modifier_reversal:template-01,True,True,True,True
nvidia/Cosmos3-Super-Reasoner,modifier_reversal_009,1,modifier_reversal:template-01,True,True,True,True
nvidia/Cosmos3-Super-Reasoner,modifier_reversal_009,2,modifier_reversal:template-01,True,True,True,True
nvidia/Cosmos3-Super-Reasoner,modifier_reversal_010,0,modifier_reversal:template-02,True,True,True,True
nvidia/Cosmos3-Super-Reasoner,modifier_reversal_010,1,modifier_reversal:template-02,True,True,True,True
nvidia/Cosmos3-Super-Reasoner,modifier_reversal_010,2,modifier_reversal:template-02,True,True,True,True
nvidia/Cosmos3-Super-Reasoner,modifier_reversal_011,0,modifier_reversal:template-03,True,True,True,True
nvidia/Cosmos3-Super-Reasoner,modifier_reversal_011,1,modifier_reversal:template-03,True,True,True,True
nvidia/Cosmos3-Super-Reasoner,modifier_reversal_011,2,modifier_reversal:template-03,True,True,True,True
nvidia/Cosmos3-Super-Reasoner,modifier_reversal_012,0,modifier_reversal:template-04,True,True,True,True
nvidia/Cosmos3-Super-Reasoner,modifier_reversal_012,1,modifier_reversal:template-04,True,True,True,True
nvidia/Cosmos3-Super-Reasoner,modifier_reversal_012,2,modifier_reversal:template-04,True,True,True,True
nvidia/Cosmos3-Super-Reasoner,modifier_reversal_013,0,modifier_reversal:template-05,True,True,True,True
nvidia/Cosmos3-Super-Reasoner,modifier_reversal_013,1,modifier_reversal:template-05,True,True,True,True
nvidia/Cosmos3-Super-Reasoner,modifier_reversal_013,2,modifier_reversal:template-05,True,True,True,True
nvidia/Cosmos3-Super-Reasoner,modifier_reversal_014,0,modifier_reversal:template-06,True,True,True,True
nvidia/Cosmos3-Super-Reasoner,modifier_reversal_014,1,modifier_reversal:template-06,True,True,True,True
nvidia/Cosmos3-Super-Reasoner,modifier_reversal_014,2,modifier_reversal:template-06,True,True,True,True
nvidia/Cosmos3-Super-Reasoner,modifier_reversal_015,0,modifier_reversal:template-07,True,True,True,True
nvidia/Cosmos3-Super-Reasoner,modifier_reversal_015,1,modifier_reversal:template-07,True,True,True,True
nvidia/Cosmos3-Super-Reasoner,modifier_reversal_015,2,modifier_reversal:template-07,True,True,True,True
nvidia/Cosmos3-Super-Reasoner,modifier_reversal_016,0,modifier_reversal:template-00,True,True,True,True
nvidia/Cosmos3-Super-Reasoner,modifier_reversal_016,1,modifier_reversal:template-00,True,True,True,True
nvidia/Cosmos3-Super-Reasoner,modifier_reversal_016,2,modifier_reversal:template-00,True,True,True,True
nvidia/Cosmos3-Super-Reasoner,modifier_reversal_017,0,modifier_reversal:template-01,True,True,True,True
nvidia/Cosmos3-Super-Reasoner,modifier_reversal_017,1,modifier_reversal:template-01,True,True,True,True
nvidia/Cosmos3-Super-Reasoner,modifier_reversal_017,2,modifier_reversal:template-01,True,True,True,True
nvidia/Cosmos3-Super-Reasoner,modifier_reversal_018,0,modifier_reversal:template-02,True,True,True,True
nvidia/Cosmos3-Super-Reasoner,modifier_reversal_018,1,modifier_reversal:template-02,True,True,True,True
nvidia/Cosmos3-Super-Reasoner,modifier_reversal_018,2,modifier_reversal:template-02,True,True,True,True
nvidia/Cosmos3-Super-Reasoner,modifier_reversal_019,0,modifier_reversal:template-03,True,True,True,True
nvidia/Cosmos3-Super-Reasoner,modifier_reversal_019,1,modifier_reversal:template-03,True,True,True,True
nvidia/Cosmos3-Super-Reasoner,modifier_reversal_019,2,modifier_reversal:template-03,True,True,True,True
nvidia/Cosmos3-Super-Reasoner,modifier_reversal_020,0,modifier_reversal:template-04,True,True,True,True
nvidia/Cosmos3-Super-Reasoner,modifier_reversal_020,1,modifier_reversal:template-04,True,True,True,True
nvidia/Cosmos3-Super-Reasoner,modifier_reversal_020,2,modifier_reversal:template-04,True,True,True,True
nvidia/Cosmos3-Super-Reasoner,modifier_reversal_021,0,modifier_reversal:template-05,True,True,True,True
nvidia/Cosmos3-Super-Reasoner,modifier_reversal_021,1,modifier_reversal:template-05,True,True,True,True
nvidia/Cosmos3-Super-Reasoner,modifier_reversal_021,2,modifier_reversal:template-05,True,True,True,True
nvidia/Cosmos3-Super-Reasoner,modifier_reversal_022,0,modifier_reversal:template-06,True,True,True,True
nvidia/Cosmos3-Super-Reasoner,modifier_reversal_022,1,modifier_reversal:template-06,True,True,True,True
nvidia/Cosmos3-Super-Reasoner,modifier_reversal_022,2,modifier_reversal:template-06,True,True,True,True
nvidia/Cosmos3-Super-Reasoner,modifier_reversal_023,0,modifier_reversal:template-07,True,True,True,True
nvidia/Cosmos3-Super-Reasoner,modifier_reversal_023,1,modifier_reversal:template-07,True,True,True,True
nvidia/Cosmos3-Super-Reasoner,modifier_reversal_023,2,modifier_reversal:template-07,True,True,True,True
nvidia/Cosmos3-Super-Reasoner,modifier_reversal_024,0,modifier_reversal:template-00,True,True,True,True
nvidia/Cosmos3-Super-Reasoner,modifier_reversal_024,1,modifier_reversal:template-00,True,True,True,True
nvidia/Cosmos3-Super-Reasoner,modifier_reversal_024,2,modifier_reversal:template-00,True,True,True,True
nvidia/Cosmos3-Super-Reasoner,modifier_reversal_025,0,modifier_reversal:template-01,True,True,True,True
nvidia/Cosmos3-Super-Reasoner,modifier_reversal_025,1,modifier_reversal:template-01,True,True,True,True
nvidia/Cosmos3-Super-Reasoner,modifier_reversal_025,2,modifier_reversal:template-01,True,True,True,True
nvidia/Cosmos3-Super-Reasoner,modifier_reversal_026,0,modifier_reversal:template-02,True,True,True,True
nvidia/Cosmos3-Super-Reasoner,modifier_reversal_026,1,modifier_reversal:template-02,True,True,True,True
nvidia/Cosmos3-Super-Reasoner,modifier_reversal_026,2,modifier_reversal:template-02,True,True,True,True
nvidia/Cosmos3-Super-Reasoner,modifier_reversal_027,0,modifier_reversal:template-03,True,True,True,True
nvidia/Cosmos3-Super-Reasoner,modifier_reversal_027,1,modifier_reversal:template-03,True,True,True,True
nvidia/Cosmos3-Super-Reasoner,modifier_reversal_027,2,modifier_reversal:template-03,True,True,True,True
nvidia/Cosmos3-Super-Reasoner,modifier_reversal_028,0,modifier_reversal:template-04,True,True,True,True
nvidia/Cosmos3-Super-Reasoner,modifier_reversal_028,1,modifier_reversal:template-04,True,True,True,True
nvidia/Cosmos3-Super-Reasoner,modifier_reversal_028,2,modifier_reversal:template-04,True,True,True,True
nvidia/Cosmos3-Super-Reasoner,modifier_reversal_029,0,modifier_reversal:template-05,True,True,True,True
nvidia/Cosmos3-Super-Reasoner,modifier_reversal_029,1,modifier_reversal:template-05,True,True,True,True
nvidia/Cosmos3-Super-Reasoner,modifier_reversal_029,2,modifier_reversal:template-05,True,True,True,True
nvidia/Cosmos3-Super-Reasoner,quantity_decrease_000,0,quantity_decrease:template-00,True,True,True,True
nvidia/Cosmos3-Super-Reasoner,quantity_decrease_000,1,quantity_decrease:template-00,True,True,True,True
nvidia/Cosmos3-Super-Reasoner,quantity_decrease_000,2,quantity_decrease:template-00,True,True,True,True
nvidia/Cosmos3-Super-Reasoner,quantity_decrease_001,0,quantity_decrease:template-01,True,True,True,True
nvidia/Cosmos3-Super-Reasoner,quantity_decrease_001,1,quantity_decrease:template-01,True,True,True,True
nvidia/Cosmos3-Super-Reasoner,quantity_decrease_001,2,quantity_decrease:template-01,True,True,True,True
nvidia/Cosmos3-Super-Reasoner,quantity_decrease_002,0,quantity_decrease:template-02,True,True,True,True
nvidia/Cosmos3-Super-Reasoner,quantity_decrease_002,1,quantity_decrease:template-02,True,True,True,True
nvidia/Cosmos3-Super-Reasoner,quantity_decrease_002,2,quantity_decrease:template-02,True,True,True,True
nvidia/Cosmos3-Super-Reasoner,quantity_decrease_003,0,quantity_decrease:template-03,True,True,True,True
nvidia/Cosmos3-Super-Reasoner,quantity_decrease_003,1,quantity_decrease:template-03,True,True,True,True
nvidia/Cosmos3-Super-Reasoner,quantity_decrease_003,2,quantity_decrease:template-03,True,True,True,True
nvidia/Cosmos3-Super-Reasoner,quantity_decrease_004,0,quantity_decrease:template-04,True,True,True,True
nvidia/Cosmos3-Super-Reasoner,quantity_decrease_004,1,quantity_decrease:template-04,True,True,True,True
nvidia/Cosmos3-Super-Reasoner,quantity_decrease_004,2,quantity_decrease:template-04,True,True,True,True
nvidia/Cosmos3-Super-Reasoner,quantity_decrease_005,0,quantity_decrease:template-05,True,True,True,True
nvidia/Cosmos3-Super-Reasoner,quantity_decrease_005,1,quantity_decrease:template-05,True,True,True,True
nvidia/Cosmos3-Super-Reasoner,quantity_decrease_005,2,quantity_decrease:template-05,True,True,True,True
nvidia/Cosmos3-Super-Reasoner,quantity_decrease_006,0,quantity_decrease:template-06,True,True,True,True
nvidia/Cosmos3-Super-Reasoner,quantity_decrease_006,1,quantity_decrease:template-06,True,True,True,True
nvidia/Cosmos3-Super-Reasoner,quantity_decrease_006,2,quantity_decrease:template-06,True,True,True,True
nvidia/Cosmos3-Super-Reasoner,quantity_decrease_007,0,quantity_decrease:template-07,True,True,True,True
nvidia/Cosmos3-Super-Reasoner,quantity_decrease_007,1,quantity_decrease:template-07,True,True,True,True
nvidia/Cosmos3-Super-Reasoner,quantity_decrease_007,2,quantity_decrease:template-07,True,True,True,True
nvidia/Cosmos3-Super-Reasoner,quantity_decrease_008,0,quantity_decrease:template-00,True,True,True,True
nvidia/Cosmos3-Super-Reasoner,quantity_decrease_008,1,quantity_decrease:template-00,True,True,True,True
nvidia/Cosmos3-Super-Reasoner,quantity_decrease_008,2,quantity_decrease:template-00,True,True,True,True
nvidia/Cosmos3-Super-Reasoner,quantity_decrease_009,0,quantity_decrease:template-01,True,True,True,True
nvidia/Cosmos3-Super-Reasoner,quantity_decrease_009,1,quantity_decrease:template-01,True,True,True,True
nvidia/Cosmos3-Super-Reasoner,quantity_decrease_009,2,quantity_decrease:template-01,True,True,True,True
nvidia/Cosmos3-Super-Reasoner,quantity_decrease_010,0,quantity_decrease:template-02,True,True,True,True
nvidia/Cosmos3-Super-Reasoner,quantity_decrease_010,1,quantity_decrease:template-02,True,True,True,True
nvidia/Cosmos3-Super-Reasoner,quantity_decrease_010,2,quantity_decrease:template-02,True,True,True,True
nvidia/Cosmos3-Super-Reasoner,quantity_decrease_011,0,quantity_decrease:template-03,True,True,True,True
nvidia/Cosmos3-Super-Reasoner,quantity_decrease_011,1,quantity_decrease:template-03,True,True,True,True
nvidia/Cosmos3-Super-Reasoner,quantity_decrease_011,2,quantity_decrease:template-03,True,True,True,True
nvidia/Cosmos3-Super-Reasoner,quantity_decrease_012,0,quantity_decrease:template-04,True,True,True,True
nvidia/Cosmos3-Super-Reasoner,quantity_decrease_012,1,quantity_decrease:template-04,True,True,True,True
nvidia/Cosmos3-Super-Reasoner,quantity_decrease_012,2,quantity_decrease:template-04,True,True,True,True
nvidia/Cosmos3-Super-Reasoner,quantity_decrease_013,0,quantity_decrease:template-05,True,True,True,True
nvidia/Cosmos3-Super-Reasoner,quantity_decrease_013,1,quantity_decrease:template-05,True,True,True,True
nvidia/Cosmos3-Super-Reasoner,quantity_decrease_013,2,quantity_decrease:template-05,True,True,True,True
nvidia/Cosmos3-Super-Reasoner,quantity_decrease_014,0,quantity_decrease:template-06,True,True,True,True
nvidia/Cosmos3-Super-Reasoner,quantity_decrease_014,1,quantity_decrease:template-06,True,True,True,True
nvidia/Cosmos3-Super-Reasoner,quantity_decrease_014,2,quantity_decrease:template-06,True,True,True,True
nvidia/Cosmos3-Super-Reasoner,quantity_decrease_015,0,quantity_decrease:template-07,True,True,True,True
nvidia/Cosmos3-Super-Reasoner,quantity_decrease_015,1,quantity_decrease:template-07,True,True,True,True
nvidia/Cosmos3-Super-Reasoner,quantity_decrease_015,2,quantity_decrease:template-07,True,True,True,True
nvidia/Cosmos3-Super-Reasoner,quantity_decrease_016,0,quantity_decrease:template-00,True,True,True,True
nvidia/Cosmos3-Super-Reasoner,quantity_decrease_016,1,quantity_decrease:template-00,True,True,True,True
nvidia/Cosmos3-Super-Reasoner,quantity_decrease_016,2,quantity_decrease:template-00,True,True,True,True
nvidia/Cosmos3-Super-Reasoner,quantity_decrease_017,0,quantity_decrease:template-01,True,True,True,True
nvidia/Cosmos3-Super-Reasoner,quantity_decrease_017,1,quantity_decrease:template-01,True,True,True,True
nvidia/Cosmos3-Super-Reasoner,quantity_decrease_017,2,quantity_decrease:template-01,True,True,True,True
nvidia/Cosmos3-Super-Reasoner,quantity_decrease_018,0,quantity_decrease:template-02,True,True,True,True
nvidia/Cosmos3-Super-Reasoner,quantity_decrease_018,1,quantity_decrease:template-02,True,True,True,True
nvidia/Cosmos3-Super-Reasoner,quantity_decrease_018,2,quantity_decrease:template-02,True,True,True,True
nvidia/Cosmos3-Super-Reasoner,quantity_decrease_019,0,quantity_decrease:template-03,True,True,True,True
nvidia/Cosmos3-Super-Reasoner,quantity_decrease_019,1,quantity_decrease:template-03,True,True,True,True
nvidia/Cosmos3-Super-Reasoner,quantity_decrease_019,2,quantity_decrease:template-03,True,True,True,True
nvidia/Cosmos3-Super-Reasoner,quantity_decrease_020,0,quantity_decrease:template-04,True,True,True,True
nvidia/Cosmos3-Super-Reasoner,quantity_decrease_020,1,quantity_decrease:template-04,True,True,True,True
nvidia/Cosmos3-Super-Reasoner,quantity_decrease_020,2,quantity_decrease:template-04,True,True,True,True
nvidia/Cosmos3-Super-Reasoner,quantity_decrease_021,0,quantity_decrease:template-05,True,True,True,True
nvidia/Cosmos3-Super-Reasoner,quantity_decrease_021,1,quantity_decrease:template-05,True,True,True,True
nvidia/Cosmos3-Super-Reasoner,quantity_decrease_021,2,quantity_decrease:template-05,True,True,True,True
nvidia/Cosmos3-Super-Reasoner,quantity_decrease_022,0,quantity_decrease:template-06,True,True,True,True
nvidia/Cosmos3-Super-Reasoner,quantity_decrease_022,1,quantity_decrease:template-06,True,True,True,True
nvidia/Cosmos3-Super-Reasoner,quantity_decrease_022,2,quantity_decrease:template-06,True,True,True,True
nvidia/Cosmos3-Super-Reasoner,quantity_decrease_023,0,quantity_decrease:template-07,True,True,True,True
nvidia/Cosmos3-Super-Reasoner,quantity_decrease_023,1,quantity_decrease:template-07,True,True,True,True
nvidia/Cosmos3-Super-Reasoner,quantity_decrease_023,2,quantity_decrease:template-07,True,True,True,True
nvidia/Cosmos3-Super-Reasoner,quantity_decrease_024,0,quantity_decrease:template-00,True,True,True,True
nvidia/Cosmos3-Super-Reasoner,quantity_decrease_024,1,quantity_decrease:template-00,True,True,True,True
nvidia/Cosmos3-Super-Reasoner,quantity_decrease_024,2,quantity_decrease:template-00,True,True,True,True
nvidia/Cosmos3-Super-Reasoner,quantity_decrease_025,0,quantity_decrease:template-01,True,True,True,True
nvidia/Cosmos3-Super-Reasoner,quantity_decrease_025,1,quantity_decrease:template-01,True,True,True,True
nvidia/Cosmos3-Super-Reasoner,quantity_decrease_025,2,quantity_decrease:template-01,True,True,True,True
nvidia/Cosmos3-Super-Reasoner,quantity_decrease_026,0,quantity_decrease:template-02,True,True,True,True
nvidia/Cosmos3-Super-Reasoner,quantity_decrease_026,1,quantity_decrease:template-02,True,True,True,True
nvidia/Cosmos3-Super-Reasoner,quantity_decrease_026,2,quantity_decrease:template-02,True,True,True,True
nvidia/Cosmos3-Super-Reasoner,quantity_decrease_027,0,quantity_decrease:template-03,True,True,True,True
nvidia/Cosmos3-Super-Reasoner,quantity_decrease_027,1,quantity_decrease:template-03,True,True,True,True
nvidia/Cosmos3-Super-Reasoner,quantity_decrease_027,2,quantity_decrease:template-03,True,True,True,True
nvidia/Cosmos3-Super-Reasoner,quantity_decrease_028,0,quantity_decrease:template-04,True,True,True,True
nvidia/Cosmos3-Super-Reasoner,quantity_decrease_028,1,quantity_decrease:template-04,True,True,True,True
nvidia/Cosmos3-Super-Reasoner,quantity_decrease_028,2,quantity_decrease:template-04,True,True,True,True
nvidia/Cosmos3-Super-Reasoner,quantity_decrease_029,0,quantity_decrease:template-05,True,True,True,True
nvidia/Cosmos3-Super-Reasoner,quantity_decrease_029,1,quantity_decrease:template-05,True,True,True,True
nvidia/Cosmos3-Super-Reasoner,quantity_decrease_029,2,quantity_decrease:template-05,True,True,True,True
nvidia/Cosmos3-Super-Reasoner,quantity_increase_000,0,quantity_increase:template-00,True,True,True,True
nvidia/Cosmos3-Super-Reasoner,quantity_increase_000,1,quantity_increase:template-00,True,True,True,True
nvidia/Cosmos3-Super-Reasoner,quantity_increase_000,2,quantity_increase:template-00,True,True,True,True
nvidia/Cosmos3-Super-Reasoner,quantity_increase_001,0,quantity_increase:template-01,True,True,True,True
nvidia/Cosmos3-Super-Reasoner,quantity_increase_001,1,quantity_increase:template-01,True,True,True,True
nvidia/Cosmos3-Super-Reasoner,quantity_increase_001,2,quantity_increase:template-01,True,True,True,True
nvidia/Cosmos3-Super-Reasoner,quantity_increase_002,0,quantity_increase:template-02,True,True,True,True
nvidia/Cosmos3-Super-Reasoner,quantity_increase_002,1,quantity_increase:template-02,True,True,True,True
nvidia/Cosmos3-Super-Reasoner,quantity_increase_002,2,quantity_increase:template-02,True,True,True,True
nvidia/Cosmos3-Super-Reasoner,quantity_increase_003,0,quantity_increase:template-03,True,True,True,True
nvidia/Cosmos3-Super-Reasoner,quantity_increase_003,1,quantity_increase:template-03,True,True,True,True
nvidia/Cosmos3-Super-Reasoner,quantity_increase_003,2,quantity_increase:template-03,True,True,True,True
nvidia/Cosmos3-Super-Reasoner,quantity_increase_004,0,quantity_increase:template-04,True,True,True,True
nvidia/Cosmos3-Super-Reasoner,quantity_increase_004,1,quantity_increase:template-04,True,True,True,True
nvidia/Cosmos3-Super-Reasoner,quantity_increase_004,2,quantity_increase:template-04,True,True,True,True
nvidia/Cosmos3-Super-Reasoner,quantity_increase_005,0,quantity_increase:template-05,True,True,True,True
nvidia/Cosmos3-Super-Reasoner,quantity_increase_005,1,quantity_increase:template-05,True,True,True,True
nvidia/Cosmos3-Super-Reasoner,quantity_increase_005,2,quantity_increase:template-05,True,True,True,True
nvidia/Cosmos3-Super-Reasoner,quantity_increase_006,0,quantity_increase:template-06,True,True,True,True
nvidia/Cosmos3-Super-Reasoner,quantity_increase_006,1,quantity_increase:template-06,True,True,True,True
nvidia/Cosmos3-Super-Reasoner,quantity_increase_006,2,quantity_increase:template-06,True,True,True,True
nvidia/Cosmos3-Super-Reasoner,quantity_increase_007,0,quantity_increase:template-07,True,True,True,True
nvidia/Cosmos3-Super-Reasoner,quantity_increase_007,1,quantity_increase:template-07,True,True,True,True
nvidia/Cosmos3-Super-Reasoner,quantity_increase_007,2,quantity_increase:template-07,True,True,True,True
nvidia/Cosmos3-Super-Reasoner,quantity_increase_008,0,quantity_increase:template-00,True,True,True,True
nvidia/Cosmos3-Super-Reasoner,quantity_increase_008,1,quantity_increase:template-00,True,True,True,True
nvidia/Cosmos3-Super-Reasoner,quantity_increase_008,2,quantity_increase:template-00,True,True,True,True
nvidia/Cosmos3-Super-Reasoner,quantity_increase_009,0,quantity_increase:template-01,True,True,True,True
nvidia/Cosmos3-Super-Reasoner,quantity_increase_009,1,quantity_increase:template-01,True,True,True,True
nvidia/Cosmos3-Super-Reasoner,quantity_increase_009,2,quantity_increase:template-01,True,True,True,True
nvidia/Cosmos3-Super-Reasoner,quantity_increase_010,0,quantity_increase:template-02,True,True,True,True
nvidia/Cosmos3-Super-Reasoner,quantity_increase_010,1,quantity_increase:template-02,True,True,True,True
nvidia/Cosmos3-Super-Reasoner,quantity_increase_010,2,quantity_increase:template-02,True,True,True,True
nvidia/Cosmos3-Super-Reasoner,quantity_increase_011,0,quantity_increase:template-03,True,True,True,True
nvidia/Cosmos3-Super-Reasoner,quantity_increase_011,1,quantity_increase:template-03,True,True,True,True
nvidia/Cosmos3-Super-Reasoner,quantity_increase_011,2,quantity_increase:template-03,True,True,True,True
nvidia/Cosmos3-Super-Reasoner,quantity_increase_012,0,quantity_increase:template-04,True,True,True,True
nvidia/Cosmos3-Super-Reasoner,quantity_increase_012,1,quantity_increase:template-04,True,True,True,True
nvidia/Cosmos3-Super-Reasoner,quantity_increase_012,2,quantity_increase:template-04,True,True,True,True
nvidia/Cosmos3-Super-Reasoner,quantity_increase_013,0,quantity_increase:template-05,True,True,True,True
nvidia/Cosmos3-Super-Reasoner,quantity_increase_013,1,quantity_increase:template-05,True,True,True,True
nvidia/Cosmos3-Super-Reasoner,quantity_increase_013,2,quantity_increase:template-05,True,True,True,True
nvidia/Cosmos3-Super-Reasoner,quantity_increase_014,0,quantity_increase:template-06,True,True,True,True
nvidia/Cosmos3-Super-Reasoner,quantity_increase_014,1,quantity_increase:template-06,True,True,True,True
nvidia/Cosmos3-Super-Reasoner,quantity_increase_014,2,quantity_increase:template-06,True,True,True,True
nvidia/Cosmos3-Super-Reasoner,quantity_increase_015,0,quantity_increase:template-07,True,True,True,True
nvidia/Cosmos3-Super-Reasoner,quantity_increase_015,1,quantity_increase:template-07,True,True,True,True
nvidia/Cosmos3-Super-Reasoner,quantity_increase_015,2,quantity_increase:template-07,True,True,True,True
nvidia/Cosmos3-Super-Reasoner,quantity_increase_016,0,quantity_increase:template-00,True,True,True,True
nvidia/Cosmos3-Super-Reasoner,quantity_increase_016,1,quantity_increase:template-00,True,True,True,True
nvidia/Cosmos3-Super-Reasoner,quantity_increase_016,2,quantity_increase:template-00,True,True,True,True
nvidia/Cosmos3-Super-Reasoner,quantity_increase_017,0,quantity_increase:template-01,True,True,True,True
nvidia/Cosmos3-Super-Reasoner,quantity_increase_017,1,quantity_increase:template-01,True,True,True,True
nvidia/Cosmos3-Super-Reasoner,quantity_increase_017,2,quantity_increase:template-01,True,True,True,True
nvidia/Cosmos3-Super-Reasoner,quantity_increase_018,0,quantity_increase:template-02,True,True,True,True
nvidia/Cosmos3-Super-Reasoner,quantity_increase_018,1,quantity_increase:template-02,True,True,True,True
nvidia/Cosmos3-Super-Reasoner,quantity_increase_018,2,quantity_increase:template-02,True,True,True,True
nvidia/Cosmos3-Super-Reasoner,quantity_increase_019,0,quantity_increase:template-03,True,True,True,True
nvidia/Cosmos3-Super-Reasoner,quantity_increase_019,1,quantity_increase:template-03,True,True,True,True
nvidia/Cosmos3-Super-Reasoner,quantity_increase_019,2,quantity_increase:template-03,True,True,True,True
nvidia/Cosmos3-Super-Reasoner,quantity_increase_020,0,quantity_increase:template-04,True,True,True,True
nvidia/Cosmos3-Super-Reasoner,quantity_increase_020,1,quantity_increase:template-04,True,True,True,True
nvidia/Cosmos3-Super-Reasoner,quantity_increase_020,2,quantity_increase:template-04,True,True,True,True
nvidia/Cosmos3-Super-Reasoner,quantity_increase_021,0,quantity_increase:template-05,True,True,True,True
nvidia/Cosmos3-Super-Reasoner,quantity_increase_021,1,quantity_increase:template-05,True,True,True,True
nvidia/Cosmos3-Super-Reasoner,quantity_increase_021,2,quantity_increase:template-05,True,True,True,True
nvidia/Cosmos3-Super-Reasoner,quantity_increase_022,0,quantity_increase:template-06,True,True,True,True
nvidia/Cosmos3-Super-Reasoner,quantity_increase_022,1,quantity_increase:template-06,True,True,True,True
nvidia/Cosmos3-Super-Reasoner,quantity_increase_022,2,quantity_increase:template-06,True,True,True,True
nvidia/Cosmos3-Super-Reasoner,quantity_increase_023,0,quantity_increase:template-07,True,True,True,True
nvidia/Cosmos3-Super-Reasoner,quantity_increase_023,1,quantity_increase:template-07,True,True,True,True
nvidia/Cosmos3-Super-Reasoner,quantity_increase_023,2,quantity_increase:template-07,True,True,True,True
nvidia/Cosmos3-Super-Reasoner,quantity_increase_024,0,quantity_increase:template-00,True,True,True,True
nvidia/Cosmos3-Super-Reasoner,quantity_increase_024,1,quantity_increase:template-00,True,True,True,True
nvidia/Cosmos3-Super-Reasoner,quantity_increase_024,2,quantity_increase:template-00,True,True,True,True
nvidia/Cosmos3-Super-Reasoner,quantity_increase_025,0,quantity_increase:template-01,True,True,True,True
nvidia/Cosmos3-Super-Reasoner,quantity_increase_025,1,quantity_increase:template-01,True,True,True,True
nvidia/Cosmos3-Super-Reasoner,quantity_increase_025,2,quantity_increase:template-01,True,True,True,True
nvidia/Cosmos3-Super-Reasoner,quantity_increase_026,0,quantity_increase:template-02,True,True,True,True
nvidia/Cosmos3-Super-Reasoner,quantity_increase_026,1,quantity_increase:template-02,True,True,True,True
nvidia/Cosmos3-Super-Reasoner,quantity_increase_026,2,quantity_increase:template-02,True,True,True,True
nvidia/Cosmos3-Super-Reasoner,quantity_increase_027,0,quantity_increase:template-03,True,True,True,True
nvidia/Cosmos3-Super-Reasoner,quantity_increase_027,1,quantity_increase:template-03,True,True,True,True
nvidia/Cosmos3-Super-Reasoner,quantity_increase_027,2,quantity_increase:template-03,True,True,True,True
nvidia/Cosmos3-Super-Reasoner,quantity_increase_028,0,quantity_increase:template-04,True,True,True,True
nvidia/Cosmos3-Super-Reasoner,quantity_increase_028,1,quantity_increase:template-04,True,True,True,True
nvidia/Cosmos3-Super-Reasoner,quantity_increase_028,2,quantity_increase:template-04,True,True,True,True
nvidia/Cosmos3-Super-Reasoner,quantity_increase_029,0,quantity_increase:template-05,True,True,True,True
nvidia/Cosmos3-Super-Reasoner,quantity_increase_029,1,quantity_increase:template-05,True,True,True,True
nvidia/Cosmos3-Super-Reasoner,quantity_increase_029,2,quantity_increase:template-05,True,True,True,True
nvidia/Cosmos3-Super-Reasoner,remove_scoped_duplicate_000,0,remove_scoped_duplicate:template-00,True,True,True,True
nvidia/Cosmos3-Super-Reasoner,remove_scoped_duplicate_000,1,remove_scoped_duplicate:template-00,True,True,True,True
nvidia/Cosmos3-Super-Reasoner,remove_scoped_duplicate_000,2,remove_scoped_duplicate:template-00,True,True,True,True
nvidia/Cosmos3-Super-Reasoner,remove_scoped_duplicate_001,0,remove_scoped_duplicate:template-01,True,True,True,True
nvidia/Cosmos3-Super-Reasoner,remove_scoped_duplicate_001,1,remove_scoped_duplicate:template-01,True,True,True,True
nvidia/Cosmos3-Super-Reasoner,remove_scoped_duplicate_001,2,remove_scoped_duplicate:template-01,True,True,True,True
nvidia/Cosmos3-Super-Reasoner,remove_scoped_duplicate_002,0,remove_scoped_duplicate:template-02,True,True,True,True
nvidia/Cosmos3-Super-Reasoner,remove_scoped_duplicate_002,1,remove_scoped_duplicate:template-02,True,True,True,True
nvidia/Cosmos3-Super-Reasoner,remove_scoped_duplicate_002,2,remove_scoped_duplicate:template-02,True,True,True,True
nvidia/Cosmos3-Super-Reasoner,remove_scoped_duplicate_003,0,remove_scoped_duplicate:template-03,True,True,True,True
nvidia/Cosmos3-Super-Reasoner,remove_scoped_duplicate_003,1,remove_scoped_duplicate:template-03,True,True,True,True
nvidia/Cosmos3-Super-Reasoner,remove_scoped_duplicate_003,2,remove_scoped_duplicate:template-03,True,True,True,True
nvidia/Cosmos3-Super-Reasoner,remove_scoped_duplicate_004,0,remove_scoped_duplicate:template-04,True,True,True,True
nvidia/Cosmos3-Super-Reasoner,remove_scoped_duplicate_004,1,remove_scoped_duplicate:template-04,True,True,True,True
nvidia/Cosmos3-Super-Reasoner,remove_scoped_duplicate_004,2,remove_scoped_duplicate:template-04,True,True,True,True
nvidia/Cosmos3-Super-Reasoner,remove_scoped_duplicate_005,0,remove_scoped_duplicate:template-05,True,True,True,True
nvidia/Cosmos3-Super-Reasoner,remove_scoped_duplicate_005,1,remove_scoped_duplicate:template-05,True,True,True,True
nvidia/Cosmos3-Super-Reasoner,remove_scoped_duplicate_005,2,remove_scoped_duplicate:template-05,True,True,True,True
nvidia/Cosmos3-Super-Reasoner,remove_scoped_duplicate_006,0,remove_scoped_duplicate:template-06,True,True,True,True
nvidia/Cosmos3-Super-Reasoner,remove_scoped_duplicate_006,1,remove_scoped_duplicate:template-06,True,True,True,True
nvidia/Cosmos3-Super-Reasoner,remove_scoped_duplicate_006,2,remove_scoped_duplicate:template-06,True,True,True,True
nvidia/Cosmos3-Super-Reasoner,remove_scoped_duplicate_007,0,remove_scoped_duplicate:template-07,True,True,True,True
nvidia/Cosmos3-Super-Reasoner,remove_scoped_duplicate_007,1,remove_scoped_duplicate:template-07,True,True,True,True
nvidia/Cosmos3-Super-Reasoner,remove_scoped_duplicate_007,2,remove_scoped_duplicate:template-07,True,True,True,True
nvidia/Cosmos3-Super-Reasoner,remove_scoped_duplicate_008,0,remove_scoped_duplicate:template-00,True,True,True,True
nvidia/Cosmos3-Super-Reasoner,remove_scoped_duplicate_008,1,remove_scoped_duplicate:template-00,True,True,True,True
nvidia/Cosmos3-Super-Reasoner,remove_scoped_duplicate_008,2,remove_scoped_duplicate:template-00,True,True,True,True
nvidia/Cosmos3-Super-Reasoner,remove_scoped_duplicate_009,0,remove_scoped_duplicate:template-01,True,True,True,True
nvidia/Cosmos3-Super-Reasoner,remove_scoped_duplicate_009,1,remove_scoped_duplicate:template-01,True,True,True,True
nvidia/Cosmos3-Super-Reasoner,remove_scoped_duplicate_009,2,remove_scoped_duplicate:template-01,True,True,True,True
nvidia/Cosmos3-Super-Reasoner,remove_scoped_duplicate_010,0,remove_scoped_duplicate:template-02,True,True,True,True
nvidia/Cosmos3-Super-Reasoner,remove_scoped_duplicate_010,1,remove_scoped_duplicate:template-02,True,True,True,True
nvidia/Cosmos3-Super-Reasoner,remove_scoped_duplicate_010,2,remove_scoped_duplicate:template-02,True,True,True,True
nvidia/Cosmos3-Super-Reasoner,remove_scoped_duplicate_011,0,remove_scoped_duplicate:template-03,True,True,True,True
nvidia/Cosmos3-Super-Reasoner,remove_scoped_duplicate_011,1,remove_scoped_duplicate:template-03,True,True,True,True
nvidia/Cosmos3-Super-Reasoner,remove_scoped_duplicate_011,2,remove_scoped_duplicate:template-03,True,True,True,True
nvidia/Cosmos3-Super-Reasoner,remove_scoped_duplicate_012,0,remove_scoped_duplicate:template-04,True,True,True,True
nvidia/Cosmos3-Super-Reasoner,remove_scoped_duplicate_012,1,remove_scoped_duplicate:template-04,True,True,True,True
nvidia/Cosmos3-Super-Reasoner,remove_scoped_duplicate_012,2,remove_scoped_duplicate:template-04,True,True,True,True
nvidia/Cosmos3-Super-Reasoner,remove_scoped_duplicate_013,0,remove_scoped_duplicate:template-05,True,True,True,True
nvidia/Cosmos3-Super-Reasoner,remove_scoped_duplicate_013,1,remove_scoped_duplicate:template-05,True,True,True,True
nvidia/Cosmos3-Super-Reasoner,remove_scoped_duplicate_013,2,remove_scoped_duplicate:template-05,True,True,True,True
nvidia/Cosmos3-Super-Reasoner,remove_scoped_duplicate_014,0,remove_scoped_duplicate:template-06,True,True,True,True
nvidia/Cosmos3-Super-Reasoner,remove_scoped_duplicate_014,1,remove_scoped_duplicate:template-06,True,True,True,True
nvidia/Cosmos3-Super-Reasoner,remove_scoped_duplicate_014,2,remove_scoped_duplicate:template-06,True,True,True,True
nvidia/Cosmos3-Super-Reasoner,remove_scoped_duplicate_015,0,remove_scoped_duplicate:template-07,True,True,True,True
nvidia/Cosmos3-Super-Reasoner,remove_scoped_duplicate_015,1,remove_scoped_duplicate:template-07,True,True,True,True
nvidia/Cosmos3-Super-Reasoner,remove_scoped_duplicate_015,2,remove_scoped_duplicate:template-07,True,True,True,True
nvidia/Cosmos3-Super-Reasoner,remove_scoped_duplicate_016,0,remove_scoped_duplicate:template-00,True,True,True,True
nvidia/Cosmos3-Super-Reasoner,remove_scoped_duplicate_016,1,remove_scoped_duplicate:template-00,True,True,True,True
nvidia/Cosmos3-Super-Reasoner,remove_scoped_duplicate_016,2,remove_scoped_duplicate:template-00,True,True,True,True
nvidia/Cosmos3-Super-Reasoner,remove_scoped_duplicate_017,0,remove_scoped_duplicate:template-01,True,True,True,True
nvidia/Cosmos3-Super-Reasoner,remove_scoped_duplicate_017,1,remove_scoped_duplicate:template-01,True,True,True,True
nvidia/Cosmos3-Super-Reasoner,remove_scoped_duplicate_017,2,remove_scoped_duplicate:template-01,True,True,True,True
nvidia/Cosmos3-Super-Reasoner,remove_scoped_duplicate_018,0,remove_scoped_duplicate:template-02,True,True,True,True
nvidia/Cosmos3-Super-Reasoner,remove_scoped_duplicate_018,1,remove_scoped_duplicate:template-02,True,True,True,True
nvidia/Cosmos3-Super-Reasoner,remove_scoped_duplicate_018,2,remove_scoped_duplicate:template-02,True,True,True,True
nvidia/Cosmos3-Super-Reasoner,remove_scoped_duplicate_019,0,remove_scoped_duplicate:template-03,True,True,True,True
nvidia/Cosmos3-Super-Reasoner,remove_scoped_duplicate_019,1,remove_scoped_duplicate:template-03,True,True,True,True
nvidia/Cosmos3-Super-Reasoner,remove_scoped_duplicate_019,2,remove_scoped_duplicate:template-03,True,True,True,True
nvidia/Cosmos3-Super-Reasoner,remove_scoped_duplicate_020,0,remove_scoped_duplicate:template-04,True,True,True,True
nvidia/Cosmos3-Super-Reasoner,remove_scoped_duplicate_020,1,remove_scoped_duplicate:template-04,True,True,True,True
nvidia/Cosmos3-Super-Reasoner,remove_scoped_duplicate_020,2,remove_scoped_duplicate:template-04,True,True,True,True
nvidia/Cosmos3-Super-Reasoner,remove_scoped_duplicate_021,0,remove_scoped_duplicate:template-05,True,True,True,True
nvidia/Cosmos3-Super-Reasoner,remove_scoped_duplicate_021,1,remove_scoped_duplicate:template-05,True,True,True,True
nvidia/Cosmos3-Super-Reasoner,remove_scoped_duplicate_021,2,remove_scoped_duplicate:template-05,True,True,True,True
nvidia/Cosmos3-Super-Reasoner,remove_scoped_duplicate_022,0,remove_scoped_duplicate:template-06,True,True,True,True
nvidia/Cosmos3-Super-Reasoner,remove_scoped_duplicate_022,1,remove_scoped_duplicate:template-06,True,True,True,True
nvidia/Cosmos3-Super-Reasoner,remove_scoped_duplicate_022,2,remove_scoped_duplicate:template-06,True,True,True,True
nvidia/Cosmos3-Super-Reasoner,remove_scoped_duplicate_023,0,remove_scoped_duplicate:template-07,True,True,True,True
nvidia/Cosmos3-Super-Reasoner,remove_scoped_duplicate_023,1,remove_scoped_duplicate:template-07,True,True,True,True
nvidia/Cosmos3-Super-Reasoner,remove_scoped_duplicate_023,2,remove_scoped_duplicate:template-07,True,True,True,True
nvidia/Cosmos3-Super-Reasoner,remove_scoped_duplicate_024,0,remove_scoped_duplicate:template-00,True,True,True,True
nvidia/Cosmos3-Super-Reasoner,remove_scoped_duplicate_024,1,remove_scoped_duplicate:template-00,True,True,True,True
nvidia/Cosmos3-Super-Reasoner,remove_scoped_duplicate_024,2,remove_scoped_duplicate:template-00,True,True,True,True
nvidia/Cosmos3-Super-Reasoner,remove_scoped_duplicate_025,0,remove_scoped_duplicate:template-01,True,True,True,True
nvidia/Cosmos3-Super-Reasoner,remove_scoped_duplicate_025,1,remove_scoped_duplicate:template-01,True,True,True,True
nvidia/Cosmos3-Super-Reasoner,remove_scoped_duplicate_025,2,remove_scoped_duplicate:template-01,True,True,True,True
nvidia/Cosmos3-Super-Reasoner,remove_scoped_duplicate_026,0,remove_scoped_duplicate:template-02,True,True,True,True
nvidia/Cosmos3-Super-Reasoner,remove_scoped_duplicate_026,1,remove_scoped_duplicate:template-02,True,True,True,True
nvidia/Cosmos3-Super-Reasoner,remove_scoped_duplicate_026,2,remove_scoped_duplicate:template-02,True,True,True,True
nvidia/Cosmos3-Super-Reasoner,remove_scoped_duplicate_027,0,remove_scoped_duplicate:template-03,True,True,True,True
nvidia/Cosmos3-Super-Reasoner,remove_scoped_duplicate_027,1,remove_scoped_duplicate:template-03,True,True,True,True
nvidia/Cosmos3-Super-Reasoner,remove_scoped_duplicate_027,2,remove_scoped_duplicate:template-03,True,True,True,True
nvidia/Cosmos3-Super-Reasoner,remove_scoped_duplicate_028,0,remove_scoped_duplicate:template-04,True,True,True,True
nvidia/Cosmos3-Super-Reasoner,remove_scoped_duplicate_028,1,remove_scoped_duplicate:template-04,True,True,True,True
nvidia/Cosmos3-Super-Reasoner,remove_scoped_duplicate_028,2,remove_scoped_duplicate:template-04,True,True,True,True
nvidia/Cosmos3-Super-Reasoner,remove_scoped_duplicate_029,0,remove_scoped_duplicate:template-05,True,True,True,True
nvidia/Cosmos3-Super-Reasoner,remove_scoped_duplicate_029,1,remove_scoped_duplicate:template-05,True,True,True,True
nvidia/Cosmos3-Super-Reasoner,remove_scoped_duplicate_029,2,remove_scoped_duplicate:template-05,True,True,True,True
nvidia/Cosmos3-Super-Reasoner,replace_item_000,0,replace_item:template-00,True,True,True,True
nvidia/Cosmos3-Super-Reasoner,replace_item_000,1,replace_item:template-00,True,True,True,True
nvidia/Cosmos3-Super-Reasoner,replace_item_000,2,replace_item:template-00,True,True,True,True
nvidia/Cosmos3-Super-Reasoner,replace_item_001,0,replace_item:template-01,True,True,True,True
nvidia/Cosmos3-Super-Reasoner,replace_item_001,1,replace_item:template-01,True,True,True,True
nvidia/Cosmos3-Super-Reasoner,replace_item_001,2,replace_item:template-01,True,True,True,True
nvidia/Cosmos3-Super-Reasoner,replace_item_002,0,replace_item:template-02,True,True,True,True
nvidia/Cosmos3-Super-Reasoner,replace_item_002,1,replace_item:template-02,True,True,True,True
nvidia/Cosmos3-Super-Reasoner,replace_item_002,2,replace_item:template-02,True,True,True,True
nvidia/Cosmos3-Super-Reasoner,replace_item_003,0,replace_item:template-03,True,True,True,True
nvidia/Cosmos3-Super-Reasoner,replace_item_003,1,replace_item:template-03,True,True,True,True
nvidia/Cosmos3-Super-Reasoner,replace_item_003,2,replace_item:template-03,True,True,True,True
nvidia/Cosmos3-Super-Reasoner,replace_item_004,0,replace_item:template-04,True,True,True,True
nvidia/Cosmos3-Super-Reasoner,replace_item_004,1,replace_item:template-04,True,True,True,True
nvidia/Cosmos3-Super-Reasoner,replace_item_004,2,replace_item:template-04,True,True,True,True
nvidia/Cosmos3-Super-Reasoner,replace_item_005,0,replace_item:template-05,True,True,True,True
nvidia/Cosmos3-Super-Reasoner,replace_item_005,1,replace_item:template-05,True,True,True,True
nvidia/Cosmos3-Super-Reasoner,replace_item_005,2,replace_item:template-05,True,True,True,True
nvidia/Cosmos3-Super-Reasoner,replace_item_006,0,replace_item:template-06,True,True,True,True
nvidia/Cosmos3-Super-Reasoner,replace_item_006,1,replace_item:template-06,True,True,True,True
nvidia/Cosmos3-Super-Reasoner,replace_item_006,2,replace_item:template-06,True,True,True,True
nvidia/Cosmos3-Super-Reasoner,replace_item_007,0,replace_item:template-07,True,True,True,True
nvidia/Cosmos3-Super-Reasoner,replace_item_007,1,replace_item:template-07,True,True,True,True
nvidia/Cosmos3-Super-Reasoner,replace_item_007,2,replace_item:template-07,True,True,True,True
nvidia/Cosmos3-Super-Reasoner,replace_item_008,0,replace_item:template-00,True,True,True,True
nvidia/Cosmos3-Super-Reasoner,replace_item_008,1,replace_item:template-00,True,True,True,True
nvidia/Cosmos3-Super-Reasoner,replace_item_008,2,replace_item:template-00,True,True,True,True
nvidia/Cosmos3-Super-Reasoner,replace_item_009,0,replace_item:template-01,True,True,True,True
nvidia/Cosmos3-Super-Reasoner,replace_item_009,1,replace_item:template-01,True,True,True,True
nvidia/Cosmos3-Super-Reasoner,replace_item_009,2,replace_item:template-01,True,True,True,True
nvidia/Cosmos3-Super-Reasoner,replace_item_010,0,replace_item:template-02,True,True,True,True
nvidia/Cosmos3-Super-Reasoner,replace_item_010,1,replace_item:template-02,True,True,True,True
nvidia/Cosmos3-Super-Reasoner,replace_item_010,2,replace_item:template-02,True,True,True,True
nvidia/Cosmos3-Super-Reasoner,replace_item_011,0,replace_item:template-03,True,True,True,True
nvidia/Cosmos3-Super-Reasoner,replace_item_011,1,replace_item:template-03,True,True,True,True
nvidia/Cosmos3-Super-Reasoner,replace_item_011,2,replace_item:template-03,True,True,True,True
nvidia/Cosmos3-Super-Reasoner,replace_item_012,0,replace_item:template-04,True,True,True,True
nvidia/Cosmos3-Super-Reasoner,replace_item_012,1,replace_item:template-04,True,True,True,True
nvidia/Cosmos3-Super-Reasoner,replace_item_012,2,replace_item:template-04,True,True,True,True
nvidia/Cosmos3-Super-Reasoner,replace_item_013,0,replace_item:template-05,True,True,True,True
nvidia/Cosmos3-Super-Reasoner,replace_item_013,1,replace_item:template-05,True,True,True,True
nvidia/Cosmos3-Super-Reasoner,replace_item_013,2,replace_item:template-05,True,True,True,True
nvidia/Cosmos3-Super-Reasoner,replace_item_014,0,replace_item:template-06,True,True,True,True
nvidia/Cosmos3-Super-Reasoner,replace_item_014,1,replace_item:template-06,True,True,True,True
nvidia/Cosmos3-Super-Reasoner,replace_item_014,2,replace_item:template-06,True,True,True,True
nvidia/Cosmos3-Super-Reasoner,replace_item_015,0,replace_item:template-07,True,True,True,True
nvidia/Cosmos3-Super-Reasoner,replace_item_015,1,replace_item:template-07,True,True,True,True
nvidia/Cosmos3-Super-Reasoner,replace_item_015,2,replace_item:template-07,True,True,True,True
nvidia/Cosmos3-Super-Reasoner,replace_item_016,0,replace_item:template-00,True,True,True,True
nvidia/Cosmos3-Super-Reasoner,replace_item_016,1,replace_item:template-00,True,True,True,True
nvidia/Cosmos3-Super-Reasoner,replace_item_016,2,replace_item:template-00,True,True,True,True
nvidia/Cosmos3-Super-Reasoner,replace_item_017,0,replace_item:template-01,True,True,True,True
nvidia/Cosmos3-Super-Reasoner,replace_item_017,1,replace_item:template-01,True,True,True,True
nvidia/Cosmos3-Super-Reasoner,replace_item_017,2,replace_item:template-01,True,True,True,True
nvidia/Cosmos3-Super-Reasoner,replace_item_018,0,replace_item:template-02,True,True,True,True
nvidia/Cosmos3-Super-Reasoner,replace_item_018,1,replace_item:template-02,True,True,True,True
nvidia/Cosmos3-Super-Reasoner,replace_item_018,2,replace_item:template-02,True,True,True,True
nvidia/Cosmos3-Super-Reasoner,replace_item_019,0,replace_item:template-03,True,True,True,True
nvidia/Cosmos3-Super-Reasoner,replace_item_019,1,replace_item:template-03,True,True,True,True
nvidia/Cosmos3-Super-Reasoner,replace_item_019,2,replace_item:template-03,True,True,True,True
nvidia/Cosmos3-Super-Reasoner,replace_item_020,0,replace_item:template-04,True,True,True,True
nvidia/Cosmos3-Super-Reasoner,replace_item_020,1,replace_item:template-04,True,True,True,True
nvidia/Cosmos3-Super-Reasoner,replace_item_020,2,replace_item:template-04,True,True,True,True
nvidia/Cosmos3-Super-Reasoner,replace_item_021,0,replace_item:template-05,True,True,True,True
nvidia/Cosmos3-Super-Reasoner,replace_item_021,1,replace_item:template-05,True,True,True,True
nvidia/Cosmos3-Super-Reasoner,replace_item_021,2,replace_item:template-05,True,True,True,True
nvidia/Cosmos3-Super-Reasoner,replace_item_022,0,replace_item:template-06,True,True,True,True
nvidia/Cosmos3-Super-Reasoner,replace_item_022,1,replace_item:template-06,True,True,True,True
nvidia/Cosmos3-Super-Reasoner,replace_item_022,2,replace_item:template-06,True,True,True,True
nvidia/Cosmos3-Super-Reasoner,replace_item_023,0,replace_item:template-07,True,True,True,True
nvidia/Cosmos3-Super-Reasoner,replace_item_023,1,replace_item:template-07,True,True,True,True
nvidia/Cosmos3-Super-Reasoner,replace_item_023,2,replace_item:template-07,True,True,True,True
nvidia/Cosmos3-Super-Reasoner,replace_item_024,0,replace_item:template-00,True,True,True,True
nvidia/Cosmos3-Super-Reasoner,replace_item_024,1,replace_item:template-00,True,True,True,True
nvidia/Cosmos3-Super-Reasoner,replace_item_024,2,replace_item:template-00,True,True,True,True
nvidia/Cosmos3-Super-Reasoner,replace_item_025,0,replace_item:template-01,True,True,True,True
nvidia/Cosmos3-Super-Reasoner,replace_item_025,1,replace_item:template-01,True,True,True,True
nvidia/Cosmos3-Super-Reasoner,replace_item_025,2,replace_item:template-01,True,True,True,True
nvidia/Cosmos3-Super-Reasoner,replace_item_026,0,replace_item:template-02,True,True,True,True
nvidia/Cosmos3-Super-Reasoner,replace_item_026,1,replace_item:template-02,True,True,True,True
nvidia/Cosmos3-Super-Reasoner,replace_item_026,2,replace_item:template-02,True,True,True,True
nvidia/Cosmos3-Super-Reasoner,replace_item_027,0,replace_item:template-03,True,True,True,True
nvidia/Cosmos3-Super-Reasoner,replace_item_027,1,replace_item:template-03,True,True,True,True
nvidia/Cosmos3-Super-Reasoner,replace_item_027,2,replace_item:template-03,True,True,True,True
nvidia/Cosmos3-Super-Reasoner,replace_item_028,0,replace_item:template-04,True,True,True,True
nvidia/Cosmos3-Super-Reasoner,replace_item_028,1,replace_item:template-04,True,True,True,True
nvidia/Cosmos3-Super-Reasoner,replace_item_028,2,replace_item:template-04,True,True,True,True
nvidia/Cosmos3-Super-Reasoner,replace_item_029,0,replace_item:template-05,True,True,True,True
nvidia/Cosmos3-Super-Reasoner,replace_item_029,1,replace_item:template-05,True,True,True,True
nvidia/Cosmos3-Super-Reasoner,replace_item_029,2,replace_item:template-05,True,True,True,True
nvidia/Cosmos3-Super-Reasoner,size_change_scoped_000,0,size_change_scoped:template-00,True,True,True,True
nvidia/Cosmos3-Super-Reasoner,size_change_scoped_000,1,size_change_scoped:template-00,True,True,True,True
nvidia/Cosmos3-Super-Reasoner,size_change_scoped_000,2,size_change_scoped:template-00,True,True,True,True
nvidia/Cosmos3-Super-Reasoner,size_change_scoped_001,0,size_change_scoped:template-01,True,True,True,True
nvidia/Cosmos3-Super-Reasoner,size_change_scoped_001,1,size_change_scoped:template-01,True,True,True,True
nvidia/Cosmos3-Super-Reasoner,size_change_scoped_001,2,size_change_scoped:template-01,True,True,True,True
nvidia/Cosmos3-Super-Reasoner,size_change_scoped_002,0,size_change_scoped:template-02,True,True,True,True
nvidia/Cosmos3-Super-Reasoner,size_change_scoped_002,1,size_change_scoped:template-02,True,True,True,True
nvidia/Cosmos3-Super-Reasoner,size_change_scoped_002,2,size_change_scoped:template-02,True,True,True,True
nvidia/Cosmos3-Super-Reasoner,size_change_scoped_003,0,size_change_scoped:template-03,True,True,True,True
nvidia/Cosmos3-Super-Reasoner,size_change_scoped_003,1,size_change_scoped:template-03,True,True,True,True
nvidia/Cosmos3-Super-Reasoner,size_change_scoped_003,2,size_change_scoped:template-03,True,True,True,True
nvidia/Cosmos3-Super-Reasoner,size_change_scoped_004,0,size_change_scoped:template-04,True,True,True,True
nvidia/Cosmos3-Super-Reasoner,size_change_scoped_004,1,size_change_scoped:template-04,True,True,True,True
nvidia/Cosmos3-Super-Reasoner,size_change_scoped_004,2,size_change_scoped:template-04,True,True,True,True
nvidia/Cosmos3-Super-Reasoner,size_change_scoped_005,0,size_change_scoped:template-05,True,True,True,True
nvidia/Cosmos3-Super-Reasoner,size_change_scoped_005,1,size_change_scoped:template-05,True,True,True,True
nvidia/Cosmos3-Super-Reasoner,size_change_scoped_005,2,size_change_scoped:template-05,True,True,True,True
nvidia/Cosmos3-Super-Reasoner,size_change_scoped_006,0,size_change_scoped:template-06,True,True,True,True
nvidia/Cosmos3-Super-Reasoner,size_change_scoped_006,1,size_change_scoped:template-06,True,True,True,True
nvidia/Cosmos3-Super-Reasoner,size_change_scoped_006,2,size_change_scoped:template-06,True,True,True,True
nvidia/Cosmos3-Super-Reasoner,size_change_scoped_007,0,size_change_scoped:template-07,True,True,True,True
nvidia/Cosmos3-Super-Reasoner,size_change_scoped_007,1,size_change_scoped:template-07,True,True,True,True
nvidia/Cosmos3-Super-Reasoner,size_change_scoped_007,2,size_change_scoped:template-07,True,True,True,True
nvidia/Cosmos3-Super-Reasoner,size_change_scoped_008,0,size_change_scoped:template-00,True,True,True,True
nvidia/Cosmos3-Super-Reasoner,size_change_scoped_008,1,size_change_scoped:template-00,True,True,True,True
nvidia/Cosmos3-Super-Reasoner,size_change_scoped_008,2,size_change_scoped:template-00,True,True,True,True
nvidia/Cosmos3-Super-Reasoner,size_change_scoped_009,0,size_change_scoped:template-01,True,True,True,True
nvidia/Cosmos3-Super-Reasoner,size_change_scoped_009,1,size_change_scoped:template-01,True,True,True,True
nvidia/Cosmos3-Super-Reasoner,size_change_scoped_009,2,size_change_scoped:template-01,True,True,True,True
nvidia/Cosmos3-Super-Reasoner,size_change_scoped_010,0,size_change_scoped:template-02,True,True,True,True
nvidia/Cosmos3-Super-Reasoner,size_change_scoped_010,1,size_change_scoped:template-02,True,True,True,True
nvidia/Cosmos3-Super-Reasoner,size_change_scoped_010,2,size_change_scoped:template-02,True,True,True,True
nvidia/Cosmos3-Super-Reasoner,size_change_scoped_011,0,size_change_scoped:template-03,True,True,True,True
nvidia/Cosmos3-Super-Reasoner,size_change_scoped_011,1,size_change_scoped:template-03,True,True,True,True
nvidia/Cosmos3-Super-Reasoner,size_change_scoped_011,2,size_change_scoped:template-03,True,True,True,True
nvidia/Cosmos3-Super-Reasoner,size_change_scoped_012,0,size_change_scoped:template-04,True,True,True,True
nvidia/Cosmos3-Super-Reasoner,size_change_scoped_012,1,size_change_scoped:template-04,True,True,True,True
nvidia/Cosmos3-Super-Reasoner,size_change_scoped_012,2,size_change_scoped:template-04,True,True,True,True
nvidia/Cosmos3-Super-Reasoner,size_change_scoped_013,0,size_change_scoped:template-05,True,True,True,True
nvidia/Cosmos3-Super-Reasoner,size_change_scoped_013,1,size_change_scoped:template-05,True,True,True,True
nvidia/Cosmos3-Super-Reasoner,size_change_scoped_013,2,size_change_scoped:template-05,True,True,True,True
nvidia/Cosmos3-Super-Reasoner,size_change_scoped_014,0,size_change_scoped:template-06,True,True,True,True
nvidia/Cosmos3-Super-Reasoner,size_change_scoped_014,1,size_change_scoped:template-06,True,True,True,True
nvidia/Cosmos3-Super-Reasoner,size_change_scoped_014,2,size_change_scoped:template-06,True,True,True,True
nvidia/Cosmos3-Super-Reasoner,size_change_scoped_015,0,size_change_scoped:template-07,True,True,True,True
nvidia/Cosmos3-Super-Reasoner,size_change_scoped_015,1,size_change_scoped:template-07,True,True,True,True
nvidia/Cosmos3-Super-Reasoner,size_change_scoped_015,2,size_change_scoped:template-07,True,True,True,True
nvidia/Cosmos3-Super-Reasoner,size_change_scoped_016,0,size_change_scoped:template-00,True,True,True,True
nvidia/Cosmos3-Super-Reasoner,size_change_scoped_016,1,size_change_scoped:template-00,True,True,True,True
nvidia/Cosmos3-Super-Reasoner,size_change_scoped_016,2,size_change_scoped:template-00,True,True,True,True
nvidia/Cosmos3-Super-Reasoner,size_change_scoped_017,0,size_change_scoped:template-01,True,True,True,True
nvidia/Cosmos3-Super-Reasoner,size_change_scoped_017,1,size_change_scoped:template-01,True,True,True,True
nvidia/Cosmos3-Super-Reasoner,size_change_scoped_017,2,size_change_scoped:template-01,True,True,True,True
nvidia/Cosmos3-Super-Reasoner,size_change_scoped_018,0,size_change_scoped:template-02,True,True,True,True
nvidia/Cosmos3-Super-Reasoner,size_change_scoped_018,1,size_change_scoped:template-02,True,True,True,True
nvidia/Cosmos3-Super-Reasoner,size_change_scoped_018,2,size_change_scoped:template-02,True,True,True,True
nvidia/Cosmos3-Super-Reasoner,size_change_scoped_019,0,size_change_scoped:template-03,True,True,True,True
nvidia/Cosmos3-Super-Reasoner,size_change_scoped_019,1,size_change_scoped:template-03,True,True,True,True
nvidia/Cosmos3-Super-Reasoner,size_change_scoped_019,2,size_change_scoped:template-03,True,True,True,True
nvidia/Cosmos3-Super-Reasoner,size_change_scoped_020,0,size_change_scoped:template-04,True,True,True,True
nvidia/Cosmos3-Super-Reasoner,size_change_scoped_020,1,size_change_scoped:template-04,True,True,True,True
nvidia/Cosmos3-Super-Reasoner,size_change_scoped_020,2,size_change_scoped:template-04,True,True,True,True
nvidia/Cosmos3-Super-Reasoner,size_change_scoped_021,0,size_change_scoped:template-05,True,True,True,True
nvidia/Cosmos3-Super-Reasoner,size_change_scoped_021,1,size_change_scoped:template-05,True,True,True,True
nvidia/Cosmos3-Super-Reasoner,size_change_scoped_021,2,size_change_scoped:template-05,True,True,True,True
nvidia/Cosmos3-Super-Reasoner,size_change_scoped_022,0,size_change_scoped:template-06,True,True,True,True
nvidia/Cosmos3-Super-Reasoner,size_change_scoped_022,1,size_change_scoped:template-06,True,True,True,True
nvidia/Cosmos3-Super-Reasoner,size_change_scoped_022,2,size_change_scoped:template-06,True,True,True,True
nvidia/Cosmos3-Super-Reasoner,size_change_scoped_023,0,size_change_scoped:template-07,True,True,True,True
nvidia/Cosmos3-Super-Reasoner,size_change_scoped_023,1,size_change_scoped:template-07,True,True,True,True
nvidia/Cosmos3-Super-Reasoner,size_change_scoped_023,2,size_change_scoped:template-07,True,True,True,True
nvidia/Cosmos3-Super-Reasoner,size_change_scoped_024,0,size_change_scoped:template-00,True,True,True,True
nvidia/Cosmos3-Super-Reasoner,size_change_scoped_024,1,size_change_scoped:template-00,True,True,True,True
nvidia/Cosmos3-Super-Reasoner,size_change_scoped_024,2,size_change_scoped:template-00,True,True,True,True
nvidia/Cosmos3-Super-Reasoner,size_change_scoped_025,0,size_change_scoped:template-01,True,True,True,True
nvidia/Cosmos3-Super-Reasoner,size_change_scoped_025,1,size_change_scoped:template-01,True,True,True,True
nvidia/Cosmos3-Super-Reasoner,size_change_scoped_025,2,size_change_scoped:template-01,True,True,True,True
nvidia/Cosmos3-Super-Reasoner,size_change_scoped_026,0,size_change_scoped:template-02,True,True,True,True
nvidia/Cosmos3-Super-Reasoner,size_change_scoped_026,1,size_change_scoped:template-02,True,True,True,True
nvidia/Cosmos3-Super-Reasoner,size_change_scoped_026,2,size_change_scoped:template-02,True,True,True,True
nvidia/Cosmos3-Super-Reasoner,size_change_scoped_027,0,size_change_scoped:template-03,True,True,True,True
nvidia/Cosmos3-Super-Reasoner,size_change_scoped_027,1,size_change_scoped:template-03,True,True,True,True
nvidia/Cosmos3-Super-Reasoner,size_change_scoped_027,2,size_change_scoped:template-03,True,True,True,True
nvidia/Cosmos3-Super-Reasoner,size_change_scoped_028,0,size_change_scoped:template-04,True,True,True,True
nvidia/Cosmos3-Super-Reasoner,size_change_scoped_028,1,size_change_scoped:template-04,True,True,True,True
nvidia/Cosmos3-Super-Reasoner,size_change_scoped_028,2,size_change_scoped:template-04,True,True,True,True
nvidia/Cosmos3-Super-Reasoner,size_change_scoped_029,0,size_change_scoped:template-05,True,True,True,True
nvidia/Cosmos3-Super-Reasoner,size_change_scoped_029,1,size_change_scoped:template-05,True,True,True,True
nvidia/Cosmos3-Super-Reasoner,size_change_scoped_029,2,size_change_scoped:template-05,True,True,True,True
nvidia/Cosmos3-Super-Reasoner,stale_reference_000,0,stale_reference:template-00,True,True,True,True
nvidia/Cosmos3-Super-Reasoner,stale_reference_000,1,stale_reference:template-00,True,True,True,True
nvidia/Cosmos3-Super-Reasoner,stale_reference_000,2,stale_reference:template-00,True,True,True,True
nvidia/Cosmos3-Super-Reasoner,stale_reference_001,0,stale_reference:template-01,True,True,True,True
nvidia/Cosmos3-Super-Reasoner,stale_reference_001,1,stale_reference:template-01,True,True,True,True
nvidia/Cosmos3-Super-Reasoner,stale_reference_001,2,stale_reference:template-01,True,True,True,True
nvidia/Cosmos3-Super-Reasoner,stale_reference_002,0,stale_reference:template-02,True,True,True,True
nvidia/Cosmos3-Super-Reasoner,stale_reference_002,1,stale_reference:template-02,True,True,True,True
nvidia/Cosmos3-Super-Reasoner,stale_reference_002,2,stale_reference:template-02,True,True,True,True
nvidia/Cosmos3-Super-Reasoner,stale_reference_003,0,stale_reference:template-03,True,True,True,True
nvidia/Cosmos3-Super-Reasoner,stale_reference_003,1,stale_reference:template-03,True,True,True,True
nvidia/Cosmos3-Super-Reasoner,stale_reference_003,2,stale_reference:template-03,True,True,True,True
nvidia/Cosmos3-Super-Reasoner,stale_reference_004,0,stale_reference:template-04,True,True,True,True
nvidia/Cosmos3-Super-Reasoner,stale_reference_004,1,stale_reference:template-04,True,True,True,True
nvidia/Cosmos3-Super-Reasoner,stale_reference_004,2,stale_reference:template-04,True,True,True,True
nvidia/Cosmos3-Super-Reasoner,stale_reference_005,0,stale_reference:template-05,True,True,True,True
nvidia/Cosmos3-Super-Reasoner,stale_reference_005,1,stale_reference:template-05,True,True,True,True
nvidia/Cosmos3-Super-Reasoner,stale_reference_005,2,stale_reference:template-05,True,True,True,True
nvidia/Cosmos3-Super-Reasoner,stale_reference_006,0,stale_reference:template-06,True,True,True,True
nvidia/Cosmos3-Super-Reasoner,stale_reference_006,1,stale_reference:template-06,True,True,True,True
nvidia/Cosmos3-Super-Reasoner,stale_reference_006,2,stale_reference:template-06,True,True,True,True
nvidia/Cosmos3-Super-Reasoner,stale_reference_007,0,stale_reference:template-07,True,True,True,True
nvidia/Cosmos3-Super-Reasoner,stale_reference_007,1,stale_reference:template-07,True,True,True,True
nvidia/Cosmos3-Super-Reasoner,stale_reference_007,2,stale_reference:template-07,True,True,True,True
nvidia/Cosmos3-Super-Reasoner,stale_reference_008,0,stale_reference:template-00,True,True,True,True
nvidia/Cosmos3-Super-Reasoner,stale_reference_008,1,stale_reference:template-00,True,True,True,True
nvidia/Cosmos3-Super-Reasoner,stale_reference_008,2,stale_reference:template-00,True,True,True,True
nvidia/Cosmos3-Super-Reasoner,stale_reference_009,0,stale_reference:template-01,True,True,True,True
nvidia/Cosmos3-Super-Reasoner,stale_reference_009,1,stale_reference:template-01,True,True,True,True
nvidia/Cosmos3-Super-Reasoner,stale_reference_009,2,stale_reference:template-01,True,True,True,True
nvidia/Cosmos3-Super-Reasoner,stale_reference_010,0,stale_reference:template-02,True,True,True,True
nvidia/Cosmos3-Super-Reasoner,stale_reference_010,1,stale_reference:template-02,True,True,True,True
nvidia/Cosmos3-Super-Reasoner,stale_reference_010,2,stale_reference:template-02,True,True,True,True
nvidia/Cosmos3-Super-Reasoner,stale_reference_011,0,stale_reference:template-03,True,True,True,True
nvidia/Cosmos3-Super-Reasoner,stale_reference_011,1,stale_reference:template-03,True,True,True,True
nvidia/Cosmos3-Super-Reasoner,stale_reference_011,2,stale_reference:template-03,True,True,True,True
nvidia/Cosmos3-Super-Reasoner,stale_reference_012,0,stale_reference:template-04,True,True,True,True
nvidia/Cosmos3-Super-Reasoner,stale_reference_012,1,stale_reference:template-04,True,True,True,True
nvidia/Cosmos3-Super-Reasoner,stale_reference_012,2,stale_reference:template-04,True,True,True,True
nvidia/Cosmos3-Super-Reasoner,stale_reference_013,0,stale_reference:template-05,True,True,True,True
nvidia/Cosmos3-Super-Reasoner,stale_reference_013,1,stale_reference:template-05,True,True,True,True
nvidia/Cosmos3-Super-Reasoner,stale_reference_013,2,stale_reference:template-05,True,True,True,True
nvidia/Cosmos3-Super-Reasoner,stale_reference_014,0,stale_reference:template-06,True,True,True,True
nvidia/Cosmos3-Super-Reasoner,stale_reference_014,1,stale_reference:template-06,True,True,True,True
nvidia/Cosmos3-Super-Reasoner,stale_reference_014,2,stale_reference:template-06,True,True,True,True
nvidia/Cosmos3-Super-Reasoner,stale_reference_015,0,stale_reference:template-07,True,True,True,True
nvidia/Cosmos3-Super-Reasoner,stale_reference_015,1,stale_reference:template-07,True,True,True,True
nvidia/Cosmos3-Super-Reasoner,stale_reference_015,2,stale_reference:template-07,True,True,True,True
nvidia/Cosmos3-Super-Reasoner,stale_reference_016,0,stale_reference:template-00,True,True,True,True
nvidia/Cosmos3-Super-Reasoner,stale_reference_016,1,stale_reference:template-00,True,True,True,True
nvidia/Cosmos3-Super-Reasoner,stale_reference_016,2,stale_reference:template-00,True,True,True,True
nvidia/Cosmos3-Super-Reasoner,stale_reference_017,0,stale_reference:template-01,True,True,True,True
nvidia/Cosmos3-Super-Reasoner,stale_reference_017,1,stale_reference:template-01,True,True,True,True
nvidia/Cosmos3-Super-Reasoner,stale_reference_017,2,stale_reference:template-01,True,True,True,True
nvidia/Cosmos3-Super-Reasoner,stale_reference_018,0,stale_reference:template-02,True,True,True,True
nvidia/Cosmos3-Super-Reasoner,stale_reference_018,1,stale_reference:template-02,True,True,True,True
nvidia/Cosmos3-Super-Reasoner,stale_reference_018,2,stale_reference:template-02,True,True,True,True
nvidia/Cosmos3-Super-Reasoner,stale_reference_019,0,stale_reference:template-03,True,True,True,True
nvidia/Cosmos3-Super-Reasoner,stale_reference_019,1,stale_reference:template-03,True,True,True,True
nvidia/Cosmos3-Super-Reasoner,stale_reference_019,2,stale_reference:template-03,True,True,True,True
nvidia/Cosmos3-Super-Reasoner,stale_reference_020,0,stale_reference:template-04,True,True,True,True
nvidia/Cosmos3-Super-Reasoner,stale_reference_020,1,stale_reference:template-04,True,True,True,True
nvidia/Cosmos3-Super-Reasoner,stale_reference_020,2,stale_reference:template-04,True,True,True,True
nvidia/Cosmos3-Super-Reasoner,stale_reference_021,0,stale_reference:template-05,True,True,True,True
nvidia/Cosmos3-Super-Reasoner,stale_reference_021,1,stale_reference:template-05,True,True,True,True
nvidia/Cosmos3-Super-Reasoner,stale_reference_021,2,stale_reference:template-05,True,True,True,True
nvidia/Cosmos3-Super-Reasoner,stale_reference_022,0,stale_reference:template-06,True,True,True,True
nvidia/Cosmos3-Super-Reasoner,stale_reference_022,1,stale_reference:template-06,True,True,True,True
nvidia/Cosmos3-Super-Reasoner,stale_reference_022,2,stale_reference:template-06,True,True,True,True
nvidia/Cosmos3-Super-Reasoner,stale_reference_023,0,stale_reference:template-07,True,True,True,True
nvidia/Cosmos3-Super-Reasoner,stale_reference_023,1,stale_reference:template-07,True,True,True,True
nvidia/Cosmos3-Super-Reasoner,stale_reference_023,2,stale_reference:template-07,True,True,True,True
nvidia/Cosmos3-Super-Reasoner,stale_reference_024,0,stale_reference:template-00,True,True,True,True
nvidia/Cosmos3-Super-Reasoner,stale_reference_024,1,stale_reference:template-00,True,True,True,True
nvidia/Cosmos3-Super-Reasoner,stale_reference_024,2,stale_reference:template-00,True,True,True,True
nvidia/Cosmos3-Super-Reasoner,stale_reference_025,0,stale_reference:template-01,True,True,True,True
nvidia/Cosmos3-Super-Reasoner,stale_reference_025,1,stale_reference:template-01,True,True,True,True
nvidia/Cosmos3-Super-Reasoner,stale_reference_025,2,stale_reference:template-01,True,True,True,True
nvidia/Cosmos3-Super-Reasoner,stale_reference_026,0,stale_reference:template-02,True,True,True,True
nvidia/Cosmos3-Super-Reasoner,stale_reference_026,1,stale_reference:template-02,True,True,True,True
nvidia/Cosmos3-Super-Reasoner,stale_reference_026,2,stale_reference:template-02,True,True,True,True
nvidia/Cosmos3-Super-Reasoner,stale_reference_027,0,stale_reference:template-03,True,True,True,True
nvidia/Cosmos3-Super-Reasoner,stale_reference_027,1,stale_reference:template-03,True,True,True,True
nvidia/Cosmos3-Super-Reasoner,stale_reference_027,2,stale_reference:template-03,True,True,True,True
nvidia/Cosmos3-Super-Reasoner,stale_reference_028,0,stale_reference:template-04,True,True,True,True
nvidia/Cosmos3-Super-Reasoner,stale_reference_028,1,stale_reference:template-04,True,True,True,True
nvidia/Cosmos3-Super-Reasoner,stale_reference_028,2,stale_reference:template-04,True,True,True,True
nvidia/Cosmos3-Super-Reasoner,stale_reference_029,0,stale_reference:template-05,True,True,True,True
nvidia/Cosmos3-Super-Reasoner,stale_reference_029,1,stale_reference:template-05,True,True,True,True
nvidia/Cosmos3-Super-Reasoner,stale_reference_029,2,stale_reference:template-05,True,True,True,True
nvidia/Cosmos3-Super-Reasoner,unavailable_add_000,0,unavailable_add:template-00,True,True,True,True
nvidia/Cosmos3-Super-Reasoner,unavailable_add_000,1,unavailable_add:template-00,True,True,True,True
nvidia/Cosmos3-Super-Reasoner,unavailable_add_000,2,unavailable_add:template-00,True,True,True,True
nvidia/Cosmos3-Super-Reasoner,unavailable_add_001,0,unavailable_add:template-01,True,True,True,True
nvidia/Cosmos3-Super-Reasoner,unavailable_add_001,1,unavailable_add:template-01,True,True,True,True
nvidia/Cosmos3-Super-Reasoner,unavailable_add_001,2,unavailable_add:template-01,True,True,True,True
nvidia/Cosmos3-Super-Reasoner,unavailable_add_002,0,unavailable_add:template-02,True,True,True,True
nvidia/Cosmos3-Super-Reasoner,unavailable_add_002,1,unavailable_add:template-02,True,True,True,True
nvidia/Cosmos3-Super-Reasoner,unavailable_add_002,2,unavailable_add:template-02,True,True,True,True
nvidia/Cosmos3-Super-Reasoner,unavailable_add_003,0,unavailable_add:template-03,True,True,True,True
nvidia/Cosmos3-Super-Reasoner,unavailable_add_003,1,unavailable_add:template-03,True,True,True,True
nvidia/Cosmos3-Super-Reasoner,unavailable_add_003,2,unavailable_add:template-03,True,True,True,True
nvidia/Cosmos3-Super-Reasoner,unavailable_add_004,0,unavailable_add:template-04,True,True,True,True
nvidia/Cosmos3-Super-Reasoner,unavailable_add_004,1,unavailable_add:template-04,True,True,True,True
nvidia/Cosmos3-Super-Reasoner,unavailable_add_004,2,unavailable_add:template-04,True,True,True,True
nvidia/Cosmos3-Super-Reasoner,unavailable_add_005,0,unavailable_add:template-05,True,True,True,True
nvidia/Cosmos3-Super-Reasoner,unavailable_add_005,1,unavailable_add:template-05,True,True,True,True
nvidia/Cosmos3-Super-Reasoner,unavailable_add_005,2,unavailable_add:template-05,True,True,True,True
nvidia/Cosmos3-Super-Reasoner,unavailable_add_006,0,unavailable_add:template-06,True,True,True,True
nvidia/Cosmos3-Super-Reasoner,unavailable_add_006,1,unavailable_add:template-06,True,True,True,True
nvidia/Cosmos3-Super-Reasoner,unavailable_add_006,2,unavailable_add:template-06,True,True,True,True
nvidia/Cosmos3-Super-Reasoner,unavailable_add_007,0,unavailable_add:template-07,True,True,True,True
nvidia/Cosmos3-Super-Reasoner,unavailable_add_007,1,unavailable_add:template-07,True,True,True,True
nvidia/Cosmos3-Super-Reasoner,unavailable_add_007,2,unavailable_add:template-07,True,True,True,True
nvidia/Cosmos3-Super-Reasoner,unavailable_add_008,0,unavailable_add:template-00,True,True,True,True
nvidia/Cosmos3-Super-Reasoner,unavailable_add_008,1,unavailable_add:template-00,True,True,True,True
nvidia/Cosmos3-Super-Reasoner,unavailable_add_008,2,unavailable_add:template-00,True,True,True,True
nvidia/Cosmos3-Super-Reasoner,unavailable_add_009,0,unavailable_add:template-01,True,True,True,True
nvidia/Cosmos3-Super-Reasoner,unavailable_add_009,1,unavailable_add:template-01,True,True,True,True
nvidia/Cosmos3-Super-Reasoner,unavailable_add_009,2,unavailable_add:template-01,True,True,True,True
nvidia/Cosmos3-Super-Reasoner,unavailable_add_010,0,unavailable_add:template-02,True,True,True,True
nvidia/Cosmos3-Super-Reasoner,unavailable_add_010,1,unavailable_add:template-02,True,True,True,True
nvidia/Cosmos3-Super-Reasoner,unavailable_add_010,2,unavailable_add:template-02,True,True,True,True
nvidia/Cosmos3-Super-Reasoner,unavailable_add_011,0,unavailable_add:template-03,True,True,True,True
nvidia/Cosmos3-Super-Reasoner,unavailable_add_011,1,unavailable_add:template-03,True,True,True,True
nvidia/Cosmos3-Super-Reasoner,unavailable_add_011,2,unavailable_add:template-03,True,True,True,True
nvidia/Cosmos3-Super-Reasoner,unavailable_add_012,0,unavailable_add:template-04,True,True,True,True
nvidia/Cosmos3-Super-Reasoner,unavailable_add_012,1,unavailable_add:template-04,True,True,True,True
nvidia/Cosmos3-Super-Reasoner,unavailable_add_012,2,unavailable_add:template-04,True,True,True,True
nvidia/Cosmos3-Super-Reasoner,unavailable_add_013,0,unavailable_add:template-05,True,True,True,True
nvidia/Cosmos3-Super-Reasoner,unavailable_add_013,1,unavailable_add:template-05,True,True,True,True
nvidia/Cosmos3-Super-Reasoner,unavailable_add_013,2,unavailable_add:template-05,True,True,True,True
nvidia/Cosmos3-Super-Reasoner,unavailable_add_014,0,unavailable_add:template-06,True,True,True,True
nvidia/Cosmos3-Super-Reasoner,unavailable_add_014,1,unavailable_add:template-06,True,True,True,True
nvidia/Cosmos3-Super-Reasoner,unavailable_add_014,2,unavailable_add:template-06,True,True,True,True
nvidia/Cosmos3-Super-Reasoner,unavailable_add_015,0,unavailable_add:template-07,True,True,True,True
nvidia/Cosmos3-Super-Reasoner,unavailable_add_015,1,unavailable_add:template-07,True,True,True,True
nvidia/Cosmos3-Super-Reasoner,unavailable_add_015,2,unavailable_add:template-07,True,True,True,True
nvidia/Cosmos3-Super-Reasoner,unavailable_add_016,0,unavailable_add:template-00,True,True,True,True
nvidia/Cosmos3-Super-Reasoner,unavailable_add_016,1,unavailable_add:template-00,True,True,True,True
nvidia/Cosmos3-Super-Reasoner,unavailable_add_016,2,unavailable_add:template-00,True,True,True,True
nvidia/Cosmos3-Super-Reasoner,unavailable_add_017,0,unavailable_add:template-01,True,True,True,True
nvidia/Cosmos3-Super-Reasoner,unavailable_add_017,1,unavailable_add:template-01,True,True,True,True
nvidia/Cosmos3-Super-Reasoner,unavailable_add_017,2,unavailable_add:template-01,True,True,True,True
nvidia/Cosmos3-Super-Reasoner,unavailable_add_018,0,unavailable_add:template-02,True,True,True,True
nvidia/Cosmos3-Super-Reasoner,unavailable_add_018,1,unavailable_add:template-02,True,True,True,True
nvidia/Cosmos3-Super-Reasoner,unavailable_add_018,2,unavailable_add:template-02,True,True,True,True
nvidia/Cosmos3-Super-Reasoner,unavailable_add_019,0,unavailable_add:template-03,True,True,True,True
nvidia/Cosmos3-Super-Reasoner,unavailable_add_019,1,unavailable_add:template-03,True,True,True,True
nvidia/Cosmos3-Super-Reasoner,unavailable_add_019,2,unavailable_add:template-03,True,True,True,True
nvidia/Cosmos3-Super-Reasoner,unavailable_add_020,0,unavailable_add:template-04,True,True,True,True
nvidia/Cosmos3-Super-Reasoner,unavailable_add_020,1,unavailable_add:template-04,True,True,True,True
nvidia/Cosmos3-Super-Reasoner,unavailable_add_020,2,unavailable_add:template-04,True,True,True,True
nvidia/Cosmos3-Super-Reasoner,unavailable_add_021,0,unavailable_add:template-05,True,True,True,True
nvidia/Cosmos3-Super-Reasoner,unavailable_add_021,1,unavailable_add:template-05,True,True,True,True
nvidia/Cosmos3-Super-Reasoner,unavailable_add_021,2,unavailable_add:template-05,True,True,True,True
nvidia/Cosmos3-Super-Reasoner,unavailable_add_022,0,unavailable_add:template-06,True,True,True,True
nvidia/Cosmos3-Super-Reasoner,unavailable_add_022,1,unavailable_add:template-06,True,True,True,True
nvidia/Cosmos3-Super-Reasoner,unavailable_add_022,2,unavailable_add:template-06,True,True,True,True
nvidia/Cosmos3-Super-Reasoner,unavailable_add_023,0,unavailable_add:template-07,True,True,True,True
nvidia/Cosmos3-Super-Reasoner,unavailable_add_023,1,unavailable_add:template-07,True,True,True,True
nvidia/Cosmos3-Super-Reasoner,unavailable_add_023,2,unavailable_add:template-07,True,True,True,True
nvidia/Cosmos3-Super-Reasoner,unavailable_add_024,0,unavailable_add:template-00,True,True,True,True
nvidia/Cosmos3-Super-Reasoner,unavailable_add_024,1,unavailable_add:template-00,True,True,True,True
nvidia/Cosmos3-Super-Reasoner,unavailable_add_024,2,unavailable_add:template-00,True,True,True,True
nvidia/Cosmos3-Super-Reasoner,unavailable_add_025,0,unavailable_add:template-01,True,True,True,True
nvidia/Cosmos3-Super-Reasoner,unavailable_add_025,1,unavailable_add:template-01,True,True,True,True
nvidia/Cosmos3-Super-Reasoner,unavailable_add_025,2,unavailable_add:template-01,True,True,True,True
nvidia/Cosmos3-Super-Reasoner,unavailable_add_026,0,unavailable_add:template-02,True,True,True,True
nvidia/Cosmos3-Super-Reasoner,unavailable_add_026,1,unavailable_add:template-02,True,True,True,True
nvidia/Cosmos3-Super-Reasoner,unavailable_add_026,2,unavailable_add:template-02,True,True,True,True
nvidia/Cosmos3-Super-Reasoner,unavailable_add_027,0,unavailable_add:template-03,True,True,True,True
nvidia/Cosmos3-Super-Reasoner,unavailable_add_027,1,unavailable_add:template-03,True,True,True,True
nvidia/Cosmos3-Super-Reasoner,unavailable_add_027,2,unavailable_add:template-03,True,True,True,True
nvidia/Cosmos3-Super-Reasoner,unavailable_add_028,0,unavailable_add:template-04,True,True,True,True
nvidia/Cosmos3-Super-Reasoner,unavailable_add_028,1,unavailable_add:template-04,True,True,True,True
nvidia/Cosmos3-Super-Reasoner,unavailable_add_028,2,unavailable_add:template-04,True,True,True,True
nvidia/Cosmos3-Super-Reasoner,unavailable_add_029,0,unavailable_add:template-05,True,True,True,True
nvidia/Cosmos3-Super-Reasoner,unavailable_add_029,1,unavailable_add:template-05,True,True,True,True
nvidia/Cosmos3-Super-Reasoner,unavailable_add_029,2,unavailable_add:template-05,True,True,True,True
openai/gpt-oss-120b,add_item_000,0,add_item:template-00,True,True,True,True
openai/gpt-oss-120b,add_item_000,1,add_item:template-00,True,True,True,True
openai/gpt-oss-120b,add_item_000,2,add_item:template-00,True,True,True,True
openai/gpt-oss-120b,add_item_001,0,add_item:template-01,True,True,True,True
openai/gpt-oss-120b,add_item_001,1,add_item:template-01,True,True,True,True
openai/gpt-oss-120b,add_item_001,2,add_item:template-01,True,True,True,True
openai/gpt-oss-120b,add_item_002,0,add_item:template-02,True,True,True,True
openai/gpt-oss-120b,add_item_002,1,add_item:template-02,True,True,True,True
openai/gpt-oss-120b,add_item_002,2,add_item:template-02,True,True,True,True
openai/gpt-oss-120b,add_item_003,0,add_item:template-03,True,True,True,True
openai/gpt-oss-120b,add_item_003,1,add_item:template-03,True,True,True,True
openai/gpt-oss-120b,add_item_003,2,add_item:template-03,True,True,True,True
openai/gpt-oss-120b,add_item_004,0,add_item:template-04,True,True,True,True
openai/gpt-oss-120b,add_item_004,1,add_item:template-04,True,True,True,True
openai/gpt-oss-120b,add_item_004,2,add_item:template-04,True,True,True,True
openai/gpt-oss-120b,add_item_005,0,add_item:template-05,True,True,True,True
openai/gpt-oss-120b,add_item_005,1,add_item:template-05,True,True,True,True
openai/gpt-oss-120b,add_item_005,2,add_item:template-05,True,True,True,True
openai/gpt-oss-120b,add_item_006,0,add_item:template-06,True,True,True,True
openai/gpt-oss-120b,add_item_006,1,add_item:template-06,True,True,True,True
openai/gpt-oss-120b,add_item_006,2,add_item:template-06,True,True,True,True
openai/gpt-oss-120b,add_item_007,0,add_item:template-07,True,True,True,True
openai/gpt-oss-120b,add_item_007,1,add_item:template-07,True,True,True,True
openai/gpt-oss-120b,add_item_007,2,add_item:template-07,True,True,True,True
openai/gpt-oss-120b,add_item_008,0,add_item:template-00,True,True,True,True
openai/gpt-oss-120b,add_item_008,1,add_item:template-00,True,True,True,True
openai/gpt-oss-120b,add_item_008,2,add_item:template-00,True,True,True,True
openai/gpt-oss-120b,add_item_009,0,add_item:template-01,True,True,True,True
openai/gpt-oss-120b,add_item_009,1,add_item:template-01,True,True,True,True
openai/gpt-oss-120b,add_item_009,2,add_item:template-01,True,True,True,True
openai/gpt-oss-120b,add_item_010,0,add_item:template-02,True,True,True,True
openai/gpt-oss-120b,add_item_010,1,add_item:template-02,True,True,True,True
openai/gpt-oss-120b,add_item_010,2,add_item:template-02,True,True,True,True
openai/gpt-oss-120b,add_item_011,0,add_item:template-03,True,True,True,True
openai/gpt-oss-120b,add_item_011,1,add_item:template-03,True,True,True,True
openai/gpt-oss-120b,add_item_011,2,add_item:template-03,True,True,True,True
openai/gpt-oss-120b,add_item_012,0,add_item:template-04,True,True,True,True
openai/gpt-oss-120b,add_item_012,1,add_item:template-04,True,True,True,True
openai/gpt-oss-120b,add_item_012,2,add_item:template-04,True,True,True,True
openai/gpt-oss-120b,add_item_013,0,add_item:template-05,True,True,True,True
openai/gpt-oss-120b,add_item_013,1,add_item:template-05,True,True,True,True
openai/gpt-oss-120b,add_item_013,2,add_item:template-05,True,True,True,True
openai/gpt-oss-120b,add_item_014,0,add_item:template-06,True,True,True,True
openai/gpt-oss-120b,add_item_014,1,add_item:template-06,True,True,True,True
openai/gpt-oss-120b,add_item_014,2,add_item:template-06,True,True,True,True
openai/gpt-oss-120b,add_item_015,0,add_item:template-07,True,True,True,True
openai/gpt-oss-120b,add_item_015,1,add_item:template-07,True,True,True,True
openai/gpt-oss-120b,add_item_015,2,add_item:template-07,True,True,True,True
openai/gpt-oss-120b,add_item_016,0,add_item:template-00,True,True,True,True
openai/gpt-oss-120b,add_item_016,1,add_item:template-00,True,True,True,True
openai/gpt-oss-120b,add_item_016,2,add_item:template-00,True,True,True,True
openai/gpt-oss-120b,add_item_017,0,add_item:template-01,True,True,True,True
openai/gpt-oss-120b,add_item_017,1,add_item:template-01,True,True,True,True
openai/gpt-oss-120b,add_item_017,2,add_item:template-01,True,True,True,True
openai/gpt-oss-120b,add_item_018,0,add_item:template-02,True,True,True,True
openai/gpt-oss-120b,add_item_018,1,add_item:template-02,True,True,True,True
openai/gpt-oss-120b,add_item_018,2,add_item:template-02,True,True,True,True
openai/gpt-oss-120b,add_item_019,0,add_item:template-03,True,True,True,True
openai/gpt-oss-120b,add_item_019,1,add_item:template-03,True,True,True,True
openai/gpt-oss-120b,add_item_019,2,add_item:template-03,True,True,True,True
openai/gpt-oss-120b,add_item_020,0,add_item:template-04,True,True,True,True
openai/gpt-oss-120b,add_item_020,1,add_item:template-04,True,True,True,True
openai/gpt-oss-120b,add_item_020,2,add_item:template-04,True,True,True,True
openai/gpt-oss-120b,add_item_021,0,add_item:template-05,True,True,True,True
openai/gpt-oss-120b,add_item_021,1,add_item:template-05,True,True,True,True
openai/gpt-oss-120b,add_item_021,2,add_item:template-05,True,True,True,True
openai/gpt-oss-120b,add_item_022,0,add_item:template-06,True,True,True,True
openai/gpt-oss-120b,add_item_022,1,add_item:template-06,True,True,True,True
openai/gpt-oss-120b,add_item_022,2,add_item:template-06,True,True,True,True
openai/gpt-oss-120b,add_item_023,0,add_item:template-07,True,True,True,True
openai/gpt-oss-120b,add_item_023,1,add_item:template-07,True,True,True,True
openai/gpt-oss-120b,add_item_023,2,add_item:template-07,True,True,True,True
openai/gpt-oss-120b,add_item_024,0,add_item:template-00,True,True,True,True
openai/gpt-oss-120b,add_item_024,1,add_item:template-00,True,True,True,True
openai/gpt-oss-120b,add_item_024,2,add_item:template-00,True,True,True,True
openai/gpt-oss-120b,add_item_025,0,add_item:template-01,True,True,True,True
openai/gpt-oss-120b,add_item_025,1,add_item:template-01,True,True,True,True
openai/gpt-oss-120b,add_item_025,2,add_item:template-01,True,True,True,True
openai/gpt-oss-120b,add_item_026,0,add_item:template-02,True,True,True,True
openai/gpt-oss-120b,add_item_026,1,add_item:template-02,True,True,True,True
openai/gpt-oss-120b,add_item_026,2,add_item:template-02,True,True,True,True
openai/gpt-oss-120b,add_item_027,0,add_item:template-03,True,True,True,True
openai/gpt-oss-120b,add_item_027,1,add_item:template-03,True,True,True,True
openai/gpt-oss-120b,add_item_027,2,add_item:template-03,True,True,True,True
openai/gpt-oss-120b,add_item_028,0,add_item:template-04,True,True,True,True
openai/gpt-oss-120b,add_item_028,1,add_item:template-04,True,True,True,True
openai/gpt-oss-120b,add_item_028,2,add_item:template-04,True,True,True,True
openai/gpt-oss-120b,add_item_029,0,add_item:template-05,True,True,True,True
openai/gpt-oss-120b,add_item_029,1,add_item:template-05,True,True,True,True
openai/gpt-oss-120b,add_item_029,2,add_item:template-05,True,True,True,True
openai/gpt-oss-120b,constraint_add_safe_000,0,constraint_add_safe:template-00,True,True,True,True
openai/gpt-oss-120b,constraint_add_safe_000,1,constraint_add_safe:template-00,True,True,True,True
openai/gpt-oss-120b,constraint_add_safe_000,2,constraint_add_safe:template-00,True,True,True,True
openai/gpt-oss-120b,constraint_add_safe_001,0,constraint_add_safe:template-01,True,True,True,True
openai/gpt-oss-120b,constraint_add_safe_001,1,constraint_add_safe:template-01,True,True,True,True
openai/gpt-oss-120b,constraint_add_safe_001,2,constraint_add_safe:template-01,True,True,True,True
openai/gpt-oss-120b,constraint_add_safe_002,0,constraint_add_safe:template-02,True,True,True,True
openai/gpt-oss-120b,constraint_add_safe_002,1,constraint_add_safe:template-02,True,True,True,True
openai/gpt-oss-120b,constraint_add_safe_002,2,constraint_add_safe:template-02,True,True,True,True
openai/gpt-oss-120b,constraint_add_safe_003,0,constraint_add_safe:template-03,True,True,True,True
openai/gpt-oss-120b,constraint_add_safe_003,1,constraint_add_safe:template-03,True,True,True,True
openai/gpt-oss-120b,constraint_add_safe_003,2,constraint_add_safe:template-03,True,True,True,True
openai/gpt-oss-120b,constraint_add_safe_004,0,constraint_add_safe:template-04,True,True,True,True
openai/gpt-oss-120b,constraint_add_safe_004,1,constraint_add_safe:template-04,True,True,True,True
openai/gpt-oss-120b,constraint_add_safe_004,2,constraint_add_safe:template-04,True,True,True,True
openai/gpt-oss-120b,constraint_add_safe_005,0,constraint_add_safe:template-05,True,True,True,True
openai/gpt-oss-120b,constraint_add_safe_005,1,constraint_add_safe:template-05,True,True,True,True
openai/gpt-oss-120b,constraint_add_safe_005,2,constraint_add_safe:template-05,True,True,True,True
openai/gpt-oss-120b,constraint_add_safe_006,0,constraint_add_safe:template-06,True,True,True,True
openai/gpt-oss-120b,constraint_add_safe_006,1,constraint_add_safe:template-06,True,True,True,True
openai/gpt-oss-120b,constraint_add_safe_006,2,constraint_add_safe:template-06,True,True,True,True
openai/gpt-oss-120b,constraint_add_safe_007,0,constraint_add_safe:template-07,True,True,True,True
openai/gpt-oss-120b,constraint_add_safe_007,1,constraint_add_safe:template-07,True,True,True,True
openai/gpt-oss-120b,constraint_add_safe_007,2,constraint_add_safe:template-07,True,True,True,True
openai/gpt-oss-120b,constraint_add_safe_008,0,constraint_add_safe:template-00,True,True,True,True
openai/gpt-oss-120b,constraint_add_safe_008,1,constraint_add_safe:template-00,True,True,True,True
openai/gpt-oss-120b,constraint_add_safe_008,2,constraint_add_safe:template-00,True,True,True,True
openai/gpt-oss-120b,constraint_add_safe_009,0,constraint_add_safe:template-01,True,True,True,True
openai/gpt-oss-120b,constraint_add_safe_009,1,constraint_add_safe:template-01,True,True,True,True
openai/gpt-oss-120b,constraint_add_safe_009,2,constraint_add_safe:template-01,True,True,True,True
openai/gpt-oss-120b,constraint_add_safe_010,0,constraint_add_safe:template-02,True,True,True,True
openai/gpt-oss-120b,constraint_add_safe_010,1,constraint_add_safe:template-02,True,True,True,True
openai/gpt-oss-120b,constraint_add_safe_010,2,constraint_add_safe:template-02,True,True,True,True
openai/gpt-oss-120b,constraint_add_safe_011,0,constraint_add_safe:template-03,True,True,True,True
openai/gpt-oss-120b,constraint_add_safe_011,1,constraint_add_safe:template-03,True,True,True,True
openai/gpt-oss-120b,constraint_add_safe_011,2,constraint_add_safe:template-03,True,True,True,True
openai/gpt-oss-120b,constraint_add_safe_012,0,constraint_add_safe:template-04,True,True,True,True
openai/gpt-oss-120b,constraint_add_safe_012,1,constraint_add_safe:template-04,True,True,True,True
openai/gpt-oss-120b,constraint_add_safe_012,2,constraint_add_safe:template-04,True,True,True,True
openai/gpt-oss-120b,constraint_add_safe_013,0,constraint_add_safe:template-05,True,True,True,True
openai/gpt-oss-120b,constraint_add_safe_013,1,constraint_add_safe:template-05,True,True,True,True
openai/gpt-oss-120b,constraint_add_safe_013,2,constraint_add_safe:template-05,True,True,True,True
openai/gpt-oss-120b,constraint_add_safe_014,0,constraint_add_safe:template-06,True,True,True,True
openai/gpt-oss-120b,constraint_add_safe_014,1,constraint_add_safe:template-06,True,True,True,True
openai/gpt-oss-120b,constraint_add_safe_014,2,constraint_add_safe:template-06,True,True,True,True
openai/gpt-oss-120b,constraint_add_safe_015,0,constraint_add_safe:template-07,True,True,True,True
openai/gpt-oss-120b,constraint_add_safe_015,1,constraint_add_safe:template-07,True,True,True,True
openai/gpt-oss-120b,constraint_add_safe_015,2,constraint_add_safe:template-07,True,True,True,True
openai/gpt-oss-120b,constraint_add_safe_016,0,constraint_add_safe:template-00,True,True,True,True
openai/gpt-oss-120b,constraint_add_safe_016,1,constraint_add_safe:template-00,True,True,True,True
openai/gpt-oss-120b,constraint_add_safe_016,2,constraint_add_safe:template-00,True,True,True,True
openai/gpt-oss-120b,constraint_add_safe_017,0,constraint_add_safe:template-01,True,True,True,True
openai/gpt-oss-120b,constraint_add_safe_017,1,constraint_add_safe:template-01,True,True,True,True
openai/gpt-oss-120b,constraint_add_safe_017,2,constraint_add_safe:template-01,True,True,True,True
openai/gpt-oss-120b,constraint_add_safe_018,0,constraint_add_safe:template-02,True,True,True,True
openai/gpt-oss-120b,constraint_add_safe_018,1,constraint_add_safe:template-02,True,True,True,True
openai/gpt-oss-120b,constraint_add_safe_018,2,constraint_add_safe:template-02,True,True,True,True
openai/gpt-oss-120b,constraint_add_safe_019,0,constraint_add_safe:template-03,True,True,True,True
openai/gpt-oss-120b,constraint_add_safe_019,1,constraint_add_safe:template-03,True,True,True,True
openai/gpt-oss-120b,constraint_add_safe_019,2,constraint_add_safe:template-03,True,True,True,True
openai/gpt-oss-120b,constraint_add_safe_020,0,constraint_add_safe:template-04,True,True,True,True
openai/gpt-oss-120b,constraint_add_safe_020,1,constraint_add_safe:template-04,True,True,True,True
openai/gpt-oss-120b,constraint_add_safe_020,2,constraint_add_safe:template-04,True,True,True,True
openai/gpt-oss-120b,constraint_add_safe_021,0,constraint_add_safe:template-05,True,True,True,True
openai/gpt-oss-120b,constraint_add_safe_021,1,constraint_add_safe:template-05,True,True,True,True
openai/gpt-oss-120b,constraint_add_safe_021,2,constraint_add_safe:template-05,True,True,True,True
openai/gpt-oss-120b,constraint_add_safe_022,0,constraint_add_safe:template-06,True,True,True,True
openai/gpt-oss-120b,constraint_add_safe_022,1,constraint_add_safe:template-06,True,True,True,True
openai/gpt-oss-120b,constraint_add_safe_022,2,constraint_add_safe:template-06,True,True,True,True
openai/gpt-oss-120b,constraint_add_safe_023,0,constraint_add_safe:template-07,True,True,True,True
openai/gpt-oss-120b,constraint_add_safe_023,1,constraint_add_safe:template-07,True,True,True,True
openai/gpt-oss-120b,constraint_add_safe_023,2,constraint_add_safe:template-07,True,True,True,True
openai/gpt-oss-120b,constraint_add_safe_024,0,constraint_add_safe:template-00,True,True,True,True
openai/gpt-oss-120b,constraint_add_safe_024,1,constraint_add_safe:template-00,True,True,True,True
openai/gpt-oss-120b,constraint_add_safe_024,2,constraint_add_safe:template-00,True,True,True,True
openai/gpt-oss-120b,constraint_add_safe_025,0,constraint_add_safe:template-01,True,True,True,True
openai/gpt-oss-120b,constraint_add_safe_025,1,constraint_add_safe:template-01,True,True,True,True
openai/gpt-oss-120b,constraint_add_safe_025,2,constraint_add_safe:template-01,True,True,True,True
openai/gpt-oss-120b,constraint_add_safe_026,0,constraint_add_safe:template-02,True,True,True,True
openai/gpt-oss-120b,constraint_add_safe_026,1,constraint_add_safe:template-02,True,True,True,True
openai/gpt-oss-120b,constraint_add_safe_026,2,constraint_add_safe:template-02,True,True,True,True
openai/gpt-oss-120b,constraint_add_safe_027,0,constraint_add_safe:template-03,True,True,True,True
openai/gpt-oss-120b,constraint_add_safe_027,1,constraint_add_safe:template-03,True,True,True,True
openai/gpt-oss-120b,constraint_add_safe_027,2,constraint_add_safe:template-03,True,True,True,True
openai/gpt-oss-120b,constraint_add_safe_028,0,constraint_add_safe:template-04,True,True,True,True
openai/gpt-oss-120b,constraint_add_safe_028,1,constraint_add_safe:template-04,True,True,True,True
openai/gpt-oss-120b,constraint_add_safe_028,2,constraint_add_safe:template-04,True,True,True,True
openai/gpt-oss-120b,constraint_add_safe_029,0,constraint_add_safe:template-05,True,True,True,True
openai/gpt-oss-120b,constraint_add_safe_029,1,constraint_add_safe:template-05,True,True,True,True
openai/gpt-oss-120b,constraint_add_safe_029,2,constraint_add_safe:template-05,True,True,True,True
openai/gpt-oss-120b,constraint_new_conflict_000,0,constraint_new_conflict:template-00,True,True,True,True
openai/gpt-oss-120b,constraint_new_conflict_000,1,constraint_new_conflict:template-00,True,True,True,True
openai/gpt-oss-120b,constraint_new_conflict_000,2,constraint_new_conflict:template-00,True,True,True,True
openai/gpt-oss-120b,constraint_new_conflict_001,0,constraint_new_conflict:template-01,True,True,True,True
openai/gpt-oss-120b,constraint_new_conflict_001,1,constraint_new_conflict:template-01,True,True,True,True
openai/gpt-oss-120b,constraint_new_conflict_001,2,constraint_new_conflict:template-01,True,True,True,True
openai/gpt-oss-120b,constraint_new_conflict_002,0,constraint_new_conflict:template-02,True,True,True,True
openai/gpt-oss-120b,constraint_new_conflict_002,1,constraint_new_conflict:template-02,True,True,True,True
openai/gpt-oss-120b,constraint_new_conflict_002,2,constraint_new_conflict:template-02,True,True,True,True
openai/gpt-oss-120b,constraint_new_conflict_003,0,constraint_new_conflict:template-03,True,True,True,True
openai/gpt-oss-120b,constraint_new_conflict_003,1,constraint_new_conflict:template-03,True,True,True,True
openai/gpt-oss-120b,constraint_new_conflict_003,2,constraint_new_conflict:template-03,True,True,True,True
openai/gpt-oss-120b,constraint_new_conflict_004,0,constraint_new_conflict:template-04,True,True,True,True
openai/gpt-oss-120b,constraint_new_conflict_004,1,constraint_new_conflict:template-04,True,True,True,True
openai/gpt-oss-120b,constraint_new_conflict_004,2,constraint_new_conflict:template-04,True,True,True,True
openai/gpt-oss-120b,constraint_new_conflict_005,0,constraint_new_conflict:template-05,True,True,True,True
openai/gpt-oss-120b,constraint_new_conflict_005,1,constraint_new_conflict:template-05,True,True,True,True
openai/gpt-oss-120b,constraint_new_conflict_005,2,constraint_new_conflict:template-05,True,True,True,True
openai/gpt-oss-120b,constraint_new_conflict_006,0,constraint_new_conflict:template-06,True,True,True,True
openai/gpt-oss-120b,constraint_new_conflict_006,1,constraint_new_conflict:template-06,True,True,True,True
openai/gpt-oss-120b,constraint_new_conflict_006,2,constraint_new_conflict:template-06,True,True,True,True
openai/gpt-oss-120b,constraint_new_conflict_007,0,constraint_new_conflict:template-07,True,True,True,True
openai/gpt-oss-120b,constraint_new_conflict_007,1,constraint_new_conflict:template-07,True,True,True,True
openai/gpt-oss-120b,constraint_new_conflict_007,2,constraint_new_conflict:template-07,True,True,True,True
openai/gpt-oss-120b,constraint_new_conflict_008,0,constraint_new_conflict:template-00,True,True,True,True
openai/gpt-oss-120b,constraint_new_conflict_008,1,constraint_new_conflict:template-00,True,True,True,True
openai/gpt-oss-120b,constraint_new_conflict_008,2,constraint_new_conflict:template-00,True,True,True,True
openai/gpt-oss-120b,constraint_new_conflict_009,0,constraint_new_conflict:template-01,True,True,True,True
openai/gpt-oss-120b,constraint_new_conflict_009,1,constraint_new_conflict:template-01,True,True,True,True
openai/gpt-oss-120b,constraint_new_conflict_009,2,constraint_new_conflict:template-01,True,True,True,True
openai/gpt-oss-120b,constraint_new_conflict_010,0,constraint_new_conflict:template-02,True,True,True,True
openai/gpt-oss-120b,constraint_new_conflict_010,1,constraint_new_conflict:template-02,True,True,True,True
openai/gpt-oss-120b,constraint_new_conflict_010,2,constraint_new_conflict:template-02,True,True,True,True
openai/gpt-oss-120b,constraint_new_conflict_011,0,constraint_new_conflict:template-03,True,True,True,True
openai/gpt-oss-120b,constraint_new_conflict_011,1,constraint_new_conflict:template-03,True,True,True,True
openai/gpt-oss-120b,constraint_new_conflict_011,2,constraint_new_conflict:template-03,True,True,True,True
openai/gpt-oss-120b,constraint_new_conflict_012,0,constraint_new_conflict:template-04,True,True,True,True
openai/gpt-oss-120b,constraint_new_conflict_012,1,constraint_new_conflict:template-04,True,True,True,True
openai/gpt-oss-120b,constraint_new_conflict_012,2,constraint_new_conflict:template-04,True,True,True,True
openai/gpt-oss-120b,constraint_new_conflict_013,0,constraint_new_conflict:template-05,True,True,True,True
openai/gpt-oss-120b,constraint_new_conflict_013,1,constraint_new_conflict:template-05,True,True,True,True
openai/gpt-oss-120b,constraint_new_conflict_013,2,constraint_new_conflict:template-05,True,True,True,True
openai/gpt-oss-120b,constraint_new_conflict_014,0,constraint_new_conflict:template-06,True,True,True,True
openai/gpt-oss-120b,constraint_new_conflict_014,1,constraint_new_conflict:template-06,True,True,True,True
openai/gpt-oss-120b,constraint_new_conflict_014,2,constraint_new_conflict:template-06,True,True,True,True
openai/gpt-oss-120b,constraint_new_conflict_015,0,constraint_new_conflict:template-07,True,True,True,True
openai/gpt-oss-120b,constraint_new_conflict_015,1,constraint_new_conflict:template-07,True,True,True,True
openai/gpt-oss-120b,constraint_new_conflict_015,2,constraint_new_conflict:template-07,True,True,True,True
openai/gpt-oss-120b,constraint_new_conflict_016,0,constraint_new_conflict:template-00,True,True,True,True
openai/gpt-oss-120b,constraint_new_conflict_016,1,constraint_new_conflict:template-00,True,True,True,True
openai/gpt-oss-120b,constraint_new_conflict_016,2,constraint_new_conflict:template-00,True,True,True,True
openai/gpt-oss-120b,constraint_new_conflict_017,0,constraint_new_conflict:template-01,True,True,True,True
openai/gpt-oss-120b,constraint_new_conflict_017,1,constraint_new_conflict:template-01,True,True,True,True
openai/gpt-oss-120b,constraint_new_conflict_017,2,constraint_new_conflict:template-01,True,True,True,True
openai/gpt-oss-120b,constraint_new_conflict_018,0,constraint_new_conflict:template-02,True,True,True,True
openai/gpt-oss-120b,constraint_new_conflict_018,1,constraint_new_conflict:template-02,True,True,True,True
openai/gpt-oss-120b,constraint_new_conflict_018,2,constraint_new_conflict:template-02,True,True,True,True
openai/gpt-oss-120b,constraint_new_conflict_019,0,constraint_new_conflict:template-03,True,True,True,True
openai/gpt-oss-120b,constraint_new_conflict_019,1,constraint_new_conflict:template-03,True,True,True,True
openai/gpt-oss-120b,constraint_new_conflict_019,2,constraint_new_conflict:template-03,True,True,True,True
openai/gpt-oss-120b,constraint_new_conflict_020,0,constraint_new_conflict:template-04,True,True,True,True
openai/gpt-oss-120b,constraint_new_conflict_020,1,constraint_new_conflict:template-04,True,True,True,True
openai/gpt-oss-120b,constraint_new_conflict_020,2,constraint_new_conflict:template-04,True,True,True,True
openai/gpt-oss-120b,constraint_new_conflict_021,0,constraint_new_conflict:template-05,True,True,True,True
openai/gpt-oss-120b,constraint_new_conflict_021,1,constraint_new_conflict:template-05,True,True,True,True
openai/gpt-oss-120b,constraint_new_conflict_021,2,constraint_new_conflict:template-05,True,True,True,True
openai/gpt-oss-120b,constraint_new_conflict_022,0,constraint_new_conflict:template-06,True,True,True,True
openai/gpt-oss-120b,constraint_new_conflict_022,1,constraint_new_conflict:template-06,True,True,True,True
openai/gpt-oss-120b,constraint_new_conflict_022,2,constraint_new_conflict:template-06,True,True,True,True
openai/gpt-oss-120b,constraint_new_conflict_023,0,constraint_new_conflict:template-07,True,True,True,True
openai/gpt-oss-120b,constraint_new_conflict_023,1,constraint_new_conflict:template-07,True,True,True,True
openai/gpt-oss-120b,constraint_new_conflict_023,2,constraint_new_conflict:template-07,True,True,True,True
openai/gpt-oss-120b,constraint_new_conflict_024,0,constraint_new_conflict:template-00,True,True,True,True
openai/gpt-oss-120b,constraint_new_conflict_024,1,constraint_new_conflict:template-00,True,True,True,True
openai/gpt-oss-120b,constraint_new_conflict_024,2,constraint_new_conflict:template-00,True,True,True,True
openai/gpt-oss-120b,constraint_new_conflict_025,0,constraint_new_conflict:template-01,True,True,True,True
openai/gpt-oss-120b,constraint_new_conflict_025,1,constraint_new_conflict:template-01,True,True,True,True
openai/gpt-oss-120b,constraint_new_conflict_025,2,constraint_new_conflict:template-01,True,True,True,True
openai/gpt-oss-120b,constraint_new_conflict_026,0,constraint_new_conflict:template-02,True,True,True,True
openai/gpt-oss-120b,constraint_new_conflict_026,1,constraint_new_conflict:template-02,True,True,True,True
openai/gpt-oss-120b,constraint_new_conflict_026,2,constraint_new_conflict:template-02,True,True,True,True
openai/gpt-oss-120b,constraint_new_conflict_027,0,constraint_new_conflict:template-03,True,True,True,True
openai/gpt-oss-120b,constraint_new_conflict_027,1,constraint_new_conflict:template-03,True,True,True,True
openai/gpt-oss-120b,constraint_new_conflict_027,2,constraint_new_conflict:template-03,True,True,True,True
openai/gpt-oss-120b,constraint_new_conflict_028,0,constraint_new_conflict:template-04,True,True,True,True
openai/gpt-oss-120b,constraint_new_conflict_028,1,constraint_new_conflict:template-04,True,True,True,True
openai/gpt-oss-120b,constraint_new_conflict_028,2,constraint_new_conflict:template-04,True,True,True,True
openai/gpt-oss-120b,constraint_new_conflict_029,0,constraint_new_conflict:template-05,True,True,True,True
openai/gpt-oss-120b,constraint_new_conflict_029,1,constraint_new_conflict:template-05,True,True,True,True
openai/gpt-oss-120b,constraint_new_conflict_029,2,constraint_new_conflict:template-05,True,True,True,True
openai/gpt-oss-120b,modifier_add_scoped_000,0,modifier_add_scoped:template-00,True,True,True,True
openai/gpt-oss-120b,modifier_add_scoped_000,1,modifier_add_scoped:template-00,True,True,True,True
openai/gpt-oss-120b,modifier_add_scoped_000,2,modifier_add_scoped:template-00,True,True,True,True
openai/gpt-oss-120b,modifier_add_scoped_001,0,modifier_add_scoped:template-01,True,True,True,True
openai/gpt-oss-120b,modifier_add_scoped_001,1,modifier_add_scoped:template-01,True,True,True,True
openai/gpt-oss-120b,modifier_add_scoped_001,2,modifier_add_scoped:template-01,True,True,True,True
openai/gpt-oss-120b,modifier_add_scoped_002,0,modifier_add_scoped:template-02,True,True,True,True
openai/gpt-oss-120b,modifier_add_scoped_002,1,modifier_add_scoped:template-02,True,True,True,True
openai/gpt-oss-120b,modifier_add_scoped_002,2,modifier_add_scoped:template-02,True,True,True,True
openai/gpt-oss-120b,modifier_add_scoped_003,0,modifier_add_scoped:template-03,True,True,True,True
openai/gpt-oss-120b,modifier_add_scoped_003,1,modifier_add_scoped:template-03,True,True,True,True
openai/gpt-oss-120b,modifier_add_scoped_003,2,modifier_add_scoped:template-03,True,True,True,True
openai/gpt-oss-120b,modifier_add_scoped_004,0,modifier_add_scoped:template-04,True,True,True,True
openai/gpt-oss-120b,modifier_add_scoped_004,1,modifier_add_scoped:template-04,True,True,True,True
openai/gpt-oss-120b,modifier_add_scoped_004,2,modifier_add_scoped:template-04,True,True,True,True
openai/gpt-oss-120b,modifier_add_scoped_005,0,modifier_add_scoped:template-05,True,True,True,True
openai/gpt-oss-120b,modifier_add_scoped_005,1,modifier_add_scoped:template-05,True,True,True,True
openai/gpt-oss-120b,modifier_add_scoped_005,2,modifier_add_scoped:template-05,True,True,True,True
openai/gpt-oss-120b,modifier_add_scoped_006,0,modifier_add_scoped:template-06,True,True,True,True
openai/gpt-oss-120b,modifier_add_scoped_006,1,modifier_add_scoped:template-06,True,True,True,True
openai/gpt-oss-120b,modifier_add_scoped_006,2,modifier_add_scoped:template-06,True,True,True,True
openai/gpt-oss-120b,modifier_add_scoped_007,0,modifier_add_scoped:template-07,True,True,True,True
openai/gpt-oss-120b,modifier_add_scoped_007,1,modifier_add_scoped:template-07,True,True,True,True
openai/gpt-oss-120b,modifier_add_scoped_007,2,modifier_add_scoped:template-07,True,True,True,True
openai/gpt-oss-120b,modifier_add_scoped_008,0,modifier_add_scoped:template-00,True,True,True,True
openai/gpt-oss-120b,modifier_add_scoped_008,1,modifier_add_scoped:template-00,True,True,True,True
openai/gpt-oss-120b,modifier_add_scoped_008,2,modifier_add_scoped:template-00,True,True,True,True
openai/gpt-oss-120b,modifier_add_scoped_009,0,modifier_add_scoped:template-01,True,True,True,True
openai/gpt-oss-120b,modifier_add_scoped_009,1,modifier_add_scoped:template-01,True,True,True,True
openai/gpt-oss-120b,modifier_add_scoped_009,2,modifier_add_scoped:template-01,True,True,True,True
openai/gpt-oss-120b,modifier_add_scoped_010,0,modifier_add_scoped:template-02,True,True,True,True
openai/gpt-oss-120b,modifier_add_scoped_010,1,modifier_add_scoped:template-02,True,True,True,True
openai/gpt-oss-120b,modifier_add_scoped_010,2,modifier_add_scoped:template-02,True,True,True,True
openai/gpt-oss-120b,modifier_add_scoped_011,0,modifier_add_scoped:template-03,True,True,True,True
openai/gpt-oss-120b,modifier_add_scoped_011,1,modifier_add_scoped:template-03,True,True,True,True
openai/gpt-oss-120b,modifier_add_scoped_011,2,modifier_add_scoped:template-03,True,True,True,True
openai/gpt-oss-120b,modifier_add_scoped_012,0,modifier_add_scoped:template-04,True,True,True,True
openai/gpt-oss-120b,modifier_add_scoped_012,1,modifier_add_scoped:template-04,True,True,True,True
openai/gpt-oss-120b,modifier_add_scoped_012,2,modifier_add_scoped:template-04,True,True,True,True
openai/gpt-oss-120b,modifier_add_scoped_013,0,modifier_add_scoped:template-05,True,True,True,True
openai/gpt-oss-120b,modifier_add_scoped_013,1,modifier_add_scoped:template-05,True,True,True,True
openai/gpt-oss-120b,modifier_add_scoped_013,2,modifier_add_scoped:template-05,True,True,True,True
openai/gpt-oss-120b,modifier_add_scoped_014,0,modifier_add_scoped:template-06,True,True,True,True
openai/gpt-oss-120b,modifier_add_scoped_014,1,modifier_add_scoped:template-06,True,True,True,True
openai/gpt-oss-120b,modifier_add_scoped_014,2,modifier_add_scoped:template-06,True,True,True,True
openai/gpt-oss-120b,modifier_add_scoped_015,0,modifier_add_scoped:template-07,True,True,True,True
openai/gpt-oss-120b,modifier_add_scoped_015,1,modifier_add_scoped:template-07,True,True,True,True
openai/gpt-oss-120b,modifier_add_scoped_015,2,modifier_add_scoped:template-07,True,True,True,True
openai/gpt-oss-120b,modifier_add_scoped_016,0,modifier_add_scoped:template-00,True,True,True,True
openai/gpt-oss-120b,modifier_add_scoped_016,1,modifier_add_scoped:template-00,True,True,True,True
openai/gpt-oss-120b,modifier_add_scoped_016,2,modifier_add_scoped:template-00,True,True,True,True
openai/gpt-oss-120b,modifier_add_scoped_017,0,modifier_add_scoped:template-01,True,True,True,True
openai/gpt-oss-120b,modifier_add_scoped_017,1,modifier_add_scoped:template-01,True,True,True,True
openai/gpt-oss-120b,modifier_add_scoped_017,2,modifier_add_scoped:template-01,True,True,True,True
openai/gpt-oss-120b,modifier_add_scoped_018,0,modifier_add_scoped:template-02,True,True,True,True
openai/gpt-oss-120b,modifier_add_scoped_018,1,modifier_add_scoped:template-02,True,True,True,True
openai/gpt-oss-120b,modifier_add_scoped_018,2,modifier_add_scoped:template-02,True,True,True,True
openai/gpt-oss-120b,modifier_add_scoped_019,0,modifier_add_scoped:template-03,True,True,True,True
openai/gpt-oss-120b,modifier_add_scoped_019,1,modifier_add_scoped:template-03,True,True,True,True
openai/gpt-oss-120b,modifier_add_scoped_019,2,modifier_add_scoped:template-03,True,True,True,True
openai/gpt-oss-120b,modifier_add_scoped_020,0,modifier_add_scoped:template-04,True,True,True,True
openai/gpt-oss-120b,modifier_add_scoped_020,1,modifier_add_scoped:template-04,True,True,True,True
openai/gpt-oss-120b,modifier_add_scoped_020,2,modifier_add_scoped:template-04,True,True,True,True
openai/gpt-oss-120b,modifier_add_scoped_021,0,modifier_add_scoped:template-05,True,True,True,True
openai/gpt-oss-120b,modifier_add_scoped_021,1,modifier_add_scoped:template-05,True,True,True,True
openai/gpt-oss-120b,modifier_add_scoped_021,2,modifier_add_scoped:template-05,True,True,True,True
openai/gpt-oss-120b,modifier_add_scoped_022,0,modifier_add_scoped:template-06,True,True,True,True
openai/gpt-oss-120b,modifier_add_scoped_022,1,modifier_add_scoped:template-06,True,True,True,True
openai/gpt-oss-120b,modifier_add_scoped_022,2,modifier_add_scoped:template-06,True,True,True,True
openai/gpt-oss-120b,modifier_add_scoped_023,0,modifier_add_scoped:template-07,True,True,True,True
openai/gpt-oss-120b,modifier_add_scoped_023,1,modifier_add_scoped:template-07,True,True,True,True
openai/gpt-oss-120b,modifier_add_scoped_023,2,modifier_add_scoped:template-07,True,True,True,True
openai/gpt-oss-120b,modifier_add_scoped_024,0,modifier_add_scoped:template-00,True,True,True,True
openai/gpt-oss-120b,modifier_add_scoped_024,1,modifier_add_scoped:template-00,True,True,True,True
openai/gpt-oss-120b,modifier_add_scoped_024,2,modifier_add_scoped:template-00,True,True,True,True
openai/gpt-oss-120b,modifier_add_scoped_025,0,modifier_add_scoped:template-01,True,True,True,True
openai/gpt-oss-120b,modifier_add_scoped_025,1,modifier_add_scoped:template-01,True,True,True,True
openai/gpt-oss-120b,modifier_add_scoped_025,2,modifier_add_scoped:template-01,True,True,True,True
openai/gpt-oss-120b,modifier_add_scoped_026,0,modifier_add_scoped:template-02,True,True,True,True
openai/gpt-oss-120b,modifier_add_scoped_026,1,modifier_add_scoped:template-02,True,True,True,True
openai/gpt-oss-120b,modifier_add_scoped_026,2,modifier_add_scoped:template-02,True,True,True,True
openai/gpt-oss-120b,modifier_add_scoped_027,0,modifier_add_scoped:template-03,True,True,True,True
openai/gpt-oss-120b,modifier_add_scoped_027,1,modifier_add_scoped:template-03,True,True,True,True
openai/gpt-oss-120b,modifier_add_scoped_027,2,modifier_add_scoped:template-03,True,True,True,True
openai/gpt-oss-120b,modifier_add_scoped_028,0,modifier_add_scoped:template-04,True,True,True,True
openai/gpt-oss-120b,modifier_add_scoped_028,1,modifier_add_scoped:template-04,True,True,True,True
openai/gpt-oss-120b,modifier_add_scoped_028,2,modifier_add_scoped:template-04,True,True,True,True
openai/gpt-oss-120b,modifier_add_scoped_029,0,modifier_add_scoped:template-05,True,True,True,True
openai/gpt-oss-120b,modifier_add_scoped_029,1,modifier_add_scoped:template-05,True,True,True,True
openai/gpt-oss-120b,modifier_add_scoped_029,2,modifier_add_scoped:template-05,True,True,True,True
openai/gpt-oss-120b,modifier_reversal_000,0,modifier_reversal:template-00,True,True,True,True
openai/gpt-oss-120b,modifier_reversal_000,1,modifier_reversal:template-00,True,True,True,True
openai/gpt-oss-120b,modifier_reversal_000,2,modifier_reversal:template-00,True,True,True,True
openai/gpt-oss-120b,modifier_reversal_001,0,modifier_reversal:template-01,True,True,True,True
openai/gpt-oss-120b,modifier_reversal_001,1,modifier_reversal:template-01,True,True,True,True
openai/gpt-oss-120b,modifier_reversal_001,2,modifier_reversal:template-01,True,True,True,True
openai/gpt-oss-120b,modifier_reversal_002,0,modifier_reversal:template-02,True,True,True,True
openai/gpt-oss-120b,modifier_reversal_002,1,modifier_reversal:template-02,True,True,True,True
openai/gpt-oss-120b,modifier_reversal_002,2,modifier_reversal:template-02,True,True,True,True
openai/gpt-oss-120b,modifier_reversal_003,0,modifier_reversal:template-03,True,True,True,True
openai/gpt-oss-120b,modifier_reversal_003,1,modifier_reversal:template-03,True,True,True,True
openai/gpt-oss-120b,modifier_reversal_003,2,modifier_reversal:template-03,True,True,True,True
openai/gpt-oss-120b,modifier_reversal_004,0,modifier_reversal:template-04,True,True,True,True
openai/gpt-oss-120b,modifier_reversal_004,1,modifier_reversal:template-04,True,True,True,True
openai/gpt-oss-120b,modifier_reversal_004,2,modifier_reversal:template-04,True,True,True,True
openai/gpt-oss-120b,modifier_reversal_005,0,modifier_reversal:template-05,True,True,True,True
openai/gpt-oss-120b,modifier_reversal_005,1,modifier_reversal:template-05,True,True,True,True
openai/gpt-oss-120b,modifier_reversal_005,2,modifier_reversal:template-05,True,True,True,True
openai/gpt-oss-120b,modifier_reversal_006,0,modifier_reversal:template-06,True,True,True,True
openai/gpt-oss-120b,modifier_reversal_006,1,modifier_reversal:template-06,True,True,True,True
openai/gpt-oss-120b,modifier_reversal_006,2,modifier_reversal:template-06,True,True,True,True
openai/gpt-oss-120b,modifier_reversal_007,0,modifier_reversal:template-07,True,True,True,True
openai/gpt-oss-120b,modifier_reversal_007,1,modifier_reversal:template-07,True,True,True,True
openai/gpt-oss-120b,modifier_reversal_007,2,modifier_reversal:template-07,True,True,True,True
openai/gpt-oss-120b,modifier_reversal_008,0,modifier_reversal:template-00,True,True,True,True
openai/gpt-oss-120b,modifier_reversal_008,1,modifier_reversal:template-00,True,True,True,True
openai/gpt-oss-120b,modifier_reversal_008,2,modifier_reversal:template-00,True,True,True,True
openai/gpt-oss-120b,modifier_reversal_009,0,modifier_reversal:template-01,True,True,True,True
openai/gpt-oss-120b,modifier_reversal_009,1,modifier_reversal:template-01,True,True,True,True
openai/gpt-oss-120b,modifier_reversal_009,2,modifier_reversal:template-01,True,True,True,True
openai/gpt-oss-120b,modifier_reversal_010,0,modifier_reversal:template-02,True,True,True,True
openai/gpt-oss-120b,modifier_reversal_010,1,modifier_reversal:template-02,True,True,True,True
openai/gpt-oss-120b,modifier_reversal_010,2,modifier_reversal:template-02,True,True,True,True
openai/gpt-oss-120b,modifier_reversal_011,0,modifier_reversal:template-03,True,True,True,True
openai/gpt-oss-120b,modifier_reversal_011,1,modifier_reversal:template-03,True,True,True,True
openai/gpt-oss-120b,modifier_reversal_011,2,modifier_reversal:template-03,True,True,True,True
openai/gpt-oss-120b,modifier_reversal_012,0,modifier_reversal:template-04,True,True,True,True
openai/gpt-oss-120b,modifier_reversal_012,1,modifier_reversal:template-04,True,True,True,True
openai/gpt-oss-120b,modifier_reversal_012,2,modifier_reversal:template-04,True,True,True,True
openai/gpt-oss-120b,modifier_reversal_013,0,modifier_reversal:template-05,True,True,True,True
openai/gpt-oss-120b,modifier_reversal_013,1,modifier_reversal:template-05,True,True,True,True
openai/gpt-oss-120b,modifier_reversal_013,2,modifier_reversal:template-05,True,True,True,True
openai/gpt-oss-120b,modifier_reversal_014,0,modifier_reversal:template-06,True,True,True,True
openai/gpt-oss-120b,modifier_reversal_014,1,modifier_reversal:template-06,True,True,True,True
openai/gpt-oss-120b,modifier_reversal_014,2,modifier_reversal:template-06,True,True,True,True
openai/gpt-oss-120b,modifier_reversal_015,0,modifier_reversal:template-07,True,True,True,True
openai/gpt-oss-120b,modifier_reversal_015,1,modifier_reversal:template-07,True,True,True,True
openai/gpt-oss-120b,modifier_reversal_015,2,modifier_reversal:template-07,True,True,True,True
openai/gpt-oss-120b,modifier_reversal_016,0,modifier_reversal:template-00,True,True,True,True
openai/gpt-oss-120b,modifier_reversal_016,1,modifier_reversal:template-00,True,True,True,True
openai/gpt-oss-120b,modifier_reversal_016,2,modifier_reversal:template-00,True,True,True,True
openai/gpt-oss-120b,modifier_reversal_017,0,modifier_reversal:template-01,True,True,True,True
openai/gpt-oss-120b,modifier_reversal_017,1,modifier_reversal:template-01,True,True,True,True
openai/gpt-oss-120b,modifier_reversal_017,2,modifier_reversal:template-01,True,True,True,True
openai/gpt-oss-120b,modifier_reversal_018,0,modifier_reversal:template-02,True,True,True,True
openai/gpt-oss-120b,modifier_reversal_018,1,modifier_reversal:template-02,True,True,True,True
openai/gpt-oss-120b,modifier_reversal_018,2,modifier_reversal:template-02,True,True,True,True
openai/gpt-oss-120b,modifier_reversal_019,0,modifier_reversal:template-03,True,True,True,True
openai/gpt-oss-120b,modifier_reversal_019,1,modifier_reversal:template-03,True,True,True,True
openai/gpt-oss-120b,modifier_reversal_019,2,modifier_reversal:template-03,True,True,True,True
openai/gpt-oss-120b,modifier_reversal_020,0,modifier_reversal:template-04,True,True,True,True
openai/gpt-oss-120b,modifier_reversal_020,1,modifier_reversal:template-04,True,True,True,True
openai/gpt-oss-120b,modifier_reversal_020,2,modifier_reversal:template-04,True,True,True,True
openai/gpt-oss-120b,modifier_reversal_021,0,modifier_reversal:template-05,True,True,True,True
openai/gpt-oss-120b,modifier_reversal_021,1,modifier_reversal:template-05,True,True,True,True
openai/gpt-oss-120b,modifier_reversal_021,2,modifier_reversal:template-05,True,True,True,True
openai/gpt-oss-120b,modifier_reversal_022,0,modifier_reversal:template-06,True,True,True,True
openai/gpt-oss-120b,modifier_reversal_022,1,modifier_reversal:template-06,True,True,True,True
openai/gpt-oss-120b,modifier_reversal_022,2,modifier_reversal:template-06,True,True,True,True
openai/gpt-oss-120b,modifier_reversal_023,0,modifier_reversal:template-07,True,True,True,True
openai/gpt-oss-120b,modifier_reversal_023,1,modifier_reversal:template-07,True,True,True,True
openai/gpt-oss-120b,modifier_reversal_023,2,modifier_reversal:template-07,True,True,True,True
openai/gpt-oss-120b,modifier_reversal_024,0,modifier_reversal:template-00,True,True,True,True
openai/gpt-oss-120b,modifier_reversal_024,1,modifier_reversal:template-00,True,True,True,True
openai/gpt-oss-120b,modifier_reversal_024,2,modifier_reversal:template-00,True,True,True,True
openai/gpt-oss-120b,modifier_reversal_025,0,modifier_reversal:template-01,True,True,True,True
openai/gpt-oss-120b,modifier_reversal_025,1,modifier_reversal:template-01,True,True,True,True
openai/gpt-oss-120b,modifier_reversal_025,2,modifier_reversal:template-01,True,True,True,True
openai/gpt-oss-120b,modifier_reversal_026,0,modifier_reversal:template-02,True,True,True,True
openai/gpt-oss-120b,modifier_reversal_026,1,modifier_reversal:template-02,True,True,True,True
openai/gpt-oss-120b,modifier_reversal_026,2,modifier_reversal:template-02,True,True,True,True
openai/gpt-oss-120b,modifier_reversal_027,0,modifier_reversal:template-03,True,True,True,True
openai/gpt-oss-120b,modifier_reversal_027,1,modifier_reversal:template-03,True,True,True,True
openai/gpt-oss-120b,modifier_reversal_027,2,modifier_reversal:template-03,True,True,True,True
openai/gpt-oss-120b,modifier_reversal_028,0,modifier_reversal:template-04,True,True,True,True
openai/gpt-oss-120b,modifier_reversal_028,1,modifier_reversal:template-04,True,True,True,True
openai/gpt-oss-120b,modifier_reversal_028,2,modifier_reversal:template-04,True,True,True,True
openai/gpt-oss-120b,modifier_reversal_029,0,modifier_reversal:template-05,True,True,True,True
openai/gpt-oss-120b,modifier_reversal_029,1,modifier_reversal:template-05,True,True,True,True
openai/gpt-oss-120b,modifier_reversal_029,2,modifier_reversal:template-05,True,True,True,True
openai/gpt-oss-120b,quantity_decrease_000,0,quantity_decrease:template-00,True,True,True,True
openai/gpt-oss-120b,quantity_decrease_000,1,quantity_decrease:template-00,True,True,True,True
openai/gpt-oss-120b,quantity_decrease_000,2,quantity_decrease:template-00,True,True,True,True
openai/gpt-oss-120b,quantity_decrease_001,0,quantity_decrease:template-01,True,True,True,True
openai/gpt-oss-120b,quantity_decrease_001,1,quantity_decrease:template-01,True,True,True,True
openai/gpt-oss-120b,quantity_decrease_001,2,quantity_decrease:template-01,True,True,True,True
openai/gpt-oss-120b,quantity_decrease_002,0,quantity_decrease:template-02,True,True,True,True
openai/gpt-oss-120b,quantity_decrease_002,1,quantity_decrease:template-02,True,True,True,True
openai/gpt-oss-120b,quantity_decrease_002,2,quantity_decrease:template-02,True,True,True,True
openai/gpt-oss-120b,quantity_decrease_003,0,quantity_decrease:template-03,True,True,True,True
openai/gpt-oss-120b,quantity_decrease_003,1,quantity_decrease:template-03,True,True,True,True
openai/gpt-oss-120b,quantity_decrease_003,2,quantity_decrease:template-03,True,True,True,True
openai/gpt-oss-120b,quantity_decrease_004,0,quantity_decrease:template-04,True,True,True,True
openai/gpt-oss-120b,quantity_decrease_004,1,quantity_decrease:template-04,True,True,True,True
openai/gpt-oss-120b,quantity_decrease_004,2,quantity_decrease:template-04,True,True,True,True
openai/gpt-oss-120b,quantity_decrease_005,0,quantity_decrease:template-05,True,True,True,True
openai/gpt-oss-120b,quantity_decrease_005,1,quantity_decrease:template-05,True,True,True,True
openai/gpt-oss-120b,quantity_decrease_005,2,quantity_decrease:template-05,True,True,True,True
openai/gpt-oss-120b,quantity_decrease_006,0,quantity_decrease:template-06,True,True,True,True
openai/gpt-oss-120b,quantity_decrease_006,1,quantity_decrease:template-06,True,True,True,True
openai/gpt-oss-120b,quantity_decrease_006,2,quantity_decrease:template-06,True,True,True,True
openai/gpt-oss-120b,quantity_decrease_007,0,quantity_decrease:template-07,True,True,True,True
openai/gpt-oss-120b,quantity_decrease_007,1,quantity_decrease:template-07,True,True,True,True
openai/gpt-oss-120b,quantity_decrease_007,2,quantity_decrease:template-07,True,True,True,True
openai/gpt-oss-120b,quantity_decrease_008,0,quantity_decrease:template-00,True,True,True,True
openai/gpt-oss-120b,quantity_decrease_008,1,quantity_decrease:template-00,True,True,True,True
openai/gpt-oss-120b,quantity_decrease_008,2,quantity_decrease:template-00,True,True,True,True
openai/gpt-oss-120b,quantity_decrease_009,0,quantity_decrease:template-01,True,True,True,True
openai/gpt-oss-120b,quantity_decrease_009,1,quantity_decrease:template-01,True,True,True,True
openai/gpt-oss-120b,quantity_decrease_009,2,quantity_decrease:template-01,True,True,True,True
openai/gpt-oss-120b,quantity_decrease_010,0,quantity_decrease:template-02,True,True,True,True
openai/gpt-oss-120b,quantity_decrease_010,1,quantity_decrease:template-02,True,True,True,True
openai/gpt-oss-120b,quantity_decrease_010,2,quantity_decrease:template-02,True,True,True,True
openai/gpt-oss-120b,quantity_decrease_011,0,quantity_decrease:template-03,True,True,True,True
openai/gpt-oss-120b,quantity_decrease_011,1,quantity_decrease:template-03,True,True,True,True
openai/gpt-oss-120b,quantity_decrease_011,2,quantity_decrease:template-03,True,True,True,True
openai/gpt-oss-120b,quantity_decrease_012,0,quantity_decrease:template-04,True,True,True,True
openai/gpt-oss-120b,quantity_decrease_012,1,quantity_decrease:template-04,True,True,True,True
openai/gpt-oss-120b,quantity_decrease_012,2,quantity_decrease:template-04,True,True,True,True
openai/gpt-oss-120b,quantity_decrease_013,0,quantity_decrease:template-05,True,True,True,True
openai/gpt-oss-120b,quantity_decrease_013,1,quantity_decrease:template-05,True,True,True,True
openai/gpt-oss-120b,quantity_decrease_013,2,quantity_decrease:template-05,True,True,True,True
openai/gpt-oss-120b,quantity_decrease_014,0,quantity_decrease:template-06,True,True,True,True
openai/gpt-oss-120b,quantity_decrease_014,1,quantity_decrease:template-06,True,True,True,True
openai/gpt-oss-120b,quantity_decrease_014,2,quantity_decrease:template-06,True,True,True,True
openai/gpt-oss-120b,quantity_decrease_015,0,quantity_decrease:template-07,True,True,True,True
openai/gpt-oss-120b,quantity_decrease_015,1,quantity_decrease:template-07,True,True,True,True
openai/gpt-oss-120b,quantity_decrease_015,2,quantity_decrease:template-07,True,True,True,True
openai/gpt-oss-120b,quantity_decrease_016,0,quantity_decrease:template-00,True,True,True,True
openai/gpt-oss-120b,quantity_decrease_016,1,quantity_decrease:template-00,True,True,True,True
openai/gpt-oss-120b,quantity_decrease_016,2,quantity_decrease:template-00,True,True,True,True
openai/gpt-oss-120b,quantity_decrease_017,0,quantity_decrease:template-01,True,True,True,True
openai/gpt-oss-120b,quantity_decrease_017,1,quantity_decrease:template-01,True,True,True,True
openai/gpt-oss-120b,quantity_decrease_017,2,quantity_decrease:template-01,True,True,True,True
openai/gpt-oss-120b,quantity_decrease_018,0,quantity_decrease:template-02,True,True,True,True
openai/gpt-oss-120b,quantity_decrease_018,1,quantity_decrease:template-02,True,True,True,True
openai/gpt-oss-120b,quantity_decrease_018,2,quantity_decrease:template-02,True,True,True,True
openai/gpt-oss-120b,quantity_decrease_019,0,quantity_decrease:template-03,True,True,True,True
openai/gpt-oss-120b,quantity_decrease_019,1,quantity_decrease:template-03,True,True,True,True
openai/gpt-oss-120b,quantity_decrease_019,2,quantity_decrease:template-03,True,True,True,True
openai/gpt-oss-120b,quantity_decrease_020,0,quantity_decrease:template-04,True,True,True,True
openai/gpt-oss-120b,quantity_decrease_020,1,quantity_decrease:template-04,True,True,True,True
openai/gpt-oss-120b,quantity_decrease_020,2,quantity_decrease:template-04,True,True,True,True
openai/gpt-oss-120b,quantity_decrease_021,0,quantity_decrease:template-05,True,True,True,True
openai/gpt-oss-120b,quantity_decrease_021,1,quantity_decrease:template-05,True,True,True,True
openai/gpt-oss-120b,quantity_decrease_021,2,quantity_decrease:template-05,True,True,True,True
openai/gpt-oss-120b,quantity_decrease_022,0,quantity_decrease:template-06,True,True,True,True
openai/gpt-oss-120b,quantity_decrease_022,1,quantity_decrease:template-06,True,True,True,True
openai/gpt-oss-120b,quantity_decrease_022,2,quantity_decrease:template-06,True,True,True,True
openai/gpt-oss-120b,quantity_decrease_023,0,quantity_decrease:template-07,True,True,True,True
openai/gpt-oss-120b,quantity_decrease_023,1,quantity_decrease:template-07,True,True,True,True
openai/gpt-oss-120b,quantity_decrease_023,2,quantity_decrease:template-07,True,True,True,True
openai/gpt-oss-120b,quantity_decrease_024,0,quantity_decrease:template-00,True,True,True,True
openai/gpt-oss-120b,quantity_decrease_024,1,quantity_decrease:template-00,True,True,True,True
openai/gpt-oss-120b,quantity_decrease_024,2,quantity_decrease:template-00,True,True,True,True
openai/gpt-oss-120b,quantity_decrease_025,0,quantity_decrease:template-01,True,True,True,True
openai/gpt-oss-120b,quantity_decrease_025,1,quantity_decrease:template-01,True,True,True,True
openai/gpt-oss-120b,quantity_decrease_025,2,quantity_decrease:template-01,True,True,True,True
openai/gpt-oss-120b,quantity_decrease_026,0,quantity_decrease:template-02,True,True,True,True
openai/gpt-oss-120b,quantity_decrease_026,1,quantity_decrease:template-02,True,True,True,True
openai/gpt-oss-120b,quantity_decrease_026,2,quantity_decrease:template-02,True,True,True,True
openai/gpt-oss-120b,quantity_decrease_027,0,quantity_decrease:template-03,True,True,True,True
openai/gpt-oss-120b,quantity_decrease_027,1,quantity_decrease:template-03,True,True,True,True
openai/gpt-oss-120b,quantity_decrease_027,2,quantity_decrease:template-03,True,True,True,True
openai/gpt-oss-120b,quantity_decrease_028,0,quantity_decrease:template-04,True,True,True,True
openai/gpt-oss-120b,quantity_decrease_028,1,quantity_decrease:template-04,True,True,True,True
openai/gpt-oss-120b,quantity_decrease_028,2,quantity_decrease:template-04,True,True,True,True
openai/gpt-oss-120b,quantity_decrease_029,0,quantity_decrease:template-05,True,True,True,True
openai/gpt-oss-120b,quantity_decrease_029,1,quantity_decrease:template-05,True,True,True,True
openai/gpt-oss-120b,quantity_decrease_029,2,quantity_decrease:template-05,True,True,True,True
openai/gpt-oss-120b,quantity_increase_000,0,quantity_increase:template-00,True,True,True,True
openai/gpt-oss-120b,quantity_increase_000,1,quantity_increase:template-00,True,True,True,True
openai/gpt-oss-120b,quantity_increase_000,2,quantity_increase:template-00,True,True,True,True
openai/gpt-oss-120b,quantity_increase_001,0,quantity_increase:template-01,True,True,True,True
openai/gpt-oss-120b,quantity_increase_001,1,quantity_increase:template-01,True,True,True,True
openai/gpt-oss-120b,quantity_increase_001,2,quantity_increase:template-01,True,True,True,True
openai/gpt-oss-120b,quantity_increase_002,0,quantity_increase:template-02,True,True,True,True
openai/gpt-oss-120b,quantity_increase_002,1,quantity_increase:template-02,True,True,True,True
openai/gpt-oss-120b,quantity_increase_002,2,quantity_increase:template-02,True,True,True,True
openai/gpt-oss-120b,quantity_increase_003,0,quantity_increase:template-03,True,True,True,True
openai/gpt-oss-120b,quantity_increase_003,1,quantity_increase:template-03,True,True,True,True
openai/gpt-oss-120b,quantity_increase_003,2,quantity_increase:template-03,True,True,True,True
openai/gpt-oss-120b,quantity_increase_004,0,quantity_increase:template-04,True,True,True,True
openai/gpt-oss-120b,quantity_increase_004,1,quantity_increase:template-04,True,True,True,True
openai/gpt-oss-120b,quantity_increase_004,2,quantity_increase:template-04,True,True,True,True
openai/gpt-oss-120b,quantity_increase_005,0,quantity_increase:template-05,True,True,True,True
openai/gpt-oss-120b,quantity_increase_005,1,quantity_increase:template-05,True,True,True,True
openai/gpt-oss-120b,quantity_increase_005,2,quantity_increase:template-05,True,True,True,True
openai/gpt-oss-120b,quantity_increase_006,0,quantity_increase:template-06,True,True,True,True
openai/gpt-oss-120b,quantity_increase_006,1,quantity_increase:template-06,True,True,True,True
openai/gpt-oss-120b,quantity_increase_006,2,quantity_increase:template-06,True,True,True,True
openai/gpt-oss-120b,quantity_increase_007,0,quantity_increase:template-07,True,True,True,True
openai/gpt-oss-120b,quantity_increase_007,1,quantity_increase:template-07,True,True,True,True
openai/gpt-oss-120b,quantity_increase_007,2,quantity_increase:template-07,True,True,True,True
openai/gpt-oss-120b,quantity_increase_008,0,quantity_increase:template-00,True,True,True,True
openai/gpt-oss-120b,quantity_increase_008,1,quantity_increase:template-00,True,True,True,True
openai/gpt-oss-120b,quantity_increase_008,2,quantity_increase:template-00,True,True,True,True
openai/gpt-oss-120b,quantity_increase_009,0,quantity_increase:template-01,True,True,True,True
openai/gpt-oss-120b,quantity_increase_009,1,quantity_increase:template-01,True,True,True,True
openai/gpt-oss-120b,quantity_increase_009,2,quantity_increase:template-01,True,True,True,True
openai/gpt-oss-120b,quantity_increase_010,0,quantity_increase:template-02,True,True,True,True
openai/gpt-oss-120b,quantity_increase_010,1,quantity_increase:template-02,True,True,True,True
openai/gpt-oss-120b,quantity_increase_010,2,quantity_increase:template-02,True,True,True,True
openai/gpt-oss-120b,quantity_increase_011,0,quantity_increase:template-03,True,True,True,True
openai/gpt-oss-120b,quantity_increase_011,1,quantity_increase:template-03,True,True,True,True
openai/gpt-oss-120b,quantity_increase_011,2,quantity_increase:template-03,True,True,True,True
openai/gpt-oss-120b,quantity_increase_012,0,quantity_increase:template-04,True,True,True,True
openai/gpt-oss-120b,quantity_increase_012,1,quantity_increase:template-04,True,True,True,True
openai/gpt-oss-120b,quantity_increase_012,2,quantity_increase:template-04,True,True,True,True
openai/gpt-oss-120b,quantity_increase_013,0,quantity_increase:template-05,True,True,True,True
openai/gpt-oss-120b,quantity_increase_013,1,quantity_increase:template-05,True,True,True,True
openai/gpt-oss-120b,quantity_increase_013,2,quantity_increase:template-05,True,True,True,True
openai/gpt-oss-120b,quantity_increase_014,0,quantity_increase:template-06,True,True,True,True
openai/gpt-oss-120b,quantity_increase_014,1,quantity_increase:template-06,True,True,True,True
openai/gpt-oss-120b,quantity_increase_014,2,quantity_increase:template-06,True,True,True,True
openai/gpt-oss-120b,quantity_increase_015,0,quantity_increase:template-07,True,True,True,True
openai/gpt-oss-120b,quantity_increase_015,1,quantity_increase:template-07,True,True,True,True
openai/gpt-oss-120b,quantity_increase_015,2,quantity_increase:template-07,True,True,True,True
openai/gpt-oss-120b,quantity_increase_016,0,quantity_increase:template-00,True,True,True,True
openai/gpt-oss-120b,quantity_increase_016,1,quantity_increase:template-00,True,True,True,True
openai/gpt-oss-120b,quantity_increase_016,2,quantity_increase:template-00,True,True,True,True
openai/gpt-oss-120b,quantity_increase_017,0,quantity_increase:template-01,True,True,True,True
openai/gpt-oss-120b,quantity_increase_017,1,quantity_increase:template-01,True,True,True,True
openai/gpt-oss-120b,quantity_increase_017,2,quantity_increase:template-01,True,True,True,True
openai/gpt-oss-120b,quantity_increase_018,0,quantity_increase:template-02,True,True,True,True
openai/gpt-oss-120b,quantity_increase_018,1,quantity_increase:template-02,True,True,True,True
openai/gpt-oss-120b,quantity_increase_018,2,quantity_increase:template-02,True,True,True,True
openai/gpt-oss-120b,quantity_increase_019,0,quantity_increase:template-03,True,True,True,True
openai/gpt-oss-120b,quantity_increase_019,1,quantity_increase:template-03,True,True,True,True
openai/gpt-oss-120b,quantity_increase_019,2,quantity_increase:template-03,True,True,True,True
openai/gpt-oss-120b,quantity_increase_020,0,quantity_increase:template-04,True,True,True,True
openai/gpt-oss-120b,quantity_increase_020,1,quantity_increase:template-04,True,True,True,True
openai/gpt-oss-120b,quantity_increase_020,2,quantity_increase:template-04,True,True,True,True
openai/gpt-oss-120b,quantity_increase_021,0,quantity_increase:template-05,True,True,True,True
openai/gpt-oss-120b,quantity_increase_021,1,quantity_increase:template-05,True,True,True,True
openai/gpt-oss-120b,quantity_increase_021,2,quantity_increase:template-05,True,True,True,True
openai/gpt-oss-120b,quantity_increase_022,0,quantity_increase:template-06,True,True,True,True
openai/gpt-oss-120b,quantity_increase_022,1,quantity_increase:template-06,True,True,True,True
openai/gpt-oss-120b,quantity_increase_022,2,quantity_increase:template-06,True,True,True,True
openai/gpt-oss-120b,quantity_increase_023,0,quantity_increase:template-07,True,True,True,True
openai/gpt-oss-120b,quantity_increase_023,1,quantity_increase:template-07,True,True,True,True
openai/gpt-oss-120b,quantity_increase_023,2,quantity_increase:template-07,True,True,True,True
openai/gpt-oss-120b,quantity_increase_024,0,quantity_increase:template-00,True,True,True,True
openai/gpt-oss-120b,quantity_increase_024,1,quantity_increase:template-00,True,True,True,True
openai/gpt-oss-120b,quantity_increase_024,2,quantity_increase:template-00,True,True,True,True
openai/gpt-oss-120b,quantity_increase_025,0,quantity_increase:template-01,True,True,True,True
openai/gpt-oss-120b,quantity_increase_025,1,quantity_increase:template-01,True,True,True,True
openai/gpt-oss-120b,quantity_increase_025,2,quantity_increase:template-01,True,True,True,True
openai/gpt-oss-120b,quantity_increase_026,0,quantity_increase:template-02,True,True,True,True
openai/gpt-oss-120b,quantity_increase_026,1,quantity_increase:template-02,True,True,True,True
openai/gpt-oss-120b,quantity_increase_026,2,quantity_increase:template-02,True,True,True,True
openai/gpt-oss-120b,quantity_increase_027,0,quantity_increase:template-03,True,True,True,True
openai/gpt-oss-120b,quantity_increase_027,1,quantity_increase:template-03,True,True,True,True
openai/gpt-oss-120b,quantity_increase_027,2,quantity_increase:template-03,True,True,True,True
openai/gpt-oss-120b,quantity_increase_028,0,quantity_increase:template-04,True,True,True,True
openai/gpt-oss-120b,quantity_increase_028,1,quantity_increase:template-04,True,True,True,True
openai/gpt-oss-120b,quantity_increase_028,2,quantity_increase:template-04,True,True,True,True
openai/gpt-oss-120b,quantity_increase_029,0,quantity_increase:template-05,True,True,True,True
openai/gpt-oss-120b,quantity_increase_029,1,quantity_increase:template-05,True,True,True,True
openai/gpt-oss-120b,quantity_increase_029,2,quantity_increase:template-05,True,True,True,True
openai/gpt-oss-120b,remove_scoped_duplicate_000,0,remove_scoped_duplicate:template-00,True,True,True,True
openai/gpt-oss-120b,remove_scoped_duplicate_000,1,remove_scoped_duplicate:template-00,True,True,True,True
openai/gpt-oss-120b,remove_scoped_duplicate_000,2,remove_scoped_duplicate:template-00,True,True,True,True
openai/gpt-oss-120b,remove_scoped_duplicate_001,0,remove_scoped_duplicate:template-01,True,True,True,True
openai/gpt-oss-120b,remove_scoped_duplicate_001,1,remove_scoped_duplicate:template-01,True,True,True,True
openai/gpt-oss-120b,remove_scoped_duplicate_001,2,remove_scoped_duplicate:template-01,True,True,True,True
openai/gpt-oss-120b,remove_scoped_duplicate_002,0,remove_scoped_duplicate:template-02,True,True,True,True
openai/gpt-oss-120b,remove_scoped_duplicate_002,1,remove_scoped_duplicate:template-02,True,True,True,True
openai/gpt-oss-120b,remove_scoped_duplicate_002,2,remove_scoped_duplicate:template-02,True,True,True,True
openai/gpt-oss-120b,remove_scoped_duplicate_003,0,remove_scoped_duplicate:template-03,True,True,True,True
openai/gpt-oss-120b,remove_scoped_duplicate_003,1,remove_scoped_duplicate:template-03,True,True,True,True
openai/gpt-oss-120b,remove_scoped_duplicate_003,2,remove_scoped_duplicate:template-03,True,True,True,True
openai/gpt-oss-120b,remove_scoped_duplicate_004,0,remove_scoped_duplicate:template-04,True,True,True,True
openai/gpt-oss-120b,remove_scoped_duplicate_004,1,remove_scoped_duplicate:template-04,True,True,True,True
openai/gpt-oss-120b,remove_scoped_duplicate_004,2,remove_scoped_duplicate:template-04,True,True,True,True
openai/gpt-oss-120b,remove_scoped_duplicate_005,0,remove_scoped_duplicate:template-05,True,True,True,True
openai/gpt-oss-120b,remove_scoped_duplicate_005,1,remove_scoped_duplicate:template-05,True,True,True,True
openai/gpt-oss-120b,remove_scoped_duplicate_005,2,remove_scoped_duplicate:template-05,True,True,True,True
openai/gpt-oss-120b,remove_scoped_duplicate_006,0,remove_scoped_duplicate:template-06,True,True,True,True
openai/gpt-oss-120b,remove_scoped_duplicate_006,1,remove_scoped_duplicate:template-06,True,True,True,True
openai/gpt-oss-120b,remove_scoped_duplicate_006,2,remove_scoped_duplicate:template-06,True,True,True,True
openai/gpt-oss-120b,remove_scoped_duplicate_007,0,remove_scoped_duplicate:template-07,True,True,True,True
openai/gpt-oss-120b,remove_scoped_duplicate_007,1,remove_scoped_duplicate:template-07,True,True,True,True
openai/gpt-oss-120b,remove_scoped_duplicate_007,2,remove_scoped_duplicate:template-07,True,True,True,True
openai/gpt-oss-120b,remove_scoped_duplicate_008,0,remove_scoped_duplicate:template-00,True,True,True,True
openai/gpt-oss-120b,remove_scoped_duplicate_008,1,remove_scoped_duplicate:template-00,True,True,True,True
openai/gpt-oss-120b,remove_scoped_duplicate_008,2,remove_scoped_duplicate:template-00,True,True,True,True
openai/gpt-oss-120b,remove_scoped_duplicate_009,0,remove_scoped_duplicate:template-01,True,True,True,True
openai/gpt-oss-120b,remove_scoped_duplicate_009,1,remove_scoped_duplicate:template-01,True,True,True,True
openai/gpt-oss-120b,remove_scoped_duplicate_009,2,remove_scoped_duplicate:template-01,True,True,True,True
openai/gpt-oss-120b,remove_scoped_duplicate_010,0,remove_scoped_duplicate:template-02,True,True,True,True
openai/gpt-oss-120b,remove_scoped_duplicate_010,1,remove_scoped_duplicate:template-02,True,True,True,True
openai/gpt-oss-120b,remove_scoped_duplicate_010,2,remove_scoped_duplicate:template-02,True,True,True,True
openai/gpt-oss-120b,remove_scoped_duplicate_011,0,remove_scoped_duplicate:template-03,True,True,True,True
openai/gpt-oss-120b,remove_scoped_duplicate_011,1,remove_scoped_duplicate:template-03,True,True,True,True
openai/gpt-oss-120b,remove_scoped_duplicate_011,2,remove_scoped_duplicate:template-03,True,True,True,True
openai/gpt-oss-120b,remove_scoped_duplicate_012,0,remove_scoped_duplicate:template-04,True,True,True,True
openai/gpt-oss-120b,remove_scoped_duplicate_012,1,remove_scoped_duplicate:template-04,True,True,True,True
openai/gpt-oss-120b,remove_scoped_duplicate_012,2,remove_scoped_duplicate:template-04,True,True,True,True
openai/gpt-oss-120b,remove_scoped_duplicate_013,0,remove_scoped_duplicate:template-05,True,True,True,True
openai/gpt-oss-120b,remove_scoped_duplicate_013,1,remove_scoped_duplicate:template-05,True,True,True,True
openai/gpt-oss-120b,remove_scoped_duplicate_013,2,remove_scoped_duplicate:template-05,True,True,True,True
openai/gpt-oss-120b,remove_scoped_duplicate_014,0,remove_scoped_duplicate:template-06,True,True,True,True
openai/gpt-oss-120b,remove_scoped_duplicate_014,1,remove_scoped_duplicate:template-06,True,True,True,True
openai/gpt-oss-120b,remove_scoped_duplicate_014,2,remove_scoped_duplicate:template-06,True,True,True,True
openai/gpt-oss-120b,remove_scoped_duplicate_015,0,remove_scoped_duplicate:template-07,True,True,True,True
openai/gpt-oss-120b,remove_scoped_duplicate_015,1,remove_scoped_duplicate:template-07,True,True,True,True
openai/gpt-oss-120b,remove_scoped_duplicate_015,2,remove_scoped_duplicate:template-07,True,True,True,True
openai/gpt-oss-120b,remove_scoped_duplicate_016,0,remove_scoped_duplicate:template-00,True,True,True,True
openai/gpt-oss-120b,remove_scoped_duplicate_016,1,remove_scoped_duplicate:template-00,True,True,True,True
openai/gpt-oss-120b,remove_scoped_duplicate_016,2,remove_scoped_duplicate:template-00,True,True,True,True
openai/gpt-oss-120b,remove_scoped_duplicate_017,0,remove_scoped_duplicate:template-01,True,True,True,True
openai/gpt-oss-120b,remove_scoped_duplicate_017,1,remove_scoped_duplicate:template-01,True,True,True,True
openai/gpt-oss-120b,remove_scoped_duplicate_017,2,remove_scoped_duplicate:template-01,True,True,True,True
openai/gpt-oss-120b,remove_scoped_duplicate_018,0,remove_scoped_duplicate:template-02,True,True,True,True
openai/gpt-oss-120b,remove_scoped_duplicate_018,1,remove_scoped_duplicate:template-02,True,True,True,True
openai/gpt-oss-120b,remove_scoped_duplicate_018,2,remove_scoped_duplicate:template-02,True,True,True,True
openai/gpt-oss-120b,remove_scoped_duplicate_019,0,remove_scoped_duplicate:template-03,True,True,True,True
openai/gpt-oss-120b,remove_scoped_duplicate_019,1,remove_scoped_duplicate:template-03,True,True,True,True
openai/gpt-oss-120b,remove_scoped_duplicate_019,2,remove_scoped_duplicate:template-03,True,True,True,True
openai/gpt-oss-120b,remove_scoped_duplicate_020,0,remove_scoped_duplicate:template-04,True,True,True,True
openai/gpt-oss-120b,remove_scoped_duplicate_020,1,remove_scoped_duplicate:template-04,True,True,True,True
openai/gpt-oss-120b,remove_scoped_duplicate_020,2,remove_scoped_duplicate:template-04,True,True,True,True
openai/gpt-oss-120b,remove_scoped_duplicate_021,0,remove_scoped_duplicate:template-05,True,True,True,True
openai/gpt-oss-120b,remove_scoped_duplicate_021,1,remove_scoped_duplicate:template-05,True,True,True,True
openai/gpt-oss-120b,remove_scoped_duplicate_021,2,remove_scoped_duplicate:template-05,True,True,True,True
openai/gpt-oss-120b,remove_scoped_duplicate_022,0,remove_scoped_duplicate:template-06,True,True,True,True
openai/gpt-oss-120b,remove_scoped_duplicate_022,1,remove_scoped_duplicate:template-06,True,True,True,True
openai/gpt-oss-120b,remove_scoped_duplicate_022,2,remove_scoped_duplicate:template-06,True,True,True,True
openai/gpt-oss-120b,remove_scoped_duplicate_023,0,remove_scoped_duplicate:template-07,True,True,True,True
openai/gpt-oss-120b,remove_scoped_duplicate_023,1,remove_scoped_duplicate:template-07,True,True,True,True
openai/gpt-oss-120b,remove_scoped_duplicate_023,2,remove_scoped_duplicate:template-07,True,True,True,True
openai/gpt-oss-120b,remove_scoped_duplicate_024,0,remove_scoped_duplicate:template-00,True,True,True,True
openai/gpt-oss-120b,remove_scoped_duplicate_024,1,remove_scoped_duplicate:template-00,True,True,True,True
openai/gpt-oss-120b,remove_scoped_duplicate_024,2,remove_scoped_duplicate:template-00,True,True,True,True
openai/gpt-oss-120b,remove_scoped_duplicate_025,0,remove_scoped_duplicate:template-01,True,True,True,True
openai/gpt-oss-120b,remove_scoped_duplicate_025,1,remove_scoped_duplicate:template-01,True,True,True,True
openai/gpt-oss-120b,remove_scoped_duplicate_025,2,remove_scoped_duplicate:template-01,True,True,True,True
openai/gpt-oss-120b,remove_scoped_duplicate_026,0,remove_scoped_duplicate:template-02,True,True,True,True
openai/gpt-oss-120b,remove_scoped_duplicate_026,1,remove_scoped_duplicate:template-02,True,True,True,True
openai/gpt-oss-120b,remove_scoped_duplicate_026,2,remove_scoped_duplicate:template-02,True,True,True,True
openai/gpt-oss-120b,remove_scoped_duplicate_027,0,remove_scoped_duplicate:template-03,True,True,True,True
openai/gpt-oss-120b,remove_scoped_duplicate_027,1,remove_scoped_duplicate:template-03,True,True,True,True
openai/gpt-oss-120b,remove_scoped_duplicate_027,2,remove_scoped_duplicate:template-03,True,True,True,True
openai/gpt-oss-120b,remove_scoped_duplicate_028,0,remove_scoped_duplicate:template-04,True,True,True,True
openai/gpt-oss-120b,remove_scoped_duplicate_028,1,remove_scoped_duplicate:template-04,True,True,True,True
openai/gpt-oss-120b,remove_scoped_duplicate_028,2,remove_scoped_duplicate:template-04,True,True,True,True
openai/gpt-oss-120b,remove_scoped_duplicate_029,0,remove_scoped_duplicate:template-05,True,True,True,True
openai/gpt-oss-120b,remove_scoped_duplicate_029,1,remove_scoped_duplicate:template-05,True,True,True,True
openai/gpt-oss-120b,remove_scoped_duplicate_029,2,remove_scoped_duplicate:template-05,True,True,True,True
openai/gpt-oss-120b,replace_item_000,0,replace_item:template-00,True,True,True,True
openai/gpt-oss-120b,replace_item_000,1,replace_item:template-00,True,True,True,True
openai/gpt-oss-120b,replace_item_000,2,replace_item:template-00,True,True,True,True
openai/gpt-oss-120b,replace_item_001,0,replace_item:template-01,True,True,True,True
openai/gpt-oss-120b,replace_item_001,1,replace_item:template-01,True,True,True,True
openai/gpt-oss-120b,replace_item_001,2,replace_item:template-01,True,True,True,True
openai/gpt-oss-120b,replace_item_002,0,replace_item:template-02,True,True,True,True
openai/gpt-oss-120b,replace_item_002,1,replace_item:template-02,True,True,True,True
openai/gpt-oss-120b,replace_item_002,2,replace_item:template-02,True,True,True,True
openai/gpt-oss-120b,replace_item_003,0,replace_item:template-03,True,True,True,True
openai/gpt-oss-120b,replace_item_003,1,replace_item:template-03,True,True,True,True
openai/gpt-oss-120b,replace_item_003,2,replace_item:template-03,True,True,True,True
openai/gpt-oss-120b,replace_item_004,0,replace_item:template-04,True,True,True,True
openai/gpt-oss-120b,replace_item_004,1,replace_item:template-04,True,True,True,True
openai/gpt-oss-120b,replace_item_004,2,replace_item:template-04,True,True,True,True
openai/gpt-oss-120b,replace_item_005,0,replace_item:template-05,True,True,True,True
openai/gpt-oss-120b,replace_item_005,1,replace_item:template-05,True,True,True,True
openai/gpt-oss-120b,replace_item_005,2,replace_item:template-05,True,True,True,True
openai/gpt-oss-120b,replace_item_006,0,replace_item:template-06,True,True,True,True
openai/gpt-oss-120b,replace_item_006,1,replace_item:template-06,True,True,True,True
openai/gpt-oss-120b,replace_item_006,2,replace_item:template-06,True,True,True,True
openai/gpt-oss-120b,replace_item_007,0,replace_item:template-07,True,True,True,True
openai/gpt-oss-120b,replace_item_007,1,replace_item:template-07,True,True,True,True
openai/gpt-oss-120b,replace_item_007,2,replace_item:template-07,True,True,True,True
openai/gpt-oss-120b,replace_item_008,0,replace_item:template-00,True,True,True,True
openai/gpt-oss-120b,replace_item_008,1,replace_item:template-00,True,True,True,True
openai/gpt-oss-120b,replace_item_008,2,replace_item:template-00,True,True,True,True
openai/gpt-oss-120b,replace_item_009,0,replace_item:template-01,True,True,True,True
openai/gpt-oss-120b,replace_item_009,1,replace_item:template-01,True,True,True,True
openai/gpt-oss-120b,replace_item_009,2,replace_item:template-01,True,True,True,True
openai/gpt-oss-120b,replace_item_010,0,replace_item:template-02,True,True,True,True
openai/gpt-oss-120b,replace_item_010,1,replace_item:template-02,True,True,True,True
openai/gpt-oss-120b,replace_item_010,2,replace_item:template-02,True,True,True,True
openai/gpt-oss-120b,replace_item_011,0,replace_item:template-03,True,True,True,True
openai/gpt-oss-120b,replace_item_011,1,replace_item:template-03,True,True,True,True
openai/gpt-oss-120b,replace_item_011,2,replace_item:template-03,True,True,True,True
openai/gpt-oss-120b,replace_item_012,0,replace_item:template-04,True,True,True,True
openai/gpt-oss-120b,replace_item_012,1,replace_item:template-04,True,True,True,True
openai/gpt-oss-120b,replace_item_012,2,replace_item:template-04,True,True,True,True
openai/gpt-oss-120b,replace_item_013,0,replace_item:template-05,True,True,True,True
openai/gpt-oss-120b,replace_item_013,1,replace_item:template-05,True,True,True,True
openai/gpt-oss-120b,replace_item_013,2,replace_item:template-05,True,True,True,True
openai/gpt-oss-120b,replace_item_014,0,replace_item:template-06,True,True,True,True
openai/gpt-oss-120b,replace_item_014,1,replace_item:template-06,True,True,True,True
openai/gpt-oss-120b,replace_item_014,2,replace_item:template-06,True,True,True,True
openai/gpt-oss-120b,replace_item_015,0,replace_item:template-07,True,True,True,True
openai/gpt-oss-120b,replace_item_015,1,replace_item:template-07,True,True,True,True
openai/gpt-oss-120b,replace_item_015,2,replace_item:template-07,True,True,True,True
openai/gpt-oss-120b,replace_item_016,0,replace_item:template-00,True,True,True,True
openai/gpt-oss-120b,replace_item_016,1,replace_item:template-00,True,True,True,True
openai/gpt-oss-120b,replace_item_016,2,replace_item:template-00,True,True,True,True
openai/gpt-oss-120b,replace_item_017,0,replace_item:template-01,True,True,True,True
openai/gpt-oss-120b,replace_item_017,1,replace_item:template-01,True,True,True,True
openai/gpt-oss-120b,replace_item_017,2,replace_item:template-01,True,True,True,True
openai/gpt-oss-120b,replace_item_018,0,replace_item:template-02,True,True,True,True
openai/gpt-oss-120b,replace_item_018,1,replace_item:template-02,True,True,True,True
openai/gpt-oss-120b,replace_item_018,2,replace_item:template-02,True,True,True,True
openai/gpt-oss-120b,replace_item_019,0,replace_item:template-03,True,True,True,True
openai/gpt-oss-120b,replace_item_019,1,replace_item:template-03,True,True,True,True
openai/gpt-oss-120b,replace_item_019,2,replace_item:template-03,True,True,True,True
openai/gpt-oss-120b,replace_item_020,0,replace_item:template-04,True,True,True,True
openai/gpt-oss-120b,replace_item_020,1,replace_item:template-04,True,True,True,True
openai/gpt-oss-120b,replace_item_020,2,replace_item:template-04,True,True,True,True
openai/gpt-oss-120b,replace_item_021,0,replace_item:template-05,True,True,True,True
openai/gpt-oss-120b,replace_item_021,1,replace_item:template-05,True,True,True,True
openai/gpt-oss-120b,replace_item_021,2,replace_item:template-05,True,True,True,True
openai/gpt-oss-120b,replace_item_022,0,replace_item:template-06,True,True,True,True
openai/gpt-oss-120b,replace_item_022,1,replace_item:template-06,True,True,True,True
openai/gpt-oss-120b,replace_item_022,2,replace_item:template-06,True,True,True,True
openai/gpt-oss-120b,replace_item_023,0,replace_item:template-07,True,True,True,True
openai/gpt-oss-120b,replace_item_023,1,replace_item:template-07,True,True,True,True
openai/gpt-oss-120b,replace_item_023,2,replace_item:template-07,True,True,True,True
openai/gpt-oss-120b,replace_item_024,0,replace_item:template-00,True,True,True,True
openai/gpt-oss-120b,replace_item_024,1,replace_item:template-00,True,True,True,True
openai/gpt-oss-120b,replace_item_024,2,replace_item:template-00,True,True,True,True
openai/gpt-oss-120b,replace_item_025,0,replace_item:template-01,True,True,True,True
openai/gpt-oss-120b,replace_item_025,1,replace_item:template-01,True,True,True,True
openai/gpt-oss-120b,replace_item_025,2,replace_item:template-01,True,True,True,True
openai/gpt-oss-120b,replace_item_026,0,replace_item:template-02,True,True,True,True
openai/gpt-oss-120b,replace_item_026,1,replace_item:template-02,True,True,True,True
openai/gpt-oss-120b,replace_item_026,2,replace_item:template-02,True,True,True,True
openai/gpt-oss-120b,replace_item_027,0,replace_item:template-03,True,True,True,True
openai/gpt-oss-120b,replace_item_027,1,replace_item:template-03,True,True,True,True
openai/gpt-oss-120b,replace_item_027,2,replace_item:template-03,True,True,True,True
openai/gpt-oss-120b,replace_item_028,0,replace_item:template-04,True,True,True,True
openai/gpt-oss-120b,replace_item_028,1,replace_item:template-04,True,True,True,True
openai/gpt-oss-120b,replace_item_028,2,replace_item:template-04,True,True,True,True
openai/gpt-oss-120b,replace_item_029,0,replace_item:template-05,True,True,True,True
openai/gpt-oss-120b,replace_item_029,1,replace_item:template-05,True,True,True,True
openai/gpt-oss-120b,replace_item_029,2,replace_item:template-05,True,True,True,True
openai/gpt-oss-120b,size_change_scoped_000,0,size_change_scoped:template-00,True,True,True,True
openai/gpt-oss-120b,size_change_scoped_000,1,size_change_scoped:template-00,True,True,True,True
openai/gpt-oss-120b,size_change_scoped_000,2,size_change_scoped:template-00,True,True,True,True
openai/gpt-oss-120b,size_change_scoped_001,0,size_change_scoped:template-01,True,True,True,True
openai/gpt-oss-120b,size_change_scoped_001,1,size_change_scoped:template-01,True,True,True,True
openai/gpt-oss-120b,size_change_scoped_001,2,size_change_scoped:template-01,True,True,True,True
openai/gpt-oss-120b,size_change_scoped_002,0,size_change_scoped:template-02,True,True,True,True
openai/gpt-oss-120b,size_change_scoped_002,1,size_change_scoped:template-02,True,True,True,True
openai/gpt-oss-120b,size_change_scoped_002,2,size_change_scoped:template-02,True,True,True,True
openai/gpt-oss-120b,size_change_scoped_003,0,size_change_scoped:template-03,True,True,True,True
openai/gpt-oss-120b,size_change_scoped_003,1,size_change_scoped:template-03,True,True,True,True
openai/gpt-oss-120b,size_change_scoped_003,2,size_change_scoped:template-03,True,True,True,True
openai/gpt-oss-120b,size_change_scoped_004,0,size_change_scoped:template-04,True,True,True,True
openai/gpt-oss-120b,size_change_scoped_004,1,size_change_scoped:template-04,True,True,True,True
openai/gpt-oss-120b,size_change_scoped_004,2,size_change_scoped:template-04,True,True,True,True
openai/gpt-oss-120b,size_change_scoped_005,0,size_change_scoped:template-05,True,True,True,True
openai/gpt-oss-120b,size_change_scoped_005,1,size_change_scoped:template-05,True,True,True,True
openai/gpt-oss-120b,size_change_scoped_005,2,size_change_scoped:template-05,True,True,True,True
openai/gpt-oss-120b,size_change_scoped_006,0,size_change_scoped:template-06,True,True,True,True
openai/gpt-oss-120b,size_change_scoped_006,1,size_change_scoped:template-06,True,True,True,True
openai/gpt-oss-120b,size_change_scoped_006,2,size_change_scoped:template-06,True,True,True,True
openai/gpt-oss-120b,size_change_scoped_007,0,size_change_scoped:template-07,True,True,True,True
openai/gpt-oss-120b,size_change_scoped_007,1,size_change_scoped:template-07,True,True,True,True
openai/gpt-oss-120b,size_change_scoped_007,2,size_change_scoped:template-07,True,True,True,True
openai/gpt-oss-120b,size_change_scoped_008,0,size_change_scoped:template-00,True,True,True,True
openai/gpt-oss-120b,size_change_scoped_008,1,size_change_scoped:template-00,True,True,True,True
openai/gpt-oss-120b,size_change_scoped_008,2,size_change_scoped:template-00,True,True,True,True
openai/gpt-oss-120b,size_change_scoped_009,0,size_change_scoped:template-01,True,True,True,True
openai/gpt-oss-120b,size_change_scoped_009,1,size_change_scoped:template-01,True,True,True,True
openai/gpt-oss-120b,size_change_scoped_009,2,size_change_scoped:template-01,True,True,True,True
openai/gpt-oss-120b,size_change_scoped_010,0,size_change_scoped:template-02,True,True,True,True
openai/gpt-oss-120b,size_change_scoped_010,1,size_change_scoped:template-02,True,True,True,True
openai/gpt-oss-120b,size_change_scoped_010,2,size_change_scoped:template-02,True,True,True,True
openai/gpt-oss-120b,size_change_scoped_011,0,size_change_scoped:template-03,True,True,True,True
openai/gpt-oss-120b,size_change_scoped_011,1,size_change_scoped:template-03,True,True,True,True
openai/gpt-oss-120b,size_change_scoped_011,2,size_change_scoped:template-03,True,True,True,True
openai/gpt-oss-120b,size_change_scoped_012,0,size_change_scoped:template-04,True,True,True,True
openai/gpt-oss-120b,size_change_scoped_012,1,size_change_scoped:template-04,True,True,True,True
openai/gpt-oss-120b,size_change_scoped_012,2,size_change_scoped:template-04,True,True,True,True
openai/gpt-oss-120b,size_change_scoped_013,0,size_change_scoped:template-05,True,True,True,True
openai/gpt-oss-120b,size_change_scoped_013,1,size_change_scoped:template-05,True,True,True,True
openai/gpt-oss-120b,size_change_scoped_013,2,size_change_scoped:template-05,True,True,True,True
openai/gpt-oss-120b,size_change_scoped_014,0,size_change_scoped:template-06,True,True,True,True
openai/gpt-oss-120b,size_change_scoped_014,1,size_change_scoped:template-06,True,True,True,True
openai/gpt-oss-120b,size_change_scoped_014,2,size_change_scoped:template-06,True,True,True,True
openai/gpt-oss-120b,size_change_scoped_015,0,size_change_scoped:template-07,True,True,True,True
openai/gpt-oss-120b,size_change_scoped_015,1,size_change_scoped:template-07,True,True,True,True
openai/gpt-oss-120b,size_change_scoped_015,2,size_change_scoped:template-07,True,True,True,True
openai/gpt-oss-120b,size_change_scoped_016,0,size_change_scoped:template-00,True,True,True,True
openai/gpt-oss-120b,size_change_scoped_016,1,size_change_scoped:template-00,True,True,True,True
openai/gpt-oss-120b,size_change_scoped_016,2,size_change_scoped:template-00,True,True,True,True
openai/gpt-oss-120b,size_change_scoped_017,0,size_change_scoped:template-01,True,True,True,True
openai/gpt-oss-120b,size_change_scoped_017,1,size_change_scoped:template-01,True,True,True,True
openai/gpt-oss-120b,size_change_scoped_017,2,size_change_scoped:template-01,True,True,True,True
openai/gpt-oss-120b,size_change_scoped_018,0,size_change_scoped:template-02,True,True,True,True
openai/gpt-oss-120b,size_change_scoped_018,1,size_change_scoped:template-02,True,True,True,True
openai/gpt-oss-120b,size_change_scoped_018,2,size_change_scoped:template-02,True,True,True,True
openai/gpt-oss-120b,size_change_scoped_019,0,size_change_scoped:template-03,True,True,True,True
openai/gpt-oss-120b,size_change_scoped_019,1,size_change_scoped:template-03,True,True,True,True
openai/gpt-oss-120b,size_change_scoped_019,2,size_change_scoped:template-03,True,True,True,True
openai/gpt-oss-120b,size_change_scoped_020,0,size_change_scoped:template-04,True,True,True,True
openai/gpt-oss-120b,size_change_scoped_020,1,size_change_scoped:template-04,True,True,True,True
openai/gpt-oss-120b,size_change_scoped_020,2,size_change_scoped:template-04,True,True,True,True
openai/gpt-oss-120b,size_change_scoped_021,0,size_change_scoped:template-05,True,True,True,True
openai/gpt-oss-120b,size_change_scoped_021,1,size_change_scoped:template-05,True,True,True,True
openai/gpt-oss-120b,size_change_scoped_021,2,size_change_scoped:template-05,True,True,True,True
openai/gpt-oss-120b,size_change_scoped_022,0,size_change_scoped:template-06,True,True,True,True
openai/gpt-oss-120b,size_change_scoped_022,1,size_change_scoped:template-06,True,True,True,True
openai/gpt-oss-120b,size_change_scoped_022,2,size_change_scoped:template-06,True,True,True,True
openai/gpt-oss-120b,size_change_scoped_023,0,size_change_scoped:template-07,True,True,True,True
openai/gpt-oss-120b,size_change_scoped_023,1,size_change_scoped:template-07,True,True,True,True
openai/gpt-oss-120b,size_change_scoped_023,2,size_change_scoped:template-07,True,True,True,True
openai/gpt-oss-120b,size_change_scoped_024,0,size_change_scoped:template-00,True,True,True,True
openai/gpt-oss-120b,size_change_scoped_024,1,size_change_scoped:template-00,True,True,True,True
openai/gpt-oss-120b,size_change_scoped_024,2,size_change_scoped:template-00,True,True,True,True
openai/gpt-oss-120b,size_change_scoped_025,0,size_change_scoped:template-01,True,True,True,True
openai/gpt-oss-120b,size_change_scoped_025,1,size_change_scoped:template-01,True,True,True,True
openai/gpt-oss-120b,size_change_scoped_025,2,size_change_scoped:template-01,True,True,True,True
openai/gpt-oss-120b,size_change_scoped_026,0,size_change_scoped:template-02,True,True,True,True
openai/gpt-oss-120b,size_change_scoped_026,1,size_change_scoped:template-02,True,True,True,True
openai/gpt-oss-120b,size_change_scoped_026,2,size_change_scoped:template-02,True,True,True,True
openai/gpt-oss-120b,size_change_scoped_027,0,size_change_scoped:template-03,True,True,True,True
openai/gpt-oss-120b,size_change_scoped_027,1,size_change_scoped:template-03,True,True,True,True
openai/gpt-oss-120b,size_change_scoped_027,2,size_change_scoped:template-03,True,True,True,True
openai/gpt-oss-120b,size_change_scoped_028,0,size_change_scoped:template-04,True,True,True,True
openai/gpt-oss-120b,size_change_scoped_028,1,size_change_scoped:template-04,True,True,True,True
openai/gpt-oss-120b,size_change_scoped_028,2,size_change_scoped:template-04,True,True,True,True
openai/gpt-oss-120b,size_change_scoped_029,0,size_change_scoped:template-05,True,True,True,True
openai/gpt-oss-120b,size_change_scoped_029,1,size_change_scoped:template-05,True,True,True,True
openai/gpt-oss-120b,size_change_scoped_029,2,size_change_scoped:template-05,True,True,True,True
openai/gpt-oss-120b,stale_reference_000,0,stale_reference:template-00,True,True,True,True
openai/gpt-oss-120b,stale_reference_000,1,stale_reference:template-00,True,True,True,True
openai/gpt-oss-120b,stale_reference_000,2,stale_reference:template-00,True,True,True,True
openai/gpt-oss-120b,stale_reference_001,0,stale_reference:template-01,True,True,True,True
openai/gpt-oss-120b,stale_reference_001,1,stale_reference:template-01,True,True,True,True
openai/gpt-oss-120b,stale_reference_001,2,stale_reference:template-01,True,True,True,True
openai/gpt-oss-120b,stale_reference_002,0,stale_reference:template-02,True,True,True,True
openai/gpt-oss-120b,stale_reference_002,1,stale_reference:template-02,True,True,True,True
openai/gpt-oss-120b,stale_reference_002,2,stale_reference:template-02,True,True,True,True
openai/gpt-oss-120b,stale_reference_003,0,stale_reference:template-03,True,True,True,True
openai/gpt-oss-120b,stale_reference_003,1,stale_reference:template-03,True,True,True,True
openai/gpt-oss-120b,stale_reference_003,2,stale_reference:template-03,True,True,True,True
openai/gpt-oss-120b,stale_reference_004,0,stale_reference:template-04,True,True,True,True
openai/gpt-oss-120b,stale_reference_004,1,stale_reference:template-04,True,True,True,True
openai/gpt-oss-120b,stale_reference_004,2,stale_reference:template-04,True,True,True,True
openai/gpt-oss-120b,stale_reference_005,0,stale_reference:template-05,True,True,True,True
openai/gpt-oss-120b,stale_reference_005,1,stale_reference:template-05,True,True,True,True
openai/gpt-oss-120b,stale_reference_005,2,stale_reference:template-05,True,True,True,True
openai/gpt-oss-120b,stale_reference_006,0,stale_reference:template-06,True,True,True,True
openai/gpt-oss-120b,stale_reference_006,1,stale_reference:template-06,True,True,True,True
openai/gpt-oss-120b,stale_reference_006,2,stale_reference:template-06,True,True,True,True
openai/gpt-oss-120b,stale_reference_007,0,stale_reference:template-07,True,True,True,True
openai/gpt-oss-120b,stale_reference_007,1,stale_reference:template-07,True,True,True,True
openai/gpt-oss-120b,stale_reference_007,2,stale_reference:template-07,True,True,True,True
openai/gpt-oss-120b,stale_reference_008,0,stale_reference:template-00,True,True,True,True
openai/gpt-oss-120b,stale_reference_008,1,stale_reference:template-00,True,True,True,True
openai/gpt-oss-120b,stale_reference_008,2,stale_reference:template-00,True,True,True,True
openai/gpt-oss-120b,stale_reference_009,0,stale_reference:template-01,True,True,True,True
openai/gpt-oss-120b,stale_reference_009,1,stale_reference:template-01,True,True,True,True
openai/gpt-oss-120b,stale_reference_009,2,stale_reference:template-01,True,True,True,True
openai/gpt-oss-120b,stale_reference_010,0,stale_reference:template-02,True,True,True,True
openai/gpt-oss-120b,stale_reference_010,1,stale_reference:template-02,True,True,True,True
openai/gpt-oss-120b,stale_reference_010,2,stale_reference:template-02,True,True,True,True
openai/gpt-oss-120b,stale_reference_011,0,stale_reference:template-03,True,True,True,True
openai/gpt-oss-120b,stale_reference_011,1,stale_reference:template-03,True,True,True,True
openai/gpt-oss-120b,stale_reference_011,2,stale_reference:template-03,True,True,True,True
openai/gpt-oss-120b,stale_reference_012,0,stale_reference:template-04,True,True,True,True
openai/gpt-oss-120b,stale_reference_012,1,stale_reference:template-04,True,True,True,True
openai/gpt-oss-120b,stale_reference_012,2,stale_reference:template-04,True,True,True,True
openai/gpt-oss-120b,stale_reference_013,0,stale_reference:template-05,True,True,True,True
openai/gpt-oss-120b,stale_reference_013,1,stale_reference:template-05,True,True,True,True
openai/gpt-oss-120b,stale_reference_013,2,stale_reference:template-05,True,True,True,True
openai/gpt-oss-120b,stale_reference_014,0,stale_reference:template-06,True,True,True,True
openai/gpt-oss-120b,stale_reference_014,1,stale_reference:template-06,True,True,True,True
openai/gpt-oss-120b,stale_reference_014,2,stale_reference:template-06,True,True,True,True
openai/gpt-oss-120b,stale_reference_015,0,stale_reference:template-07,True,True,True,True
openai/gpt-oss-120b,stale_reference_015,1,stale_reference:template-07,True,True,True,True
openai/gpt-oss-120b,stale_reference_015,2,stale_reference:template-07,True,True,True,True
openai/gpt-oss-120b,stale_reference_016,0,stale_reference:template-00,True,True,True,True
openai/gpt-oss-120b,stale_reference_016,1,stale_reference:template-00,True,True,True,True
openai/gpt-oss-120b,stale_reference_016,2,stale_reference:template-00,True,True,True,True
openai/gpt-oss-120b,stale_reference_017,0,stale_reference:template-01,True,True,True,True
openai/gpt-oss-120b,stale_reference_017,1,stale_reference:template-01,True,True,True,True
openai/gpt-oss-120b,stale_reference_017,2,stale_reference:template-01,True,True,True,True
openai/gpt-oss-120b,stale_reference_018,0,stale_reference:template-02,True,True,True,True
openai/gpt-oss-120b,stale_reference_018,1,stale_reference:template-02,True,True,True,True
openai/gpt-oss-120b,stale_reference_018,2,stale_reference:template-02,True,True,True,True
openai/gpt-oss-120b,stale_reference_019,0,stale_reference:template-03,True,True,True,True
openai/gpt-oss-120b,stale_reference_019,1,stale_reference:template-03,True,True,True,True
openai/gpt-oss-120b,stale_reference_019,2,stale_reference:template-03,True,True,True,True
openai/gpt-oss-120b,stale_reference_020,0,stale_reference:template-04,True,True,True,True
openai/gpt-oss-120b,stale_reference_020,1,stale_reference:template-04,True,True,True,True
openai/gpt-oss-120b,stale_reference_020,2,stale_reference:template-04,True,True,True,True
openai/gpt-oss-120b,stale_reference_021,0,stale_reference:template-05,True,True,True,True
openai/gpt-oss-120b,stale_reference_021,1,stale_reference:template-05,True,True,True,True
openai/gpt-oss-120b,stale_reference_021,2,stale_reference:template-05,True,True,True,True
openai/gpt-oss-120b,stale_reference_022,0,stale_reference:template-06,True,True,True,True
openai/gpt-oss-120b,stale_reference_022,1,stale_reference:template-06,True,True,True,True
openai/gpt-oss-120b,stale_reference_022,2,stale_reference:template-06,True,True,True,True
openai/gpt-oss-120b,stale_reference_023,0,stale_reference:template-07,True,True,True,True
openai/gpt-oss-120b,stale_reference_023,1,stale_reference:template-07,True,True,True,True
openai/gpt-oss-120b,stale_reference_023,2,stale_reference:template-07,True,True,True,True
openai/gpt-oss-120b,stale_reference_024,0,stale_reference:template-00,True,True,True,True
openai/gpt-oss-120b,stale_reference_024,1,stale_reference:template-00,True,True,True,True
openai/gpt-oss-120b,stale_reference_024,2,stale_reference:template-00,True,True,True,True
openai/gpt-oss-120b,stale_reference_025,0,stale_reference:template-01,True,True,True,True
openai/gpt-oss-120b,stale_reference_025,1,stale_reference:template-01,True,True,True,True
openai/gpt-oss-120b,stale_reference_025,2,stale_reference:template-01,True,True,True,True
openai/gpt-oss-120b,stale_reference_026,0,stale_reference:template-02,True,True,True,True
openai/gpt-oss-120b,stale_reference_026,1,stale_reference:template-02,True,True,True,True
openai/gpt-oss-120b,stale_reference_026,2,stale_reference:template-02,True,True,True,True
openai/gpt-oss-120b,stale_reference_027,0,stale_reference:template-03,True,True,True,True
openai/gpt-oss-120b,stale_reference_027,1,stale_reference:template-03,True,True,True,True
openai/gpt-oss-120b,stale_reference_027,2,stale_reference:template-03,True,True,True,True
openai/gpt-oss-120b,stale_reference_028,0,stale_reference:template-04,True,True,True,True
openai/gpt-oss-120b,stale_reference_028,1,stale_reference:template-04,True,True,True,True
openai/gpt-oss-120b,stale_reference_028,2,stale_reference:template-04,True,True,True,True
openai/gpt-oss-120b,stale_reference_029,0,stale_reference:template-05,True,True,True,True
openai/gpt-oss-120b,stale_reference_029,1,stale_reference:template-05,True,True,True,True
openai/gpt-oss-120b,stale_reference_029,2,stale_reference:template-05,True,True,True,True
openai/gpt-oss-120b,unavailable_add_000,0,unavailable_add:template-00,True,True,True,True
openai/gpt-oss-120b,unavailable_add_000,1,unavailable_add:template-00,True,True,True,True
openai/gpt-oss-120b,unavailable_add_000,2,unavailable_add:template-00,True,True,True,True
openai/gpt-oss-120b,unavailable_add_001,0,unavailable_add:template-01,True,True,True,True
openai/gpt-oss-120b,unavailable_add_001,1,unavailable_add:template-01,True,True,True,True
openai/gpt-oss-120b,unavailable_add_001,2,unavailable_add:template-01,True,True,True,True
openai/gpt-oss-120b,unavailable_add_002,0,unavailable_add:template-02,True,True,True,True
openai/gpt-oss-120b,unavailable_add_002,1,unavailable_add:template-02,True,True,True,True
openai/gpt-oss-120b,unavailable_add_002,2,unavailable_add:template-02,True,True,True,True
openai/gpt-oss-120b,unavailable_add_003,0,unavailable_add:template-03,True,True,True,True
openai/gpt-oss-120b,unavailable_add_003,1,unavailable_add:template-03,True,True,True,True
openai/gpt-oss-120b,unavailable_add_003,2,unavailable_add:template-03,True,True,True,True
openai/gpt-oss-120b,unavailable_add_004,0,unavailable_add:template-04,True,True,True,True
openai/gpt-oss-120b,unavailable_add_004,1,unavailable_add:template-04,True,True,True,True
openai/gpt-oss-120b,unavailable_add_004,2,unavailable_add:template-04,True,True,True,True
openai/gpt-oss-120b,unavailable_add_005,0,unavailable_add:template-05,True,True,True,True
openai/gpt-oss-120b,unavailable_add_005,1,unavailable_add:template-05,True,True,True,True
openai/gpt-oss-120b,unavailable_add_005,2,unavailable_add:template-05,True,True,True,True
openai/gpt-oss-120b,unavailable_add_006,0,unavailable_add:template-06,True,True,True,True
openai/gpt-oss-120b,unavailable_add_006,1,unavailable_add:template-06,True,True,True,True
openai/gpt-oss-120b,unavailable_add_006,2,unavailable_add:template-06,True,True,True,True
openai/gpt-oss-120b,unavailable_add_007,0,unavailable_add:template-07,True,True,True,True
openai/gpt-oss-120b,unavailable_add_007,1,unavailable_add:template-07,True,True,True,True
openai/gpt-oss-120b,unavailable_add_007,2,unavailable_add:template-07,True,True,True,True
openai/gpt-oss-120b,unavailable_add_008,0,unavailable_add:template-00,True,True,True,True
openai/gpt-oss-120b,unavailable_add_008,1,unavailable_add:template-00,True,True,True,True
openai/gpt-oss-120b,unavailable_add_008,2,unavailable_add:template-00,True,True,True,True
openai/gpt-oss-120b,unavailable_add_009,0,unavailable_add:template-01,True,True,True,True
openai/gpt-oss-120b,unavailable_add_009,1,unavailable_add:template-01,True,True,True,True
openai/gpt-oss-120b,unavailable_add_009,2,unavailable_add:template-01,True,True,True,True
openai/gpt-oss-120b,unavailable_add_010,0,unavailable_add:template-02,True,True,True,True
openai/gpt-oss-120b,unavailable_add_010,1,unavailable_add:template-02,True,True,True,True
openai/gpt-oss-120b,unavailable_add_010,2,unavailable_add:template-02,True,True,True,True
openai/gpt-oss-120b,unavailable_add_011,0,unavailable_add:template-03,True,True,True,True
openai/gpt-oss-120b,unavailable_add_011,1,unavailable_add:template-03,True,True,True,True
openai/gpt-oss-120b,unavailable_add_011,2,unavailable_add:template-03,True,True,True,True
openai/gpt-oss-120b,unavailable_add_012,0,unavailable_add:template-04,True,True,True,True
openai/gpt-oss-120b,unavailable_add_012,1,unavailable_add:template-04,True,True,True,True
openai/gpt-oss-120b,unavailable_add_012,2,unavailable_add:template-04,True,True,True,True
openai/gpt-oss-120b,unavailable_add_013,0,unavailable_add:template-05,True,True,True,True
openai/gpt-oss-120b,unavailable_add_013,1,unavailable_add:template-05,True,True,True,True
openai/gpt-oss-120b,unavailable_add_013,2,unavailable_add:template-05,True,True,True,True
openai/gpt-oss-120b,unavailable_add_014,0,unavailable_add:template-06,True,True,True,True
openai/gpt-oss-120b,unavailable_add_014,1,unavailable_add:template-06,True,True,True,True
openai/gpt-oss-120b,unavailable_add_014,2,unavailable_add:template-06,True,True,True,True
openai/gpt-oss-120b,unavailable_add_015,0,unavailable_add:template-07,True,True,True,True
openai/gpt-oss-120b,unavailable_add_015,1,unavailable_add:template-07,True,True,True,True
openai/gpt-oss-120b,unavailable_add_015,2,unavailable_add:template-07,True,True,True,True
openai/gpt-oss-120b,unavailable_add_016,0,unavailable_add:template-00,True,True,True,True
openai/gpt-oss-120b,unavailable_add_016,1,unavailable_add:template-00,True,True,True,True
openai/gpt-oss-120b,unavailable_add_016,2,unavailable_add:template-00,True,True,True,True
openai/gpt-oss-120b,unavailable_add_017,0,unavailable_add:template-01,True,True,True,True
openai/gpt-oss-120b,unavailable_add_017,1,unavailable_add:template-01,True,True,True,True
openai/gpt-oss-120b,unavailable_add_017,2,unavailable_add:template-01,True,True,True,True
openai/gpt-oss-120b,unavailable_add_018,0,unavailable_add:template-02,True,True,True,True
openai/gpt-oss-120b,unavailable_add_018,1,unavailable_add:template-02,True,True,True,True
openai/gpt-oss-120b,unavailable_add_018,2,unavailable_add:template-02,True,True,True,True
openai/gpt-oss-120b,unavailable_add_019,0,unavailable_add:template-03,True,True,True,True
openai/gpt-oss-120b,unavailable_add_019,1,unavailable_add:template-03,True,True,True,True
openai/gpt-oss-120b,unavailable_add_019,2,unavailable_add:template-03,True,True,True,True
openai/gpt-oss-120b,unavailable_add_020,0,unavailable_add:template-04,True,True,True,True
openai/gpt-oss-120b,unavailable_add_020,1,unavailable_add:template-04,True,True,True,True
openai/gpt-oss-120b,unavailable_add_020,2,unavailable_add:template-04,True,True,True,True
openai/gpt-oss-120b,unavailable_add_021,0,unavailable_add:template-05,True,True,True,True
openai/gpt-oss-120b,unavailable_add_021,1,unavailable_add:template-05,True,True,True,True
openai/gpt-oss-120b,unavailable_add_021,2,unavailable_add:template-05,True,True,True,True
openai/gpt-oss-120b,unavailable_add_022,0,unavailable_add:template-06,True,True,True,True
openai/gpt-oss-120b,unavailable_add_022,1,unavailable_add:template-06,True,True,True,True
openai/gpt-oss-120b,unavailable_add_022,2,unavailable_add:template-06,True,True,True,True
openai/gpt-oss-120b,unavailable_add_023,0,unavailable_add:template-07,True,True,True,True
openai/gpt-oss-120b,unavailable_add_023,1,unavailable_add:template-07,True,True,True,True
openai/gpt-oss-120b,unavailable_add_023,2,unavailable_add:template-07,True,True,True,True
openai/gpt-oss-120b,unavailable_add_024,0,unavailable_add:template-00,True,True,True,True
openai/gpt-oss-120b,unavailable_add_024,1,unavailable_add:template-00,True,True,True,True
openai/gpt-oss-120b,unavailable_add_024,2,unavailable_add:template-00,True,True,True,True
openai/gpt-oss-120b,unavailable_add_025,0,unavailable_add:template-01,True,True,True,True
openai/gpt-oss-120b,unavailable_add_025,1,unavailable_add:template-01,True,True,True,True
openai/gpt-oss-120b,unavailable_add_025,2,unavailable_add:template-01,True,True,True,True
openai/gpt-oss-120b,unavailable_add_026,0,unavailable_add:template-02,True,True,True,True
openai/gpt-oss-120b,unavailable_add_026,1,unavailable_add:template-02,True,True,True,True
openai/gpt-oss-120b,unavailable_add_026,2,unavailable_add:template-02,True,True,True,True
openai/gpt-oss-120b,unavailable_add_027,0,unavailable_add:template-03,True,True,True,True
openai/gpt-oss-120b,unavailable_add_027,1,unavailable_add:template-03,True,True,True,True
openai/gpt-oss-120b,unavailable_add_027,2,unavailable_add:template-03,True,True,True,True
openai/gpt-oss-120b,unavailable_add_028,0,unavailable_add:template-04,True,True,True,True
openai/gpt-oss-120b,unavailable_add_028,1,unavailable_add:template-04,True,True,True,True
openai/gpt-oss-120b,unavailable_add_028,2,unavailable_add:template-04,True,True,True,True
openai/gpt-oss-120b,unavailable_add_029,0,unavailable_add:template-05,True,True,True,True
openai/gpt-oss-120b,unavailable_add_029,1,unavailable_add:template-05,True,True,True,True
openai/gpt-oss-120b,unavailable_add_029,2,unavailable_add:template-05,True,True,True,True
zai-org/GLM-5.1,add_item_000,0,add_item:template-00,True,True,True,True
zai-org/GLM-5.1,add_item_000,1,add_item:template-00,True,True,True,True
zai-org/GLM-5.1,add_item_000,2,add_item:template-00,True,True,True,True
zai-org/GLM-5.1,add_item_001,0,add_item:template-01,True,True,True,True
zai-org/GLM-5.1,add_item_001,1,add_item:template-01,True,True,True,True
zai-org/GLM-5.1,add_item_001,2,add_item:template-01,True,True,True,True
zai-org/GLM-5.1,add_item_002,0,add_item:template-02,True,True,True,True
zai-org/GLM-5.1,add_item_002,1,add_item:template-02,True,True,True,True
zai-org/GLM-5.1,add_item_002,2,add_item:template-02,True,True,True,True
zai-org/GLM-5.1,add_item_003,0,add_item:template-03,True,True,True,True
zai-org/GLM-5.1,add_item_003,1,add_item:template-03,True,True,True,True
zai-org/GLM-5.1,add_item_003,2,add_item:template-03,True,True,True,True
zai-org/GLM-5.1,add_item_004,0,add_item:template-04,True,True,True,True
zai-org/GLM-5.1,add_item_004,1,add_item:template-04,True,True,True,True
zai-org/GLM-5.1,add_item_004,2,add_item:template-04,True,True,True,True
zai-org/GLM-5.1,add_item_005,0,add_item:template-05,True,True,True,True
zai-org/GLM-5.1,add_item_005,1,add_item:template-05,True,True,True,True
zai-org/GLM-5.1,add_item_005,2,add_item:template-05,True,True,True,True
zai-org/GLM-5.1,add_item_006,0,add_item:template-06,True,True,True,True
zai-org/GLM-5.1,add_item_006,1,add_item:template-06,True,True,True,True
zai-org/GLM-5.1,add_item_006,2,add_item:template-06,True,True,True,True
zai-org/GLM-5.1,add_item_007,0,add_item:template-07,True,True,True,True
zai-org/GLM-5.1,add_item_007,1,add_item:template-07,True,True,True,True
zai-org/GLM-5.1,add_item_007,2,add_item:template-07,True,True,True,True
zai-org/GLM-5.1,add_item_008,0,add_item:template-00,True,True,True,True
zai-org/GLM-5.1,add_item_008,1,add_item:template-00,True,True,True,True
zai-org/GLM-5.1,add_item_008,2,add_item:template-00,True,True,True,True
zai-org/GLM-5.1,add_item_009,0,add_item:template-01,True,True,True,True
zai-org/GLM-5.1,add_item_009,1,add_item:template-01,True,True,True,True
zai-org/GLM-5.1,add_item_009,2,add_item:template-01,True,True,True,True
zai-org/GLM-5.1,add_item_010,0,add_item:template-02,True,True,True,True
zai-org/GLM-5.1,add_item_010,1,add_item:template-02,True,True,True,True
zai-org/GLM-5.1,add_item_010,2,add_item:template-02,True,True,True,True
zai-org/GLM-5.1,add_item_011,0,add_item:template-03,True,True,True,True
zai-org/GLM-5.1,add_item_011,1,add_item:template-03,True,True,True,True
zai-org/GLM-5.1,add_item_011,2,add_item:template-03,True,True,True,True
zai-org/GLM-5.1,add_item_012,0,add_item:template-04,True,True,True,True
zai-org/GLM-5.1,add_item_012,1,add_item:template-04,True,True,True,True
zai-org/GLM-5.1,add_item_012,2,add_item:template-04,True,True,True,True
zai-org/GLM-5.1,add_item_013,0,add_item:template-05,True,True,True,True
zai-org/GLM-5.1,add_item_013,1,add_item:template-05,True,True,True,True
zai-org/GLM-5.1,add_item_013,2,add_item:template-05,True,True,True,True
zai-org/GLM-5.1,add_item_014,0,add_item:template-06,True,True,True,True
zai-org/GLM-5.1,add_item_014,1,add_item:template-06,True,True,True,True
zai-org/GLM-5.1,add_item_014,2,add_item:template-06,True,True,True,True
zai-org/GLM-5.1,add_item_015,0,add_item:template-07,True,True,True,True
zai-org/GLM-5.1,add_item_015,1,add_item:template-07,True,True,True,True
zai-org/GLM-5.1,add_item_015,2,add_item:template-07,True,True,True,True
zai-org/GLM-5.1,add_item_016,0,add_item:template-00,True,True,True,True
zai-org/GLM-5.1,add_item_016,1,add_item:template-00,True,True,True,True
zai-org/GLM-5.1,add_item_016,2,add_item:template-00,True,True,True,True
zai-org/GLM-5.1,add_item_017,0,add_item:template-01,True,True,True,True
zai-org/GLM-5.1,add_item_017,1,add_item:template-01,True,True,True,True
zai-org/GLM-5.1,add_item_017,2,add_item:template-01,True,True,True,True
zai-org/GLM-5.1,add_item_018,0,add_item:template-02,True,True,True,True
zai-org/GLM-5.1,add_item_018,1,add_item:template-02,True,True,True,True
zai-org/GLM-5.1,add_item_018,2,add_item:template-02,True,True,True,True
zai-org/GLM-5.1,add_item_019,0,add_item:template-03,True,True,True,True
zai-org/GLM-5.1,add_item_019,1,add_item:template-03,True,True,True,True
zai-org/GLM-5.1,add_item_019,2,add_item:template-03,True,True,True,True
zai-org/GLM-5.1,add_item_020,0,add_item:template-04,True,True,True,True
zai-org/GLM-5.1,add_item_020,1,add_item:template-04,True,True,True,True
zai-org/GLM-5.1,add_item_020,2,add_item:template-04,True,True,True,True
zai-org/GLM-5.1,add_item_021,0,add_item:template-05,True,True,True,True
zai-org/GLM-5.1,add_item_021,1,add_item:template-05,True,True,True,True
zai-org/GLM-5.1,add_item_021,2,add_item:template-05,True,True,True,True
zai-org/GLM-5.1,add_item_022,0,add_item:template-06,True,True,True,True
zai-org/GLM-5.1,add_item_022,1,add_item:template-06,True,True,True,True
zai-org/GLM-5.1,add_item_022,2,add_item:template-06,True,True,True,True
zai-org/GLM-5.1,add_item_023,0,add_item:template-07,True,True,True,True
zai-org/GLM-5.1,add_item_023,1,add_item:template-07,True,True,True,True
zai-org/GLM-5.1,add_item_023,2,add_item:template-07,True,True,True,True
zai-org/GLM-5.1,add_item_024,0,add_item:template-00,True,True,True,True
zai-org/GLM-5.1,add_item_024,1,add_item:template-00,True,True,True,True
zai-org/GLM-5.1,add_item_024,2,add_item:template-00,True,True,True,True
zai-org/GLM-5.1,add_item_025,0,add_item:template-01,True,True,True,True
zai-org/GLM-5.1,add_item_025,1,add_item:template-01,True,True,True,True
zai-org/GLM-5.1,add_item_025,2,add_item:template-01,True,True,True,True
zai-org/GLM-5.1,add_item_026,0,add_item:template-02,True,True,True,True
zai-org/GLM-5.1,add_item_026,1,add_item:template-02,True,True,True,True
zai-org/GLM-5.1,add_item_026,2,add_item:template-02,True,True,True,True
zai-org/GLM-5.1,add_item_027,0,add_item:template-03,True,True,True,True
zai-org/GLM-5.1,add_item_027,1,add_item:template-03,True,True,True,True
zai-org/GLM-5.1,add_item_027,2,add_item:template-03,True,True,True,True
zai-org/GLM-5.1,add_item_028,0,add_item:template-04,True,True,True,True
zai-org/GLM-5.1,add_item_028,1,add_item:template-04,True,True,True,True
zai-org/GLM-5.1,add_item_028,2,add_item:template-04,True,True,True,True
zai-org/GLM-5.1,add_item_029,0,add_item:template-05,True,True,True,True
zai-org/GLM-5.1,add_item_029,1,add_item:template-05,True,True,True,True
zai-org/GLM-5.1,add_item_029,2,add_item:template-05,True,True,True,True
zai-org/GLM-5.1,constraint_add_safe_000,0,constraint_add_safe:template-00,True,True,True,True
zai-org/GLM-5.1,constraint_add_safe_000,1,constraint_add_safe:template-00,True,True,True,True
zai-org/GLM-5.1,constraint_add_safe_000,2,constraint_add_safe:template-00,True,True,True,True
zai-org/GLM-5.1,constraint_add_safe_001,0,constraint_add_safe:template-01,True,True,True,True
zai-org/GLM-5.1,constraint_add_safe_001,1,constraint_add_safe:template-01,True,True,True,True
zai-org/GLM-5.1,constraint_add_safe_001,2,constraint_add_safe:template-01,True,True,True,True
zai-org/GLM-5.1,constraint_add_safe_002,0,constraint_add_safe:template-02,True,True,True,True
zai-org/GLM-5.1,constraint_add_safe_002,1,constraint_add_safe:template-02,True,True,True,True
zai-org/GLM-5.1,constraint_add_safe_002,2,constraint_add_safe:template-02,True,True,True,True
zai-org/GLM-5.1,constraint_add_safe_003,0,constraint_add_safe:template-03,True,True,True,True
zai-org/GLM-5.1,constraint_add_safe_003,1,constraint_add_safe:template-03,True,True,True,True
zai-org/GLM-5.1,constraint_add_safe_003,2,constraint_add_safe:template-03,True,True,True,True
zai-org/GLM-5.1,constraint_add_safe_004,0,constraint_add_safe:template-04,True,True,True,True
zai-org/GLM-5.1,constraint_add_safe_004,1,constraint_add_safe:template-04,True,True,True,True
zai-org/GLM-5.1,constraint_add_safe_004,2,constraint_add_safe:template-04,True,True,True,True
zai-org/GLM-5.1,constraint_add_safe_005,0,constraint_add_safe:template-05,True,True,True,True
zai-org/GLM-5.1,constraint_add_safe_005,1,constraint_add_safe:template-05,True,True,True,True
zai-org/GLM-5.1,constraint_add_safe_005,2,constraint_add_safe:template-05,True,True,True,True
zai-org/GLM-5.1,constraint_add_safe_006,0,constraint_add_safe:template-06,True,True,True,True
zai-org/GLM-5.1,constraint_add_safe_006,1,constraint_add_safe:template-06,True,True,True,True
zai-org/GLM-5.1,constraint_add_safe_006,2,constraint_add_safe:template-06,True,True,True,True
zai-org/GLM-5.1,constraint_add_safe_007,0,constraint_add_safe:template-07,True,True,True,True
zai-org/GLM-5.1,constraint_add_safe_007,1,constraint_add_safe:template-07,True,True,True,True
zai-org/GLM-5.1,constraint_add_safe_007,2,constraint_add_safe:template-07,True,True,True,True
zai-org/GLM-5.1,constraint_add_safe_008,0,constraint_add_safe:template-00,True,True,True,True
zai-org/GLM-5.1,constraint_add_safe_008,1,constraint_add_safe:template-00,True,True,True,True
zai-org/GLM-5.1,constraint_add_safe_008,2,constraint_add_safe:template-00,True,True,True,True
zai-org/GLM-5.1,constraint_add_safe_009,0,constraint_add_safe:template-01,True,True,True,True
zai-org/GLM-5.1,constraint_add_safe_009,1,constraint_add_safe:template-01,True,True,True,True
zai-org/GLM-5.1,constraint_add_safe_009,2,constraint_add_safe:template-01,True,True,True,True
zai-org/GLM-5.1,constraint_add_safe_010,0,constraint_add_safe:template-02,True,True,True,True
zai-org/GLM-5.1,constraint_add_safe_010,1,constraint_add_safe:template-02,True,True,True,True
zai-org/GLM-5.1,constraint_add_safe_010,2,constraint_add_safe:template-02,True,True,True,True
zai-org/GLM-5.1,constraint_add_safe_011,0,constraint_add_safe:template-03,True,True,True,True
zai-org/GLM-5.1,constraint_add_safe_011,1,constraint_add_safe:template-03,True,True,True,True
zai-org/GLM-5.1,constraint_add_safe_011,2,constraint_add_safe:template-03,True,True,True,True
zai-org/GLM-5.1,constraint_add_safe_012,0,constraint_add_safe:template-04,True,True,True,True
zai-org/GLM-5.1,constraint_add_safe_012,1,constraint_add_safe:template-04,True,True,True,True
zai-org/GLM-5.1,constraint_add_safe_012,2,constraint_add_safe:template-04,True,True,True,True
zai-org/GLM-5.1,constraint_add_safe_013,0,constraint_add_safe:template-05,True,True,True,True
zai-org/GLM-5.1,constraint_add_safe_013,1,constraint_add_safe:template-05,True,True,True,True
zai-org/GLM-5.1,constraint_add_safe_013,2,constraint_add_safe:template-05,True,True,True,True
zai-org/GLM-5.1,constraint_add_safe_014,0,constraint_add_safe:template-06,True,True,True,True
zai-org/GLM-5.1,constraint_add_safe_014,1,constraint_add_safe:template-06,True,True,True,True
zai-org/GLM-5.1,constraint_add_safe_014,2,constraint_add_safe:template-06,True,True,True,True
zai-org/GLM-5.1,constraint_add_safe_015,0,constraint_add_safe:template-07,True,True,True,True
zai-org/GLM-5.1,constraint_add_safe_015,1,constraint_add_safe:template-07,True,True,True,True
zai-org/GLM-5.1,constraint_add_safe_015,2,constraint_add_safe:template-07,True,True,True,True
zai-org/GLM-5.1,constraint_add_safe_016,0,constraint_add_safe:template-00,True,True,True,True
zai-org/GLM-5.1,constraint_add_safe_016,1,constraint_add_safe:template-00,True,True,True,True
zai-org/GLM-5.1,constraint_add_safe_016,2,constraint_add_safe:template-00,True,True,True,True
zai-org/GLM-5.1,constraint_add_safe_017,0,constraint_add_safe:template-01,True,True,True,True
zai-org/GLM-5.1,constraint_add_safe_017,1,constraint_add_safe:template-01,True,True,True,True
zai-org/GLM-5.1,constraint_add_safe_017,2,constraint_add_safe:template-01,True,True,True,True
zai-org/GLM-5.1,constraint_add_safe_018,0,constraint_add_safe:template-02,True,True,True,True
zai-org/GLM-5.1,constraint_add_safe_018,1,constraint_add_safe:template-02,True,True,True,True
zai-org/GLM-5.1,constraint_add_safe_018,2,constraint_add_safe:template-02,True,True,True,True
zai-org/GLM-5.1,constraint_add_safe_019,0,constraint_add_safe:template-03,True,True,True,True
zai-org/GLM-5.1,constraint_add_safe_019,1,constraint_add_safe:template-03,True,True,True,True
zai-org/GLM-5.1,constraint_add_safe_019,2,constraint_add_safe:template-03,True,True,True,True
zai-org/GLM-5.1,constraint_add_safe_020,0,constraint_add_safe:template-04,True,True,True,True
zai-org/GLM-5.1,constraint_add_safe_020,1,constraint_add_safe:template-04,True,True,True,True
zai-org/GLM-5.1,constraint_add_safe_020,2,constraint_add_safe:template-04,True,True,True,True
zai-org/GLM-5.1,constraint_add_safe_021,0,constraint_add_safe:template-05,True,True,True,True
zai-org/GLM-5.1,constraint_add_safe_021,1,constraint_add_safe:template-05,True,True,True,True
zai-org/GLM-5.1,constraint_add_safe_021,2,constraint_add_safe:template-05,True,True,True,True
zai-org/GLM-5.1,constraint_add_safe_022,0,constraint_add_safe:template-06,True,True,True,True
zai-org/GLM-5.1,constraint_add_safe_022,1,constraint_add_safe:template-06,True,True,True,True
zai-org/GLM-5.1,constraint_add_safe_022,2,constraint_add_safe:template-06,True,True,True,True
zai-org/GLM-5.1,constraint_add_safe_023,0,constraint_add_safe:template-07,True,True,True,True
zai-org/GLM-5.1,constraint_add_safe_023,1,constraint_add_safe:template-07,True,True,True,True
zai-org/GLM-5.1,constraint_add_safe_023,2,constraint_add_safe:template-07,True,True,True,True
zai-org/GLM-5.1,constraint_add_safe_024,0,constraint_add_safe:template-00,True,True,True,True
zai-org/GLM-5.1,constraint_add_safe_024,1,constraint_add_safe:template-00,True,True,True,True
zai-org/GLM-5.1,constraint_add_safe_024,2,constraint_add_safe:template-00,True,True,True,True
zai-org/GLM-5.1,constraint_add_safe_025,0,constraint_add_safe:template-01,True,True,True,True
zai-org/GLM-5.1,constraint_add_safe_025,1,constraint_add_safe:template-01,True,True,True,True
zai-org/GLM-5.1,constraint_add_safe_025,2,constraint_add_safe:template-01,True,True,True,True
zai-org/GLM-5.1,constraint_add_safe_026,0,constraint_add_safe:template-02,True,True,True,True
zai-org/GLM-5.1,constraint_add_safe_026,1,constraint_add_safe:template-02,True,True,True,True
zai-org/GLM-5.1,constraint_add_safe_026,2,constraint_add_safe:template-02,True,True,True,True
zai-org/GLM-5.1,constraint_add_safe_027,0,constraint_add_safe:template-03,True,True,True,True
zai-org/GLM-5.1,constraint_add_safe_027,1,constraint_add_safe:template-03,True,True,True,True
zai-org/GLM-5.1,constraint_add_safe_027,2,constraint_add_safe:template-03,True,True,True,True
zai-org/GLM-5.1,constraint_add_safe_028,0,constraint_add_safe:template-04,True,True,True,True
zai-org/GLM-5.1,constraint_add_safe_028,1,constraint_add_safe:template-04,True,True,True,True
zai-org/GLM-5.1,constraint_add_safe_028,2,constraint_add_safe:template-04,True,True,True,True
zai-org/GLM-5.1,constraint_add_safe_029,0,constraint_add_safe:template-05,True,True,True,True
zai-org/GLM-5.1,constraint_add_safe_029,1,constraint_add_safe:template-05,True,True,True,True
zai-org/GLM-5.1,constraint_add_safe_029,2,constraint_add_safe:template-05,True,True,True,True
zai-org/GLM-5.1,constraint_new_conflict_000,0,constraint_new_conflict:template-00,True,True,True,True
zai-org/GLM-5.1,constraint_new_conflict_000,1,constraint_new_conflict:template-00,True,True,True,True
zai-org/GLM-5.1,constraint_new_conflict_000,2,constraint_new_conflict:template-00,True,True,True,True
zai-org/GLM-5.1,constraint_new_conflict_001,0,constraint_new_conflict:template-01,True,True,True,True
zai-org/GLM-5.1,constraint_new_conflict_001,1,constraint_new_conflict:template-01,True,True,True,True
zai-org/GLM-5.1,constraint_new_conflict_001,2,constraint_new_conflict:template-01,True,True,True,True
zai-org/GLM-5.1,constraint_new_conflict_002,0,constraint_new_conflict:template-02,True,True,True,True
zai-org/GLM-5.1,constraint_new_conflict_002,1,constraint_new_conflict:template-02,True,True,True,True
zai-org/GLM-5.1,constraint_new_conflict_002,2,constraint_new_conflict:template-02,True,True,True,True
zai-org/GLM-5.1,constraint_new_conflict_003,0,constraint_new_conflict:template-03,True,True,True,True
zai-org/GLM-5.1,constraint_new_conflict_003,1,constraint_new_conflict:template-03,True,True,True,True
zai-org/GLM-5.1,constraint_new_conflict_003,2,constraint_new_conflict:template-03,True,True,True,True
zai-org/GLM-5.1,constraint_new_conflict_004,0,constraint_new_conflict:template-04,True,True,True,True
zai-org/GLM-5.1,constraint_new_conflict_004,1,constraint_new_conflict:template-04,True,True,True,True
zai-org/GLM-5.1,constraint_new_conflict_004,2,constraint_new_conflict:template-04,True,True,True,True
zai-org/GLM-5.1,constraint_new_conflict_005,0,constraint_new_conflict:template-05,True,True,True,True
zai-org/GLM-5.1,constraint_new_conflict_005,1,constraint_new_conflict:template-05,True,True,True,True
zai-org/GLM-5.1,constraint_new_conflict_005,2,constraint_new_conflict:template-05,True,True,True,True
zai-org/GLM-5.1,constraint_new_conflict_006,0,constraint_new_conflict:template-06,True,True,True,True
zai-org/GLM-5.1,constraint_new_conflict_006,1,constraint_new_conflict:template-06,True,True,True,True
zai-org/GLM-5.1,constraint_new_conflict_006,2,constraint_new_conflict:template-06,True,True,True,True
zai-org/GLM-5.1,constraint_new_conflict_007,0,constraint_new_conflict:template-07,True,True,True,True
zai-org/GLM-5.1,constraint_new_conflict_007,1,constraint_new_conflict:template-07,True,True,True,True
zai-org/GLM-5.1,constraint_new_conflict_007,2,constraint_new_conflict:template-07,True,True,True,True
zai-org/GLM-5.1,constraint_new_conflict_008,0,constraint_new_conflict:template-00,True,True,True,True
zai-org/GLM-5.1,constraint_new_conflict_008,1,constraint_new_conflict:template-00,True,True,True,True
zai-org/GLM-5.1,constraint_new_conflict_008,2,constraint_new_conflict:template-00,True,True,True,True
zai-org/GLM-5.1,constraint_new_conflict_009,0,constraint_new_conflict:template-01,True,True,True,True
zai-org/GLM-5.1,constraint_new_conflict_009,1,constraint_new_conflict:template-01,True,True,True,True
zai-org/GLM-5.1,constraint_new_conflict_009,2,constraint_new_conflict:template-01,True,True,True,True
zai-org/GLM-5.1,constraint_new_conflict_010,0,constraint_new_conflict:template-02,True,True,True,True
zai-org/GLM-5.1,constraint_new_conflict_010,1,constraint_new_conflict:template-02,True,True,True,True
zai-org/GLM-5.1,constraint_new_conflict_010,2,constraint_new_conflict:template-02,True,True,True,True
zai-org/GLM-5.1,constraint_new_conflict_011,0,constraint_new_conflict:template-03,True,True,True,True
zai-org/GLM-5.1,constraint_new_conflict_011,1,constraint_new_conflict:template-03,True,True,True,True
zai-org/GLM-5.1,constraint_new_conflict_011,2,constraint_new_conflict:template-03,True,True,True,True
zai-org/GLM-5.1,constraint_new_conflict_012,0,constraint_new_conflict:template-04,True,True,True,True
zai-org/GLM-5.1,constraint_new_conflict_012,1,constraint_new_conflict:template-04,True,True,True,True
zai-org/GLM-5.1,constraint_new_conflict_012,2,constraint_new_conflict:template-04,True,True,True,True
zai-org/GLM-5.1,constraint_new_conflict_013,0,constraint_new_conflict:template-05,True,True,True,True
zai-org/GLM-5.1,constraint_new_conflict_013,1,constraint_new_conflict:template-05,True,True,True,True
zai-org/GLM-5.1,constraint_new_conflict_013,2,constraint_new_conflict:template-05,True,True,True,True
zai-org/GLM-5.1,constraint_new_conflict_014,0,constraint_new_conflict:template-06,True,True,True,True
zai-org/GLM-5.1,constraint_new_conflict_014,1,constraint_new_conflict:template-06,True,True,True,True
zai-org/GLM-5.1,constraint_new_conflict_014,2,constraint_new_conflict:template-06,True,True,True,True
zai-org/GLM-5.1,constraint_new_conflict_015,0,constraint_new_conflict:template-07,True,True,True,True
zai-org/GLM-5.1,constraint_new_conflict_015,1,constraint_new_conflict:template-07,True,True,True,True
zai-org/GLM-5.1,constraint_new_conflict_015,2,constraint_new_conflict:template-07,True,True,True,True
zai-org/GLM-5.1,constraint_new_conflict_016,0,constraint_new_conflict:template-00,True,True,True,True
zai-org/GLM-5.1,constraint_new_conflict_016,1,constraint_new_conflict:template-00,True,True,True,True
zai-org/GLM-5.1,constraint_new_conflict_016,2,constraint_new_conflict:template-00,True,True,True,True
zai-org/GLM-5.1,constraint_new_conflict_017,0,constraint_new_conflict:template-01,True,True,True,True
zai-org/GLM-5.1,constraint_new_conflict_017,1,constraint_new_conflict:template-01,True,True,True,True
zai-org/GLM-5.1,constraint_new_conflict_018,0,constraint_new_conflict:template-02,True,True,True,True
zai-org/GLM-5.1,constraint_new_conflict_018,1,constraint_new_conflict:template-02,True,True,True,True
zai-org/GLM-5.1,constraint_new_conflict_019,0,constraint_new_conflict:template-03,True,True,True,True
zai-org/GLM-5.1,constraint_new_conflict_019,1,constraint_new_conflict:template-03,True,True,True,True
zai-org/GLM-5.1,constraint_new_conflict_020,0,constraint_new_conflict:template-04,True,True,True,True
zai-org/GLM-5.1,constraint_new_conflict_020,1,constraint_new_conflict:template-04,True,True,True,True
zai-org/GLM-5.1,constraint_new_conflict_021,0,constraint_new_conflict:template-05,True,True,True,True
zai-org/GLM-5.1,constraint_new_conflict_021,1,constraint_new_conflict:template-05,True,True,True,True
zai-org/GLM-5.1,constraint_new_conflict_022,0,constraint_new_conflict:template-06,True,True,True,True
zai-org/GLM-5.1,constraint_new_conflict_022,1,constraint_new_conflict:template-06,True,True,True,True
zai-org/GLM-5.1,constraint_new_conflict_023,0,constraint_new_conflict:template-07,True,True,True,True
zai-org/GLM-5.1,constraint_new_conflict_023,1,constraint_new_conflict:template-07,True,True,True,True
zai-org/GLM-5.1,constraint_new_conflict_024,0,constraint_new_conflict:template-00,True,True,True,True
zai-org/GLM-5.1,constraint_new_conflict_024,1,constraint_new_conflict:template-00,True,True,True,True
zai-org/GLM-5.1,constraint_new_conflict_025,0,constraint_new_conflict:template-01,True,True,True,True
zai-org/GLM-5.1,constraint_new_conflict_025,1,constraint_new_conflict:template-01,True,True,True,True
zai-org/GLM-5.1,constraint_new_conflict_026,0,constraint_new_conflict:template-02,True,True,True,True
zai-org/GLM-5.1,constraint_new_conflict_026,1,constraint_new_conflict:template-02,True,True,True,True
zai-org/GLM-5.1,constraint_new_conflict_027,0,constraint_new_conflict:template-03,True,True,True,True
zai-org/GLM-5.1,constraint_new_conflict_027,1,constraint_new_conflict:template-03,True,True,True,True
zai-org/GLM-5.1,constraint_new_conflict_028,0,constraint_new_conflict:template-04,True,True,True,True
zai-org/GLM-5.1,constraint_new_conflict_028,1,constraint_new_conflict:template-04,True,True,True,True
zai-org/GLM-5.1,constraint_new_conflict_029,0,constraint_new_conflict:template-05,True,True,True,True
zai-org/GLM-5.1,constraint_new_conflict_029,1,constraint_new_conflict:template-05,True,True,True,True
zai-org/GLM-5.1,modifier_add_scoped_000,0,modifier_add_scoped:template-00,True,True,True,True
zai-org/GLM-5.1,modifier_add_scoped_000,1,modifier_add_scoped:template-00,True,True,True,True
zai-org/GLM-5.1,modifier_add_scoped_000,2,modifier_add_scoped:template-00,True,True,True,True
zai-org/GLM-5.1,modifier_add_scoped_001,0,modifier_add_scoped:template-01,True,True,True,True
zai-org/GLM-5.1,modifier_add_scoped_001,1,modifier_add_scoped:template-01,True,True,True,True
zai-org/GLM-5.1,modifier_add_scoped_001,2,modifier_add_scoped:template-01,True,True,True,True
zai-org/GLM-5.1,modifier_add_scoped_002,0,modifier_add_scoped:template-02,True,True,True,True
zai-org/GLM-5.1,modifier_add_scoped_002,1,modifier_add_scoped:template-02,True,True,True,True
zai-org/GLM-5.1,modifier_add_scoped_002,2,modifier_add_scoped:template-02,True,True,True,True
zai-org/GLM-5.1,modifier_add_scoped_003,0,modifier_add_scoped:template-03,True,True,True,True
zai-org/GLM-5.1,modifier_add_scoped_003,1,modifier_add_scoped:template-03,True,True,True,True
zai-org/GLM-5.1,modifier_add_scoped_003,2,modifier_add_scoped:template-03,True,True,True,True
zai-org/GLM-5.1,modifier_add_scoped_004,0,modifier_add_scoped:template-04,True,True,True,True
zai-org/GLM-5.1,modifier_add_scoped_004,1,modifier_add_scoped:template-04,True,True,True,True
zai-org/GLM-5.1,modifier_add_scoped_004,2,modifier_add_scoped:template-04,True,True,True,True
zai-org/GLM-5.1,modifier_add_scoped_005,0,modifier_add_scoped:template-05,True,True,True,True
zai-org/GLM-5.1,modifier_add_scoped_005,1,modifier_add_scoped:template-05,True,True,True,True
zai-org/GLM-5.1,modifier_add_scoped_005,2,modifier_add_scoped:template-05,True,True,True,True
zai-org/GLM-5.1,modifier_add_scoped_006,0,modifier_add_scoped:template-06,True,True,True,True
zai-org/GLM-5.1,modifier_add_scoped_006,1,modifier_add_scoped:template-06,True,True,True,True
zai-org/GLM-5.1,modifier_add_scoped_006,2,modifier_add_scoped:template-06,True,True,True,True
zai-org/GLM-5.1,modifier_add_scoped_007,0,modifier_add_scoped:template-07,True,True,True,True
zai-org/GLM-5.1,modifier_add_scoped_007,1,modifier_add_scoped:template-07,True,True,True,True
zai-org/GLM-5.1,modifier_add_scoped_007,2,modifier_add_scoped:template-07,True,True,True,True
zai-org/GLM-5.1,modifier_add_scoped_008,0,modifier_add_scoped:template-00,True,True,True,True
zai-org/GLM-5.1,modifier_add_scoped_008,1,modifier_add_scoped:template-00,True,True,True,True
zai-org/GLM-5.1,modifier_add_scoped_008,2,modifier_add_scoped:template-00,True,True,True,True
zai-org/GLM-5.1,modifier_add_scoped_009,0,modifier_add_scoped:template-01,True,True,True,True
zai-org/GLM-5.1,modifier_add_scoped_009,1,modifier_add_scoped:template-01,True,True,True,True
zai-org/GLM-5.1,modifier_add_scoped_009,2,modifier_add_scoped:template-01,True,True,True,True
zai-org/GLM-5.1,modifier_add_scoped_010,0,modifier_add_scoped:template-02,True,True,True,True
zai-org/GLM-5.1,modifier_add_scoped_010,1,modifier_add_scoped:template-02,True,True,True,True
zai-org/GLM-5.1,modifier_add_scoped_010,2,modifier_add_scoped:template-02,True,True,True,True
zai-org/GLM-5.1,modifier_add_scoped_011,0,modifier_add_scoped:template-03,True,True,True,True
zai-org/GLM-5.1,modifier_add_scoped_011,1,modifier_add_scoped:template-03,True,True,True,True
zai-org/GLM-5.1,modifier_add_scoped_011,2,modifier_add_scoped:template-03,True,True,True,True
zai-org/GLM-5.1,modifier_add_scoped_012,0,modifier_add_scoped:template-04,True,True,True,True
zai-org/GLM-5.1,modifier_add_scoped_012,1,modifier_add_scoped:template-04,True,True,True,True
zai-org/GLM-5.1,modifier_add_scoped_012,2,modifier_add_scoped:template-04,True,True,True,True
zai-org/GLM-5.1,modifier_add_scoped_013,0,modifier_add_scoped:template-05,True,True,True,True
zai-org/GLM-5.1,modifier_add_scoped_013,1,modifier_add_scoped:template-05,True,True,True,True
zai-org/GLM-5.1,modifier_add_scoped_013,2,modifier_add_scoped:template-05,True,True,True,True
zai-org/GLM-5.1,modifier_add_scoped_014,0,modifier_add_scoped:template-06,True,True,True,True
zai-org/GLM-5.1,modifier_add_scoped_014,1,modifier_add_scoped:template-06,True,True,True,True
zai-org/GLM-5.1,modifier_add_scoped_014,2,modifier_add_scoped:template-06,True,True,True,True
zai-org/GLM-5.1,modifier_add_scoped_015,0,modifier_add_scoped:template-07,True,True,True,True
zai-org/GLM-5.1,modifier_add_scoped_015,1,modifier_add_scoped:template-07,True,True,True,True
zai-org/GLM-5.1,modifier_add_scoped_015,2,modifier_add_scoped:template-07,True,True,True,True
zai-org/GLM-5.1,modifier_add_scoped_016,0,modifier_add_scoped:template-00,True,True,True,True
zai-org/GLM-5.1,modifier_add_scoped_016,1,modifier_add_scoped:template-00,True,True,True,True
zai-org/GLM-5.1,modifier_add_scoped_016,2,modifier_add_scoped:template-00,True,True,True,True
zai-org/GLM-5.1,modifier_add_scoped_017,0,modifier_add_scoped:template-01,True,True,True,True
zai-org/GLM-5.1,modifier_add_scoped_017,1,modifier_add_scoped:template-01,True,True,True,True
zai-org/GLM-5.1,modifier_add_scoped_017,2,modifier_add_scoped:template-01,True,True,True,True
zai-org/GLM-5.1,modifier_add_scoped_018,0,modifier_add_scoped:template-02,True,True,True,True
zai-org/GLM-5.1,modifier_add_scoped_018,1,modifier_add_scoped:template-02,True,True,True,True
zai-org/GLM-5.1,modifier_add_scoped_018,2,modifier_add_scoped:template-02,True,True,True,True
zai-org/GLM-5.1,modifier_add_scoped_019,0,modifier_add_scoped:template-03,True,True,True,True
zai-org/GLM-5.1,modifier_add_scoped_019,1,modifier_add_scoped:template-03,True,True,True,True
zai-org/GLM-5.1,modifier_add_scoped_019,2,modifier_add_scoped:template-03,True,True,True,True
zai-org/GLM-5.1,modifier_add_scoped_020,0,modifier_add_scoped:template-04,True,True,True,True
zai-org/GLM-5.1,modifier_add_scoped_020,1,modifier_add_scoped:template-04,True,True,True,True
zai-org/GLM-5.1,modifier_add_scoped_020,2,modifier_add_scoped:template-04,True,True,True,True
zai-org/GLM-5.1,modifier_add_scoped_021,0,modifier_add_scoped:template-05,True,True,True,True
zai-org/GLM-5.1,modifier_add_scoped_021,1,modifier_add_scoped:template-05,True,True,True,True
zai-org/GLM-5.1,modifier_add_scoped_021,2,modifier_add_scoped:template-05,True,True,True,True
zai-org/GLM-5.1,modifier_add_scoped_022,0,modifier_add_scoped:template-06,True,True,True,True
zai-org/GLM-5.1,modifier_add_scoped_022,1,modifier_add_scoped:template-06,True,True,True,True
zai-org/GLM-5.1,modifier_add_scoped_022,2,modifier_add_scoped:template-06,True,True,True,True
zai-org/GLM-5.1,modifier_add_scoped_023,0,modifier_add_scoped:template-07,True,True,True,True
zai-org/GLM-5.1,modifier_add_scoped_023,1,modifier_add_scoped:template-07,True,True,True,True
zai-org/GLM-5.1,modifier_add_scoped_023,2,modifier_add_scoped:template-07,True,True,True,True
zai-org/GLM-5.1,modifier_add_scoped_024,0,modifier_add_scoped:template-00,True,True,True,True
zai-org/GLM-5.1,modifier_add_scoped_024,1,modifier_add_scoped:template-00,True,True,True,True
zai-org/GLM-5.1,modifier_add_scoped_024,2,modifier_add_scoped:template-00,True,True,True,True
zai-org/GLM-5.1,modifier_add_scoped_025,0,modifier_add_scoped:template-01,True,True,True,True
zai-org/GLM-5.1,modifier_add_scoped_025,1,modifier_add_scoped:template-01,True,True,True,True
zai-org/GLM-5.1,modifier_add_scoped_025,2,modifier_add_scoped:template-01,True,True,True,True
zai-org/GLM-5.1,modifier_add_scoped_026,0,modifier_add_scoped:template-02,True,True,True,True
zai-org/GLM-5.1,modifier_add_scoped_026,1,modifier_add_scoped:template-02,True,True,True,True
zai-org/GLM-5.1,modifier_add_scoped_026,2,modifier_add_scoped:template-02,True,True,True,True
zai-org/GLM-5.1,modifier_add_scoped_027,0,modifier_add_scoped:template-03,True,True,True,True
zai-org/GLM-5.1,modifier_add_scoped_027,1,modifier_add_scoped:template-03,True,True,True,True
zai-org/GLM-5.1,modifier_add_scoped_027,2,modifier_add_scoped:template-03,True,True,True,True
zai-org/GLM-5.1,modifier_add_scoped_028,0,modifier_add_scoped:template-04,True,True,True,True
zai-org/GLM-5.1,modifier_add_scoped_028,1,modifier_add_scoped:template-04,True,True,True,True
zai-org/GLM-5.1,modifier_add_scoped_028,2,modifier_add_scoped:template-04,True,True,True,True
zai-org/GLM-5.1,modifier_add_scoped_029,0,modifier_add_scoped:template-05,True,True,True,True
zai-org/GLM-5.1,modifier_add_scoped_029,1,modifier_add_scoped:template-05,True,True,True,True
zai-org/GLM-5.1,modifier_add_scoped_029,2,modifier_add_scoped:template-05,True,True,True,True
zai-org/GLM-5.1,modifier_reversal_000,0,modifier_reversal:template-00,True,True,True,True
zai-org/GLM-5.1,modifier_reversal_000,1,modifier_reversal:template-00,True,True,True,True
zai-org/GLM-5.1,modifier_reversal_000,2,modifier_reversal:template-00,True,True,True,True
zai-org/GLM-5.1,modifier_reversal_001,0,modifier_reversal:template-01,True,True,True,True
zai-org/GLM-5.1,modifier_reversal_001,1,modifier_reversal:template-01,True,True,True,True
zai-org/GLM-5.1,modifier_reversal_001,2,modifier_reversal:template-01,True,True,True,True
zai-org/GLM-5.1,modifier_reversal_002,0,modifier_reversal:template-02,True,True,True,True
zai-org/GLM-5.1,modifier_reversal_002,1,modifier_reversal:template-02,True,True,True,True
zai-org/GLM-5.1,modifier_reversal_002,2,modifier_reversal:template-02,True,True,True,True
zai-org/GLM-5.1,modifier_reversal_003,0,modifier_reversal:template-03,True,True,True,True
zai-org/GLM-5.1,modifier_reversal_003,1,modifier_reversal:template-03,True,True,True,True
zai-org/GLM-5.1,modifier_reversal_003,2,modifier_reversal:template-03,True,True,True,True
zai-org/GLM-5.1,modifier_reversal_004,0,modifier_reversal:template-04,True,True,True,True
zai-org/GLM-5.1,modifier_reversal_004,1,modifier_reversal:template-04,True,True,True,True
zai-org/GLM-5.1,modifier_reversal_004,2,modifier_reversal:template-04,True,True,True,True
zai-org/GLM-5.1,modifier_reversal_005,0,modifier_reversal:template-05,True,True,True,True
zai-org/GLM-5.1,modifier_reversal_005,1,modifier_reversal:template-05,True,True,True,True
zai-org/GLM-5.1,modifier_reversal_005,2,modifier_reversal:template-05,True,True,True,True
zai-org/GLM-5.1,modifier_reversal_006,0,modifier_reversal:template-06,True,True,True,True
zai-org/GLM-5.1,modifier_reversal_006,1,modifier_reversal:template-06,True,True,True,True
zai-org/GLM-5.1,modifier_reversal_006,2,modifier_reversal:template-06,True,True,True,True
zai-org/GLM-5.1,modifier_reversal_007,0,modifier_reversal:template-07,True,True,True,True
zai-org/GLM-5.1,modifier_reversal_007,1,modifier_reversal:template-07,True,True,True,True
zai-org/GLM-5.1,modifier_reversal_007,2,modifier_reversal:template-07,True,True,True,True
zai-org/GLM-5.1,modifier_reversal_008,0,modifier_reversal:template-00,True,True,True,True
zai-org/GLM-5.1,modifier_reversal_008,1,modifier_reversal:template-00,True,True,True,True
zai-org/GLM-5.1,modifier_reversal_008,2,modifier_reversal:template-00,True,True,True,True
zai-org/GLM-5.1,modifier_reversal_009,0,modifier_reversal:template-01,True,True,True,True
zai-org/GLM-5.1,modifier_reversal_009,1,modifier_reversal:template-01,True,True,True,True
zai-org/GLM-5.1,modifier_reversal_009,2,modifier_reversal:template-01,True,True,True,True
zai-org/GLM-5.1,modifier_reversal_010,0,modifier_reversal:template-02,True,True,True,True
zai-org/GLM-5.1,modifier_reversal_010,1,modifier_reversal:template-02,True,True,True,True
zai-org/GLM-5.1,modifier_reversal_010,2,modifier_reversal:template-02,True,True,True,True
zai-org/GLM-5.1,modifier_reversal_011,0,modifier_reversal:template-03,True,True,True,True
zai-org/GLM-5.1,modifier_reversal_011,1,modifier_reversal:template-03,True,True,True,True
zai-org/GLM-5.1,modifier_reversal_011,2,modifier_reversal:template-03,True,True,True,True
zai-org/GLM-5.1,modifier_reversal_012,0,modifier_reversal:template-04,True,True,True,True
zai-org/GLM-5.1,modifier_reversal_012,1,modifier_reversal:template-04,True,True,True,True
zai-org/GLM-5.1,modifier_reversal_012,2,modifier_reversal:template-04,True,True,True,True
zai-org/GLM-5.1,modifier_reversal_013,0,modifier_reversal:template-05,True,True,True,True
zai-org/GLM-5.1,modifier_reversal_013,1,modifier_reversal:template-05,True,True,True,True
zai-org/GLM-5.1,modifier_reversal_013,2,modifier_reversal:template-05,True,True,True,True
zai-org/GLM-5.1,modifier_reversal_014,0,modifier_reversal:template-06,True,True,True,True
zai-org/GLM-5.1,modifier_reversal_014,1,modifier_reversal:template-06,True,True,True,True
zai-org/GLM-5.1,modifier_reversal_014,2,modifier_reversal:template-06,True,True,True,True
zai-org/GLM-5.1,modifier_reversal_015,0,modifier_reversal:template-07,True,True,True,True
zai-org/GLM-5.1,modifier_reversal_015,1,modifier_reversal:template-07,True,True,True,True
zai-org/GLM-5.1,modifier_reversal_015,2,modifier_reversal:template-07,True,True,True,True
zai-org/GLM-5.1,modifier_reversal_016,0,modifier_reversal:template-00,True,True,True,True
zai-org/GLM-5.1,modifier_reversal_016,1,modifier_reversal:template-00,True,True,True,True
zai-org/GLM-5.1,modifier_reversal_016,2,modifier_reversal:template-00,True,True,True,True
zai-org/GLM-5.1,modifier_reversal_017,0,modifier_reversal:template-01,True,True,True,True
zai-org/GLM-5.1,modifier_reversal_017,1,modifier_reversal:template-01,True,True,True,True
zai-org/GLM-5.1,modifier_reversal_017,2,modifier_reversal:template-01,True,True,True,True
zai-org/GLM-5.1,modifier_reversal_018,0,modifier_reversal:template-02,True,True,True,True
zai-org/GLM-5.1,modifier_reversal_018,1,modifier_reversal:template-02,True,True,True,True
zai-org/GLM-5.1,modifier_reversal_018,2,modifier_reversal:template-02,True,True,True,True
zai-org/GLM-5.1,modifier_reversal_019,0,modifier_reversal:template-03,True,True,True,True
zai-org/GLM-5.1,modifier_reversal_019,1,modifier_reversal:template-03,True,True,True,True
zai-org/GLM-5.1,modifier_reversal_019,2,modifier_reversal:template-03,True,True,True,True
zai-org/GLM-5.1,modifier_reversal_020,0,modifier_reversal:template-04,True,True,True,True
zai-org/GLM-5.1,modifier_reversal_020,1,modifier_reversal:template-04,True,True,True,True
zai-org/GLM-5.1,modifier_reversal_020,2,modifier_reversal:template-04,True,True,True,True
zai-org/GLM-5.1,modifier_reversal_021,0,modifier_reversal:template-05,True,True,True,True
zai-org/GLM-5.1,modifier_reversal_021,1,modifier_reversal:template-05,True,True,True,True
zai-org/GLM-5.1,modifier_reversal_021,2,modifier_reversal:template-05,True,True,True,True
zai-org/GLM-5.1,modifier_reversal_022,0,modifier_reversal:template-06,True,True,True,True
zai-org/GLM-5.1,modifier_reversal_022,1,modifier_reversal:template-06,True,True,True,True
zai-org/GLM-5.1,modifier_reversal_022,2,modifier_reversal:template-06,True,True,True,True
zai-org/GLM-5.1,modifier_reversal_023,0,modifier_reversal:template-07,True,True,True,True
zai-org/GLM-5.1,modifier_reversal_023,1,modifier_reversal:template-07,True,True,True,True
zai-org/GLM-5.1,modifier_reversal_023,2,modifier_reversal:template-07,True,True,True,True
zai-org/GLM-5.1,modifier_reversal_024,0,modifier_reversal:template-00,True,True,True,True
zai-org/GLM-5.1,modifier_reversal_024,1,modifier_reversal:template-00,True,True,True,True
zai-org/GLM-5.1,modifier_reversal_024,2,modifier_reversal:template-00,True,True,True,True
zai-org/GLM-5.1,modifier_reversal_025,0,modifier_reversal:template-01,True,True,True,True
zai-org/GLM-5.1,modifier_reversal_025,1,modifier_reversal:template-01,True,True,True,True
zai-org/GLM-5.1,modifier_reversal_025,2,modifier_reversal:template-01,True,True,True,True
zai-org/GLM-5.1,modifier_reversal_026,0,modifier_reversal:template-02,True,True,True,True
zai-org/GLM-5.1,modifier_reversal_026,1,modifier_reversal:template-02,True,True,True,True
zai-org/GLM-5.1,modifier_reversal_026,2,modifier_reversal:template-02,True,True,True,True
zai-org/GLM-5.1,modifier_reversal_027,0,modifier_reversal:template-03,True,True,True,True
zai-org/GLM-5.1,modifier_reversal_027,1,modifier_reversal:template-03,True,True,True,True
zai-org/GLM-5.1,modifier_reversal_027,2,modifier_reversal:template-03,True,True,True,True
zai-org/GLM-5.1,modifier_reversal_028,0,modifier_reversal:template-04,True,True,True,True
zai-org/GLM-5.1,modifier_reversal_028,1,modifier_reversal:template-04,True,True,True,True
zai-org/GLM-5.1,modifier_reversal_028,2,modifier_reversal:template-04,True,True,True,True
zai-org/GLM-5.1,modifier_reversal_029,0,modifier_reversal:template-05,True,True,True,True
zai-org/GLM-5.1,modifier_reversal_029,1,modifier_reversal:template-05,True,True,True,True
zai-org/GLM-5.1,modifier_reversal_029,2,modifier_reversal:template-05,True,True,True,True
zai-org/GLM-5.1,quantity_decrease_000,0,quantity_decrease:template-00,True,True,True,True
zai-org/GLM-5.1,quantity_decrease_000,1,quantity_decrease:template-00,True,True,True,True
zai-org/GLM-5.1,quantity_decrease_000,2,quantity_decrease:template-00,True,True,True,True
zai-org/GLM-5.1,quantity_decrease_001,0,quantity_decrease:template-01,True,True,True,True
zai-org/GLM-5.1,quantity_decrease_001,1,quantity_decrease:template-01,True,True,True,True
zai-org/GLM-5.1,quantity_decrease_001,2,quantity_decrease:template-01,True,True,True,True
zai-org/GLM-5.1,quantity_decrease_002,0,quantity_decrease:template-02,True,True,True,True
zai-org/GLM-5.1,quantity_decrease_002,1,quantity_decrease:template-02,True,True,True,True
zai-org/GLM-5.1,quantity_decrease_002,2,quantity_decrease:template-02,True,True,True,True
zai-org/GLM-5.1,quantity_decrease_003,0,quantity_decrease:template-03,True,True,True,True
zai-org/GLM-5.1,quantity_decrease_003,1,quantity_decrease:template-03,True,True,True,True
zai-org/GLM-5.1,quantity_decrease_003,2,quantity_decrease:template-03,True,True,True,True
zai-org/GLM-5.1,quantity_decrease_004,0,quantity_decrease:template-04,True,True,True,True
zai-org/GLM-5.1,quantity_decrease_004,1,quantity_decrease:template-04,True,True,True,True
zai-org/GLM-5.1,quantity_decrease_004,2,quantity_decrease:template-04,True,True,True,True
zai-org/GLM-5.1,quantity_decrease_005,0,quantity_decrease:template-05,True,True,True,True
zai-org/GLM-5.1,quantity_decrease_005,1,quantity_decrease:template-05,True,True,True,True
zai-org/GLM-5.1,quantity_decrease_005,2,quantity_decrease:template-05,True,True,True,True
zai-org/GLM-5.1,quantity_decrease_006,0,quantity_decrease:template-06,True,True,True,True
zai-org/GLM-5.1,quantity_decrease_006,1,quantity_decrease:template-06,True,True,True,True
zai-org/GLM-5.1,quantity_decrease_006,2,quantity_decrease:template-06,True,True,True,True
zai-org/GLM-5.1,quantity_decrease_007,0,quantity_decrease:template-07,True,True,True,True
zai-org/GLM-5.1,quantity_decrease_007,1,quantity_decrease:template-07,True,True,True,True
zai-org/GLM-5.1,quantity_decrease_007,2,quantity_decrease:template-07,True,True,True,True
zai-org/GLM-5.1,quantity_decrease_008,0,quantity_decrease:template-00,True,True,True,True
zai-org/GLM-5.1,quantity_decrease_008,1,quantity_decrease:template-00,True,True,True,True
zai-org/GLM-5.1,quantity_decrease_008,2,quantity_decrease:template-00,True,True,True,True
zai-org/GLM-5.1,quantity_decrease_009,0,quantity_decrease:template-01,True,True,True,True
zai-org/GLM-5.1,quantity_decrease_009,1,quantity_decrease:template-01,True,True,True,True
zai-org/GLM-5.1,quantity_decrease_009,2,quantity_decrease:template-01,True,True,True,True
zai-org/GLM-5.1,quantity_decrease_010,0,quantity_decrease:template-02,True,True,True,True
zai-org/GLM-5.1,quantity_decrease_010,1,quantity_decrease:template-02,True,True,True,True
zai-org/GLM-5.1,quantity_decrease_010,2,quantity_decrease:template-02,True,True,True,True
zai-org/GLM-5.1,quantity_decrease_011,0,quantity_decrease:template-03,True,True,True,True
zai-org/GLM-5.1,quantity_decrease_011,1,quantity_decrease:template-03,True,True,True,True
zai-org/GLM-5.1,quantity_decrease_011,2,quantity_decrease:template-03,True,True,True,True
zai-org/GLM-5.1,quantity_decrease_012,0,quantity_decrease:template-04,True,True,True,True
zai-org/GLM-5.1,quantity_decrease_012,1,quantity_decrease:template-04,True,True,True,True
zai-org/GLM-5.1,quantity_decrease_012,2,quantity_decrease:template-04,True,True,True,True
zai-org/GLM-5.1,quantity_decrease_013,0,quantity_decrease:template-05,True,True,True,True
zai-org/GLM-5.1,quantity_decrease_013,1,quantity_decrease:template-05,True,True,True,True
zai-org/GLM-5.1,quantity_decrease_013,2,quantity_decrease:template-05,True,True,True,True
zai-org/GLM-5.1,quantity_decrease_014,0,quantity_decrease:template-06,True,True,True,True
zai-org/GLM-5.1,quantity_decrease_014,1,quantity_decrease:template-06,True,True,True,True
zai-org/GLM-5.1,quantity_decrease_014,2,quantity_decrease:template-06,True,True,True,True
zai-org/GLM-5.1,quantity_decrease_015,0,quantity_decrease:template-07,True,True,True,True
zai-org/GLM-5.1,quantity_decrease_015,1,quantity_decrease:template-07,True,True,True,True
zai-org/GLM-5.1,quantity_decrease_015,2,quantity_decrease:template-07,True,True,True,True
zai-org/GLM-5.1,quantity_decrease_016,0,quantity_decrease:template-00,True,True,True,True
zai-org/GLM-5.1,quantity_decrease_016,1,quantity_decrease:template-00,True,True,True,True
zai-org/GLM-5.1,quantity_decrease_016,2,quantity_decrease:template-00,True,True,True,True
zai-org/GLM-5.1,quantity_decrease_017,0,quantity_decrease:template-01,True,True,True,True
zai-org/GLM-5.1,quantity_decrease_017,1,quantity_decrease:template-01,True,True,True,True
zai-org/GLM-5.1,quantity_decrease_017,2,quantity_decrease:template-01,True,True,True,True
zai-org/GLM-5.1,quantity_decrease_018,0,quantity_decrease:template-02,True,True,True,True
zai-org/GLM-5.1,quantity_decrease_018,1,quantity_decrease:template-02,True,True,True,True
zai-org/GLM-5.1,quantity_decrease_018,2,quantity_decrease:template-02,True,True,True,True
zai-org/GLM-5.1,quantity_decrease_019,0,quantity_decrease:template-03,True,True,True,True
zai-org/GLM-5.1,quantity_decrease_019,1,quantity_decrease:template-03,True,True,True,True
zai-org/GLM-5.1,quantity_decrease_019,2,quantity_decrease:template-03,True,True,True,True
zai-org/GLM-5.1,quantity_decrease_020,0,quantity_decrease:template-04,True,True,True,True
zai-org/GLM-5.1,quantity_decrease_020,1,quantity_decrease:template-04,True,True,True,True
zai-org/GLM-5.1,quantity_decrease_020,2,quantity_decrease:template-04,True,True,True,True
zai-org/GLM-5.1,quantity_decrease_021,0,quantity_decrease:template-05,True,True,True,True
zai-org/GLM-5.1,quantity_decrease_021,1,quantity_decrease:template-05,True,True,True,True
zai-org/GLM-5.1,quantity_decrease_021,2,quantity_decrease:template-05,True,True,True,True
zai-org/GLM-5.1,quantity_decrease_022,0,quantity_decrease:template-06,True,True,True,True
zai-org/GLM-5.1,quantity_decrease_022,1,quantity_decrease:template-06,True,True,True,True
zai-org/GLM-5.1,quantity_decrease_022,2,quantity_decrease:template-06,True,True,True,True
zai-org/GLM-5.1,quantity_decrease_023,0,quantity_decrease:template-07,True,True,True,True
zai-org/GLM-5.1,quantity_decrease_023,1,quantity_decrease:template-07,True,True,True,True
zai-org/GLM-5.1,quantity_decrease_023,2,quantity_decrease:template-07,True,True,True,True
zai-org/GLM-5.1,quantity_decrease_024,0,quantity_decrease:template-00,True,True,True,True
zai-org/GLM-5.1,quantity_decrease_024,1,quantity_decrease:template-00,True,True,True,True
zai-org/GLM-5.1,quantity_decrease_024,2,quantity_decrease:template-00,True,True,True,True
zai-org/GLM-5.1,quantity_decrease_025,0,quantity_decrease:template-01,True,True,True,True
zai-org/GLM-5.1,quantity_decrease_025,1,quantity_decrease:template-01,True,True,True,True
zai-org/GLM-5.1,quantity_decrease_025,2,quantity_decrease:template-01,True,True,True,True
zai-org/GLM-5.1,quantity_decrease_026,0,quantity_decrease:template-02,True,True,True,True
zai-org/GLM-5.1,quantity_decrease_026,1,quantity_decrease:template-02,True,True,True,True
zai-org/GLM-5.1,quantity_decrease_026,2,quantity_decrease:template-02,True,True,True,True
zai-org/GLM-5.1,quantity_decrease_027,0,quantity_decrease:template-03,True,True,True,True
zai-org/GLM-5.1,quantity_decrease_027,1,quantity_decrease:template-03,True,True,True,True
zai-org/GLM-5.1,quantity_decrease_027,2,quantity_decrease:template-03,True,True,True,True
zai-org/GLM-5.1,quantity_decrease_028,0,quantity_decrease:template-04,True,True,True,True
zai-org/GLM-5.1,quantity_decrease_028,1,quantity_decrease:template-04,True,True,True,True
zai-org/GLM-5.1,quantity_decrease_028,2,quantity_decrease:template-04,True,True,True,True
zai-org/GLM-5.1,quantity_decrease_029,0,quantity_decrease:template-05,True,True,True,True
zai-org/GLM-5.1,quantity_decrease_029,1,quantity_decrease:template-05,True,True,True,True
zai-org/GLM-5.1,quantity_decrease_029,2,quantity_decrease:template-05,True,True,True,True
zai-org/GLM-5.1,quantity_increase_000,0,quantity_increase:template-00,True,True,True,True
zai-org/GLM-5.1,quantity_increase_000,1,quantity_increase:template-00,True,True,True,True
zai-org/GLM-5.1,quantity_increase_000,2,quantity_increase:template-00,True,True,True,True
zai-org/GLM-5.1,quantity_increase_001,0,quantity_increase:template-01,True,True,True,True
zai-org/GLM-5.1,quantity_increase_001,1,quantity_increase:template-01,True,True,True,True
zai-org/GLM-5.1,quantity_increase_001,2,quantity_increase:template-01,True,True,True,True
zai-org/GLM-5.1,quantity_increase_002,0,quantity_increase:template-02,True,True,True,True
zai-org/GLM-5.1,quantity_increase_002,1,quantity_increase:template-02,True,True,True,True
zai-org/GLM-5.1,quantity_increase_002,2,quantity_increase:template-02,True,True,True,True
zai-org/GLM-5.1,quantity_increase_003,0,quantity_increase:template-03,True,True,True,True
zai-org/GLM-5.1,quantity_increase_003,1,quantity_increase:template-03,True,True,True,True
zai-org/GLM-5.1,quantity_increase_003,2,quantity_increase:template-03,True,True,True,True
zai-org/GLM-5.1,quantity_increase_004,0,quantity_increase:template-04,True,True,True,True
zai-org/GLM-5.1,quantity_increase_004,1,quantity_increase:template-04,True,True,True,True
zai-org/GLM-5.1,quantity_increase_004,2,quantity_increase:template-04,True,True,True,True
zai-org/GLM-5.1,quantity_increase_005,0,quantity_increase:template-05,True,True,True,True
zai-org/GLM-5.1,quantity_increase_005,1,quantity_increase:template-05,True,True,True,True
zai-org/GLM-5.1,quantity_increase_005,2,quantity_increase:template-05,True,True,True,True
zai-org/GLM-5.1,quantity_increase_006,0,quantity_increase:template-06,True,True,True,True
zai-org/GLM-5.1,quantity_increase_006,1,quantity_increase:template-06,True,True,True,True
zai-org/GLM-5.1,quantity_increase_006,2,quantity_increase:template-06,True,True,True,True
zai-org/GLM-5.1,quantity_increase_007,0,quantity_increase:template-07,True,True,True,True
zai-org/GLM-5.1,quantity_increase_007,1,quantity_increase:template-07,True,True,True,True
zai-org/GLM-5.1,quantity_increase_007,2,quantity_increase:template-07,True,True,True,True
zai-org/GLM-5.1,quantity_increase_008,0,quantity_increase:template-00,True,True,True,True
zai-org/GLM-5.1,quantity_increase_008,1,quantity_increase:template-00,True,True,True,True
zai-org/GLM-5.1,quantity_increase_008,2,quantity_increase:template-00,True,True,True,True
zai-org/GLM-5.1,quantity_increase_009,0,quantity_increase:template-01,True,True,True,True
zai-org/GLM-5.1,quantity_increase_009,1,quantity_increase:template-01,True,True,True,True
zai-org/GLM-5.1,quantity_increase_009,2,quantity_increase:template-01,True,True,True,True
zai-org/GLM-5.1,quantity_increase_010,0,quantity_increase:template-02,True,True,True,True
zai-org/GLM-5.1,quantity_increase_010,1,quantity_increase:template-02,True,True,True,True
zai-org/GLM-5.1,quantity_increase_010,2,quantity_increase:template-02,True,True,True,True
zai-org/GLM-5.1,quantity_increase_011,0,quantity_increase:template-03,True,True,True,True
zai-org/GLM-5.1,quantity_increase_011,1,quantity_increase:template-03,True,True,True,True
zai-org/GLM-5.1,quantity_increase_011,2,quantity_increase:template-03,True,True,True,True
zai-org/GLM-5.1,quantity_increase_012,0,quantity_increase:template-04,True,True,True,True
zai-org/GLM-5.1,quantity_increase_012,1,quantity_increase:template-04,True,True,True,True
zai-org/GLM-5.1,quantity_increase_012,2,quantity_increase:template-04,True,True,True,True
zai-org/GLM-5.1,quantity_increase_013,0,quantity_increase:template-05,True,True,True,True
zai-org/GLM-5.1,quantity_increase_013,1,quantity_increase:template-05,True,True,True,True
zai-org/GLM-5.1,quantity_increase_013,2,quantity_increase:template-05,True,True,True,True
zai-org/GLM-5.1,quantity_increase_014,0,quantity_increase:template-06,True,True,True,True
zai-org/GLM-5.1,quantity_increase_014,1,quantity_increase:template-06,True,True,True,True
zai-org/GLM-5.1,quantity_increase_014,2,quantity_increase:template-06,True,True,True,True
zai-org/GLM-5.1,quantity_increase_015,0,quantity_increase:template-07,True,True,True,True
zai-org/GLM-5.1,quantity_increase_015,1,quantity_increase:template-07,True,True,True,True
zai-org/GLM-5.1,quantity_increase_015,2,quantity_increase:template-07,True,True,True,True
zai-org/GLM-5.1,quantity_increase_016,0,quantity_increase:template-00,True,True,True,True
zai-org/GLM-5.1,quantity_increase_016,1,quantity_increase:template-00,True,True,True,True
zai-org/GLM-5.1,quantity_increase_016,2,quantity_increase:template-00,True,True,True,True
zai-org/GLM-5.1,quantity_increase_017,0,quantity_increase:template-01,True,True,True,True
zai-org/GLM-5.1,quantity_increase_017,1,quantity_increase:template-01,True,True,True,True
zai-org/GLM-5.1,quantity_increase_017,2,quantity_increase:template-01,True,True,True,True
zai-org/GLM-5.1,quantity_increase_018,0,quantity_increase:template-02,True,True,True,True
zai-org/GLM-5.1,quantity_increase_018,1,quantity_increase:template-02,True,True,True,True
zai-org/GLM-5.1,quantity_increase_018,2,quantity_increase:template-02,True,True,True,True
zai-org/GLM-5.1,quantity_increase_019,0,quantity_increase:template-03,True,True,True,True
zai-org/GLM-5.1,quantity_increase_019,1,quantity_increase:template-03,True,True,True,True
zai-org/GLM-5.1,quantity_increase_019,2,quantity_increase:template-03,True,True,True,True
zai-org/GLM-5.1,quantity_increase_020,0,quantity_increase:template-04,True,True,True,True
zai-org/GLM-5.1,quantity_increase_020,1,quantity_increase:template-04,True,True,True,True
zai-org/GLM-5.1,quantity_increase_020,2,quantity_increase:template-04,True,True,True,True
zai-org/GLM-5.1,quantity_increase_021,0,quantity_increase:template-05,True,True,True,True
zai-org/GLM-5.1,quantity_increase_021,1,quantity_increase:template-05,True,True,True,True
zai-org/GLM-5.1,quantity_increase_021,2,quantity_increase:template-05,True,True,True,True
zai-org/GLM-5.1,quantity_increase_022,0,quantity_increase:template-06,True,True,True,True
zai-org/GLM-5.1,quantity_increase_022,1,quantity_increase:template-06,True,True,True,True
zai-org/GLM-5.1,quantity_increase_022,2,quantity_increase:template-06,True,True,True,True
zai-org/GLM-5.1,quantity_increase_023,0,quantity_increase:template-07,True,True,True,True
zai-org/GLM-5.1,quantity_increase_023,1,quantity_increase:template-07,True,True,True,True
zai-org/GLM-5.1,quantity_increase_023,2,quantity_increase:template-07,True,True,True,True
zai-org/GLM-5.1,quantity_increase_024,0,quantity_increase:template-00,True,True,True,True
zai-org/GLM-5.1,quantity_increase_024,1,quantity_increase:template-00,True,True,True,True
zai-org/GLM-5.1,quantity_increase_024,2,quantity_increase:template-00,True,True,True,True
zai-org/GLM-5.1,quantity_increase_025,0,quantity_increase:template-01,True,True,True,True
zai-org/GLM-5.1,quantity_increase_025,1,quantity_increase:template-01,True,True,True,True
zai-org/GLM-5.1,quantity_increase_025,2,quantity_increase:template-01,True,True,True,True
zai-org/GLM-5.1,quantity_increase_026,0,quantity_increase:template-02,True,True,True,True
zai-org/GLM-5.1,quantity_increase_026,1,quantity_increase:template-02,True,True,True,True
zai-org/GLM-5.1,quantity_increase_026,2,quantity_increase:template-02,True,True,True,True
zai-org/GLM-5.1,quantity_increase_027,0,quantity_increase:template-03,True,True,True,True
zai-org/GLM-5.1,quantity_increase_027,1,quantity_increase:template-03,True,True,True,True
zai-org/GLM-5.1,quantity_increase_027,2,quantity_increase:template-03,True,True,True,True
zai-org/GLM-5.1,quantity_increase_028,0,quantity_increase:template-04,True,True,True,True
zai-org/GLM-5.1,quantity_increase_028,1,quantity_increase:template-04,True,True,True,True
zai-org/GLM-5.1,quantity_increase_028,2,quantity_increase:template-04,True,True,True,True
zai-org/GLM-5.1,quantity_increase_029,0,quantity_increase:template-05,True,True,True,True
zai-org/GLM-5.1,quantity_increase_029,1,quantity_increase:template-05,True,True,True,True
zai-org/GLM-5.1,quantity_increase_029,2,quantity_increase:template-05,True,True,True,True
zai-org/GLM-5.1,remove_scoped_duplicate_000,0,remove_scoped_duplicate:template-00,True,True,True,True
zai-org/GLM-5.1,remove_scoped_duplicate_000,1,remove_scoped_duplicate:template-00,True,True,True,True
zai-org/GLM-5.1,remove_scoped_duplicate_000,2,remove_scoped_duplicate:template-00,True,True,True,True
zai-org/GLM-5.1,remove_scoped_duplicate_001,0,remove_scoped_duplicate:template-01,True,True,True,True
zai-org/GLM-5.1,remove_scoped_duplicate_001,1,remove_scoped_duplicate:template-01,True,True,True,True
zai-org/GLM-5.1,remove_scoped_duplicate_001,2,remove_scoped_duplicate:template-01,True,True,True,True
zai-org/GLM-5.1,remove_scoped_duplicate_002,0,remove_scoped_duplicate:template-02,True,True,True,True
zai-org/GLM-5.1,remove_scoped_duplicate_002,1,remove_scoped_duplicate:template-02,True,True,True,True
zai-org/GLM-5.1,remove_scoped_duplicate_002,2,remove_scoped_duplicate:template-02,True,True,True,True
zai-org/GLM-5.1,remove_scoped_duplicate_003,0,remove_scoped_duplicate:template-03,True,True,True,True
zai-org/GLM-5.1,remove_scoped_duplicate_003,1,remove_scoped_duplicate:template-03,True,True,True,True
zai-org/GLM-5.1,remove_scoped_duplicate_003,2,remove_scoped_duplicate:template-03,True,True,True,True
zai-org/GLM-5.1,remove_scoped_duplicate_004,0,remove_scoped_duplicate:template-04,True,True,True,True
zai-org/GLM-5.1,remove_scoped_duplicate_004,1,remove_scoped_duplicate:template-04,True,True,True,True
zai-org/GLM-5.1,remove_scoped_duplicate_004,2,remove_scoped_duplicate:template-04,True,True,True,True
zai-org/GLM-5.1,remove_scoped_duplicate_005,0,remove_scoped_duplicate:template-05,True,True,True,True
zai-org/GLM-5.1,remove_scoped_duplicate_005,1,remove_scoped_duplicate:template-05,True,True,True,True
zai-org/GLM-5.1,remove_scoped_duplicate_005,2,remove_scoped_duplicate:template-05,True,True,True,True
zai-org/GLM-5.1,remove_scoped_duplicate_006,0,remove_scoped_duplicate:template-06,True,True,True,True
zai-org/GLM-5.1,remove_scoped_duplicate_006,1,remove_scoped_duplicate:template-06,True,True,True,True
zai-org/GLM-5.1,remove_scoped_duplicate_006,2,remove_scoped_duplicate:template-06,True,True,True,True
zai-org/GLM-5.1,remove_scoped_duplicate_007,0,remove_scoped_duplicate:template-07,True,True,True,True
zai-org/GLM-5.1,remove_scoped_duplicate_007,1,remove_scoped_duplicate:template-07,True,True,True,True
zai-org/GLM-5.1,remove_scoped_duplicate_007,2,remove_scoped_duplicate:template-07,True,True,True,True
zai-org/GLM-5.1,remove_scoped_duplicate_008,0,remove_scoped_duplicate:template-00,True,True,True,True
zai-org/GLM-5.1,remove_scoped_duplicate_008,1,remove_scoped_duplicate:template-00,True,True,True,True
zai-org/GLM-5.1,remove_scoped_duplicate_008,2,remove_scoped_duplicate:template-00,True,True,True,True
zai-org/GLM-5.1,remove_scoped_duplicate_009,0,remove_scoped_duplicate:template-01,True,True,True,True
zai-org/GLM-5.1,remove_scoped_duplicate_009,1,remove_scoped_duplicate:template-01,True,True,True,True
zai-org/GLM-5.1,remove_scoped_duplicate_009,2,remove_scoped_duplicate:template-01,True,True,True,True
zai-org/GLM-5.1,remove_scoped_duplicate_010,0,remove_scoped_duplicate:template-02,True,True,True,True
zai-org/GLM-5.1,remove_scoped_duplicate_010,1,remove_scoped_duplicate:template-02,True,True,True,True
zai-org/GLM-5.1,remove_scoped_duplicate_010,2,remove_scoped_duplicate:template-02,True,True,True,True
zai-org/GLM-5.1,remove_scoped_duplicate_011,0,remove_scoped_duplicate:template-03,True,True,True,True
zai-org/GLM-5.1,remove_scoped_duplicate_011,1,remove_scoped_duplicate:template-03,True,True,True,True
zai-org/GLM-5.1,remove_scoped_duplicate_011,2,remove_scoped_duplicate:template-03,True,True,True,True
zai-org/GLM-5.1,remove_scoped_duplicate_012,0,remove_scoped_duplicate:template-04,True,True,True,True
zai-org/GLM-5.1,remove_scoped_duplicate_012,1,remove_scoped_duplicate:template-04,True,True,True,True
zai-org/GLM-5.1,remove_scoped_duplicate_012,2,remove_scoped_duplicate:template-04,True,True,True,True
zai-org/GLM-5.1,remove_scoped_duplicate_013,0,remove_scoped_duplicate:template-05,True,True,True,True
zai-org/GLM-5.1,remove_scoped_duplicate_013,1,remove_scoped_duplicate:template-05,True,True,True,True
zai-org/GLM-5.1,remove_scoped_duplicate_013,2,remove_scoped_duplicate:template-05,True,True,True,True
zai-org/GLM-5.1,remove_scoped_duplicate_014,0,remove_scoped_duplicate:template-06,True,True,True,True
zai-org/GLM-5.1,remove_scoped_duplicate_014,1,remove_scoped_duplicate:template-06,True,True,True,True
zai-org/GLM-5.1,remove_scoped_duplicate_014,2,remove_scoped_duplicate:template-06,True,True,True,True
zai-org/GLM-5.1,remove_scoped_duplicate_015,0,remove_scoped_duplicate:template-07,True,True,True,True
zai-org/GLM-5.1,remove_scoped_duplicate_015,1,remove_scoped_duplicate:template-07,True,True,True,True
zai-org/GLM-5.1,remove_scoped_duplicate_015,2,remove_scoped_duplicate:template-07,True,True,True,True
zai-org/GLM-5.1,remove_scoped_duplicate_016,0,remove_scoped_duplicate:template-00,True,True,True,True
zai-org/GLM-5.1,remove_scoped_duplicate_016,1,remove_scoped_duplicate:template-00,True,True,True,True
zai-org/GLM-5.1,remove_scoped_duplicate_016,2,remove_scoped_duplicate:template-00,True,True,True,True
zai-org/GLM-5.1,remove_scoped_duplicate_017,0,remove_scoped_duplicate:template-01,True,True,True,True
zai-org/GLM-5.1,remove_scoped_duplicate_017,1,remove_scoped_duplicate:template-01,True,True,True,True
zai-org/GLM-5.1,remove_scoped_duplicate_017,2,remove_scoped_duplicate:template-01,True,True,True,True
zai-org/GLM-5.1,remove_scoped_duplicate_018,0,remove_scoped_duplicate:template-02,True,True,True,True
zai-org/GLM-5.1,remove_scoped_duplicate_018,1,remove_scoped_duplicate:template-02,True,True,True,True
zai-org/GLM-5.1,remove_scoped_duplicate_018,2,remove_scoped_duplicate:template-02,True,True,True,True
zai-org/GLM-5.1,remove_scoped_duplicate_019,0,remove_scoped_duplicate:template-03,True,True,True,True
zai-org/GLM-5.1,remove_scoped_duplicate_019,1,remove_scoped_duplicate:template-03,True,True,True,True
zai-org/GLM-5.1,remove_scoped_duplicate_019,2,remove_scoped_duplicate:template-03,True,True,True,True
zai-org/GLM-5.1,remove_scoped_duplicate_020,0,remove_scoped_duplicate:template-04,True,True,True,True
zai-org/GLM-5.1,remove_scoped_duplicate_020,1,remove_scoped_duplicate:template-04,True,True,True,True
zai-org/GLM-5.1,remove_scoped_duplicate_020,2,remove_scoped_duplicate:template-04,True,True,True,True
zai-org/GLM-5.1,remove_scoped_duplicate_021,0,remove_scoped_duplicate:template-05,True,True,True,True
zai-org/GLM-5.1,remove_scoped_duplicate_021,1,remove_scoped_duplicate:template-05,True,True,True,True
zai-org/GLM-5.1,remove_scoped_duplicate_021,2,remove_scoped_duplicate:template-05,True,True,True,True
zai-org/GLM-5.1,remove_scoped_duplicate_022,0,remove_scoped_duplicate:template-06,True,True,True,True
zai-org/GLM-5.1,remove_scoped_duplicate_022,1,remove_scoped_duplicate:template-06,True,True,True,True
zai-org/GLM-5.1,remove_scoped_duplicate_022,2,remove_scoped_duplicate:template-06,True,True,True,True
zai-org/GLM-5.1,remove_scoped_duplicate_023,0,remove_scoped_duplicate:template-07,True,True,True,True
zai-org/GLM-5.1,remove_scoped_duplicate_023,1,remove_scoped_duplicate:template-07,True,True,True,True
zai-org/GLM-5.1,remove_scoped_duplicate_023,2,remove_scoped_duplicate:template-07,True,True,True,True
zai-org/GLM-5.1,remove_scoped_duplicate_024,0,remove_scoped_duplicate:template-00,True,True,True,True
zai-org/GLM-5.1,remove_scoped_duplicate_024,1,remove_scoped_duplicate:template-00,True,True,True,True
zai-org/GLM-5.1,remove_scoped_duplicate_024,2,remove_scoped_duplicate:template-00,True,True,True,True
zai-org/GLM-5.1,remove_scoped_duplicate_025,0,remove_scoped_duplicate:template-01,True,True,True,True
zai-org/GLM-5.1,remove_scoped_duplicate_025,1,remove_scoped_duplicate:template-01,True,True,True,True
zai-org/GLM-5.1,remove_scoped_duplicate_025,2,remove_scoped_duplicate:template-01,True,True,True,True
zai-org/GLM-5.1,remove_scoped_duplicate_026,0,remove_scoped_duplicate:template-02,True,True,True,True
zai-org/GLM-5.1,remove_scoped_duplicate_026,1,remove_scoped_duplicate:template-02,True,True,True,True
zai-org/GLM-5.1,remove_scoped_duplicate_026,2,remove_scoped_duplicate:template-02,True,True,True,True
zai-org/GLM-5.1,remove_scoped_duplicate_027,0,remove_scoped_duplicate:template-03,True,True,True,True
zai-org/GLM-5.1,remove_scoped_duplicate_027,1,remove_scoped_duplicate:template-03,True,True,True,True
zai-org/GLM-5.1,remove_scoped_duplicate_027,2,remove_scoped_duplicate:template-03,True,True,True,True
zai-org/GLM-5.1,remove_scoped_duplicate_028,0,remove_scoped_duplicate:template-04,True,True,True,True
zai-org/GLM-5.1,remove_scoped_duplicate_028,1,remove_scoped_duplicate:template-04,True,True,True,True
zai-org/GLM-5.1,remove_scoped_duplicate_028,2,remove_scoped_duplicate:template-04,True,True,True,True
zai-org/GLM-5.1,remove_scoped_duplicate_029,0,remove_scoped_duplicate:template-05,True,True,True,True
zai-org/GLM-5.1,remove_scoped_duplicate_029,1,remove_scoped_duplicate:template-05,True,True,True,True
zai-org/GLM-5.1,remove_scoped_duplicate_029,2,remove_scoped_duplicate:template-05,True,True,True,True
zai-org/GLM-5.1,replace_item_000,0,replace_item:template-00,True,True,True,True
zai-org/GLM-5.1,replace_item_000,1,replace_item:template-00,True,True,True,True
zai-org/GLM-5.1,replace_item_000,2,replace_item:template-00,True,True,True,True
zai-org/GLM-5.1,replace_item_001,0,replace_item:template-01,True,True,True,True
zai-org/GLM-5.1,replace_item_001,1,replace_item:template-01,True,True,True,True
zai-org/GLM-5.1,replace_item_001,2,replace_item:template-01,True,True,True,True
zai-org/GLM-5.1,replace_item_002,0,replace_item:template-02,True,True,True,True
zai-org/GLM-5.1,replace_item_002,1,replace_item:template-02,True,True,True,True
zai-org/GLM-5.1,replace_item_002,2,replace_item:template-02,True,True,True,True
zai-org/GLM-5.1,replace_item_003,0,replace_item:template-03,True,True,True,True
zai-org/GLM-5.1,replace_item_003,1,replace_item:template-03,True,True,True,True
zai-org/GLM-5.1,replace_item_003,2,replace_item:template-03,True,True,True,True
zai-org/GLM-5.1,replace_item_004,0,replace_item:template-04,True,True,True,True
zai-org/GLM-5.1,replace_item_004,1,replace_item:template-04,True,True,True,True
zai-org/GLM-5.1,replace_item_004,2,replace_item:template-04,True,True,True,True
zai-org/GLM-5.1,replace_item_005,0,replace_item:template-05,True,True,True,True
zai-org/GLM-5.1,replace_item_005,1,replace_item:template-05,True,True,True,True
zai-org/GLM-5.1,replace_item_005,2,replace_item:template-05,True,True,True,True
zai-org/GLM-5.1,replace_item_006,0,replace_item:template-06,True,True,True,True
zai-org/GLM-5.1,replace_item_006,1,replace_item:template-06,True,True,True,True
zai-org/GLM-5.1,replace_item_006,2,replace_item:template-06,True,True,True,True
zai-org/GLM-5.1,replace_item_007,0,replace_item:template-07,True,True,True,True
zai-org/GLM-5.1,replace_item_007,1,replace_item:template-07,True,True,True,True
zai-org/GLM-5.1,replace_item_007,2,replace_item:template-07,True,True,True,True
zai-org/GLM-5.1,replace_item_008,0,replace_item:template-00,True,True,True,True
zai-org/GLM-5.1,replace_item_008,1,replace_item:template-00,True,True,True,True
zai-org/GLM-5.1,replace_item_008,2,replace_item:template-00,True,True,True,True
zai-org/GLM-5.1,replace_item_009,0,replace_item:template-01,True,True,True,True
zai-org/GLM-5.1,replace_item_009,1,replace_item:template-01,True,True,True,True
zai-org/GLM-5.1,replace_item_009,2,replace_item:template-01,True,True,True,True
zai-org/GLM-5.1,replace_item_010,0,replace_item:template-02,True,True,True,True
zai-org/GLM-5.1,replace_item_010,1,replace_item:template-02,True,True,True,True
zai-org/GLM-5.1,replace_item_010,2,replace_item:template-02,True,True,True,True
zai-org/GLM-5.1,replace_item_011,0,replace_item:template-03,True,True,True,True
zai-org/GLM-5.1,replace_item_011,1,replace_item:template-03,True,True,True,True
zai-org/GLM-5.1,replace_item_011,2,replace_item:template-03,True,True,True,True
zai-org/GLM-5.1,replace_item_012,0,replace_item:template-04,True,True,True,True
zai-org/GLM-5.1,replace_item_012,1,replace_item:template-04,True,True,True,True
zai-org/GLM-5.1,replace_item_012,2,replace_item:template-04,True,True,True,True
zai-org/GLM-5.1,replace_item_013,0,replace_item:template-05,True,True,True,True
zai-org/GLM-5.1,replace_item_013,1,replace_item:template-05,True,True,True,True
zai-org/GLM-5.1,replace_item_013,2,replace_item:template-05,True,True,True,True
zai-org/GLM-5.1,replace_item_014,0,replace_item:template-06,True,True,True,True
zai-org/GLM-5.1,replace_item_014,1,replace_item:template-06,True,True,True,True
zai-org/GLM-5.1,replace_item_014,2,replace_item:template-06,True,True,True,True
zai-org/GLM-5.1,replace_item_015,0,replace_item:template-07,True,True,True,True
zai-org/GLM-5.1,replace_item_015,1,replace_item:template-07,True,True,True,True
zai-org/GLM-5.1,replace_item_015,2,replace_item:template-07,True,True,True,True
zai-org/GLM-5.1,replace_item_016,0,replace_item:template-00,True,True,True,True
zai-org/GLM-5.1,replace_item_016,1,replace_item:template-00,True,True,True,True
zai-org/GLM-5.1,replace_item_016,2,replace_item:template-00,True,True,True,True
zai-org/GLM-5.1,replace_item_017,0,replace_item:template-01,True,True,True,True
zai-org/GLM-5.1,replace_item_017,1,replace_item:template-01,True,True,True,True
zai-org/GLM-5.1,replace_item_017,2,replace_item:template-01,True,True,True,True
zai-org/GLM-5.1,replace_item_018,0,replace_item:template-02,True,True,True,True
zai-org/GLM-5.1,replace_item_018,1,replace_item:template-02,True,True,True,True
zai-org/GLM-5.1,replace_item_018,2,replace_item:template-02,True,True,True,True
zai-org/GLM-5.1,replace_item_019,0,replace_item:template-03,True,True,True,True
zai-org/GLM-5.1,replace_item_019,1,replace_item:template-03,True,True,True,True
zai-org/GLM-5.1,replace_item_019,2,replace_item:template-03,True,True,True,True
zai-org/GLM-5.1,replace_item_020,0,replace_item:template-04,True,True,True,True
zai-org/GLM-5.1,replace_item_020,1,replace_item:template-04,True,True,True,True
zai-org/GLM-5.1,replace_item_020,2,replace_item:template-04,True,True,True,True
zai-org/GLM-5.1,replace_item_021,0,replace_item:template-05,True,True,True,True
zai-org/GLM-5.1,replace_item_021,1,replace_item:template-05,True,True,True,True
zai-org/GLM-5.1,replace_item_021,2,replace_item:template-05,True,True,True,True
zai-org/GLM-5.1,replace_item_022,0,replace_item:template-06,True,True,True,True
zai-org/GLM-5.1,replace_item_022,1,replace_item:template-06,True,True,True,True
zai-org/GLM-5.1,replace_item_022,2,replace_item:template-06,True,True,True,True
zai-org/GLM-5.1,replace_item_023,0,replace_item:template-07,True,True,True,True
zai-org/GLM-5.1,replace_item_023,1,replace_item:template-07,True,True,True,True
zai-org/GLM-5.1,replace_item_023,2,replace_item:template-07,True,True,True,True
zai-org/GLM-5.1,replace_item_024,0,replace_item:template-00,True,True,True,True
zai-org/GLM-5.1,replace_item_024,1,replace_item:template-00,True,True,True,True
zai-org/GLM-5.1,replace_item_024,2,replace_item:template-00,True,True,True,True
zai-org/GLM-5.1,replace_item_025,0,replace_item:template-01,True,True,True,True
zai-org/GLM-5.1,replace_item_025,1,replace_item:template-01,True,True,True,True
zai-org/GLM-5.1,replace_item_025,2,replace_item:template-01,True,True,True,True
zai-org/GLM-5.1,replace_item_026,0,replace_item:template-02,True,True,True,True
zai-org/GLM-5.1,replace_item_026,1,replace_item:template-02,True,True,True,True
zai-org/GLM-5.1,replace_item_026,2,replace_item:template-02,True,True,True,True
zai-org/GLM-5.1,replace_item_027,0,replace_item:template-03,True,True,True,True
zai-org/GLM-5.1,replace_item_027,1,replace_item:template-03,True,True,True,True
zai-org/GLM-5.1,replace_item_027,2,replace_item:template-03,True,True,True,True
zai-org/GLM-5.1,replace_item_028,0,replace_item:template-04,True,True,True,True
zai-org/GLM-5.1,replace_item_028,1,replace_item:template-04,True,True,True,True
zai-org/GLM-5.1,replace_item_028,2,replace_item:template-04,True,True,True,True
zai-org/GLM-5.1,replace_item_029,0,replace_item:template-05,True,True,True,True
zai-org/GLM-5.1,replace_item_029,1,replace_item:template-05,True,True,True,True
zai-org/GLM-5.1,replace_item_029,2,replace_item:template-05,True,True,True,True
zai-org/GLM-5.1,size_change_scoped_000,0,size_change_scoped:template-00,True,True,True,True
zai-org/GLM-5.1,size_change_scoped_000,1,size_change_scoped:template-00,True,True,True,True
zai-org/GLM-5.1,size_change_scoped_000,2,size_change_scoped:template-00,True,True,True,True
zai-org/GLM-5.1,size_change_scoped_001,0,size_change_scoped:template-01,True,True,True,True
zai-org/GLM-5.1,size_change_scoped_001,1,size_change_scoped:template-01,True,True,True,True
zai-org/GLM-5.1,size_change_scoped_001,2,size_change_scoped:template-01,True,True,True,True
zai-org/GLM-5.1,size_change_scoped_002,0,size_change_scoped:template-02,True,True,True,True
zai-org/GLM-5.1,size_change_scoped_002,1,size_change_scoped:template-02,True,True,True,True
zai-org/GLM-5.1,size_change_scoped_002,2,size_change_scoped:template-02,True,True,True,True
zai-org/GLM-5.1,size_change_scoped_003,0,size_change_scoped:template-03,True,True,True,True
zai-org/GLM-5.1,size_change_scoped_003,1,size_change_scoped:template-03,True,True,True,True
zai-org/GLM-5.1,size_change_scoped_003,2,size_change_scoped:template-03,True,True,True,True
zai-org/GLM-5.1,size_change_scoped_004,0,size_change_scoped:template-04,True,True,True,True
zai-org/GLM-5.1,size_change_scoped_004,1,size_change_scoped:template-04,True,True,True,True
zai-org/GLM-5.1,size_change_scoped_004,2,size_change_scoped:template-04,True,True,True,True
zai-org/GLM-5.1,size_change_scoped_005,0,size_change_scoped:template-05,True,True,True,True
zai-org/GLM-5.1,size_change_scoped_005,1,size_change_scoped:template-05,True,True,True,True
zai-org/GLM-5.1,size_change_scoped_005,2,size_change_scoped:template-05,True,True,True,True
zai-org/GLM-5.1,size_change_scoped_006,0,size_change_scoped:template-06,True,True,True,True
zai-org/GLM-5.1,size_change_scoped_006,1,size_change_scoped:template-06,True,True,True,True
zai-org/GLM-5.1,size_change_scoped_006,2,size_change_scoped:template-06,True,True,True,True
zai-org/GLM-5.1,size_change_scoped_007,0,size_change_scoped:template-07,True,True,True,True
zai-org/GLM-5.1,size_change_scoped_007,1,size_change_scoped:template-07,True,True,True,True
zai-org/GLM-5.1,size_change_scoped_007,2,size_change_scoped:template-07,True,True,True,True
zai-org/GLM-5.1,size_change_scoped_008,0,size_change_scoped:template-00,True,True,True,True
zai-org/GLM-5.1,size_change_scoped_008,1,size_change_scoped:template-00,True,True,True,True
zai-org/GLM-5.1,size_change_scoped_008,2,size_change_scoped:template-00,True,True,True,True
zai-org/GLM-5.1,size_change_scoped_009,0,size_change_scoped:template-01,True,True,True,True
zai-org/GLM-5.1,size_change_scoped_009,1,size_change_scoped:template-01,True,True,True,True
zai-org/GLM-5.1,size_change_scoped_009,2,size_change_scoped:template-01,True,True,True,True
zai-org/GLM-5.1,size_change_scoped_010,0,size_change_scoped:template-02,True,True,True,True
zai-org/GLM-5.1,size_change_scoped_010,1,size_change_scoped:template-02,True,True,True,True
zai-org/GLM-5.1,size_change_scoped_010,2,size_change_scoped:template-02,True,True,True,True
zai-org/GLM-5.1,size_change_scoped_011,0,size_change_scoped:template-03,True,True,True,True
zai-org/GLM-5.1,size_change_scoped_011,1,size_change_scoped:template-03,True,True,True,True
zai-org/GLM-5.1,size_change_scoped_011,2,size_change_scoped:template-03,True,True,True,True
zai-org/GLM-5.1,size_change_scoped_012,0,size_change_scoped:template-04,True,True,True,True
zai-org/GLM-5.1,size_change_scoped_012,1,size_change_scoped:template-04,True,True,True,True
zai-org/GLM-5.1,size_change_scoped_012,2,size_change_scoped:template-04,True,True,True,True
zai-org/GLM-5.1,size_change_scoped_013,0,size_change_scoped:template-05,True,True,True,True
zai-org/GLM-5.1,size_change_scoped_013,1,size_change_scoped:template-05,True,True,True,True
zai-org/GLM-5.1,size_change_scoped_013,2,size_change_scoped:template-05,True,True,True,True
zai-org/GLM-5.1,size_change_scoped_014,0,size_change_scoped:template-06,True,True,True,True
zai-org/GLM-5.1,size_change_scoped_014,1,size_change_scoped:template-06,True,True,True,True
zai-org/GLM-5.1,size_change_scoped_014,2,size_change_scoped:template-06,True,True,True,True
zai-org/GLM-5.1,size_change_scoped_015,0,size_change_scoped:template-07,True,True,True,True
zai-org/GLM-5.1,size_change_scoped_015,1,size_change_scoped:template-07,True,True,True,True
zai-org/GLM-5.1,size_change_scoped_015,2,size_change_scoped:template-07,True,True,True,True
zai-org/GLM-5.1,size_change_scoped_016,0,size_change_scoped:template-00,True,True,True,True
zai-org/GLM-5.1,size_change_scoped_016,1,size_change_scoped:template-00,True,True,True,True
zai-org/GLM-5.1,size_change_scoped_016,2,size_change_scoped:template-00,True,True,True,True
zai-org/GLM-5.1,size_change_scoped_017,0,size_change_scoped:template-01,True,True,True,True
zai-org/GLM-5.1,size_change_scoped_017,1,size_change_scoped:template-01,True,True,True,True
zai-org/GLM-5.1,size_change_scoped_017,2,size_change_scoped:template-01,True,True,True,True
zai-org/GLM-5.1,size_change_scoped_018,0,size_change_scoped:template-02,True,True,True,True
zai-org/GLM-5.1,size_change_scoped_018,1,size_change_scoped:template-02,True,True,True,True
zai-org/GLM-5.1,size_change_scoped_018,2,size_change_scoped:template-02,True,True,True,True
zai-org/GLM-5.1,size_change_scoped_019,0,size_change_scoped:template-03,True,True,True,True
zai-org/GLM-5.1,size_change_scoped_019,1,size_change_scoped:template-03,True,True,True,True
zai-org/GLM-5.1,size_change_scoped_019,2,size_change_scoped:template-03,True,True,True,True
zai-org/GLM-5.1,size_change_scoped_020,0,size_change_scoped:template-04,True,True,True,True
zai-org/GLM-5.1,size_change_scoped_020,1,size_change_scoped:template-04,True,True,True,True
zai-org/GLM-5.1,size_change_scoped_020,2,size_change_scoped:template-04,True,True,True,True
zai-org/GLM-5.1,size_change_scoped_021,0,size_change_scoped:template-05,True,True,True,True
zai-org/GLM-5.1,size_change_scoped_021,1,size_change_scoped:template-05,True,True,True,True
zai-org/GLM-5.1,size_change_scoped_021,2,size_change_scoped:template-05,True,True,True,True
zai-org/GLM-5.1,size_change_scoped_022,0,size_change_scoped:template-06,True,True,True,True
zai-org/GLM-5.1,size_change_scoped_022,1,size_change_scoped:template-06,True,True,True,True
zai-org/GLM-5.1,size_change_scoped_022,2,size_change_scoped:template-06,True,True,True,True
zai-org/GLM-5.1,size_change_scoped_023,0,size_change_scoped:template-07,True,True,True,True
zai-org/GLM-5.1,size_change_scoped_023,1,size_change_scoped:template-07,True,True,True,True
zai-org/GLM-5.1,size_change_scoped_023,2,size_change_scoped:template-07,True,True,True,True
zai-org/GLM-5.1,size_change_scoped_024,0,size_change_scoped:template-00,True,True,True,True
zai-org/GLM-5.1,size_change_scoped_024,1,size_change_scoped:template-00,True,True,True,True
zai-org/GLM-5.1,size_change_scoped_024,2,size_change_scoped:template-00,True,True,True,True
zai-org/GLM-5.1,size_change_scoped_025,0,size_change_scoped:template-01,True,True,True,True
zai-org/GLM-5.1,size_change_scoped_025,1,size_change_scoped:template-01,True,True,True,True
zai-org/GLM-5.1,size_change_scoped_025,2,size_change_scoped:template-01,True,True,True,True
zai-org/GLM-5.1,size_change_scoped_026,0,size_change_scoped:template-02,True,True,True,True
zai-org/GLM-5.1,size_change_scoped_026,1,size_change_scoped:template-02,True,True,True,True
zai-org/GLM-5.1,size_change_scoped_026,2,size_change_scoped:template-02,True,True,True,True
zai-org/GLM-5.1,size_change_scoped_027,0,size_change_scoped:template-03,True,True,True,True
zai-org/GLM-5.1,size_change_scoped_027,1,size_change_scoped:template-03,True,True,True,True
zai-org/GLM-5.1,size_change_scoped_027,2,size_change_scoped:template-03,True,True,True,True
zai-org/GLM-5.1,size_change_scoped_028,0,size_change_scoped:template-04,True,True,True,True
zai-org/GLM-5.1,size_change_scoped_028,1,size_change_scoped:template-04,True,True,True,True
zai-org/GLM-5.1,size_change_scoped_028,2,size_change_scoped:template-04,True,True,True,True
zai-org/GLM-5.1,size_change_scoped_029,0,size_change_scoped:template-05,True,True,True,True
zai-org/GLM-5.1,size_change_scoped_029,1,size_change_scoped:template-05,True,True,True,True
zai-org/GLM-5.1,size_change_scoped_029,2,size_change_scoped:template-05,True,True,True,True
zai-org/GLM-5.1,stale_reference_000,0,stale_reference:template-00,True,True,True,True
zai-org/GLM-5.1,stale_reference_000,1,stale_reference:template-00,True,True,True,True
zai-org/GLM-5.1,stale_reference_001,0,stale_reference:template-01,True,True,True,True
zai-org/GLM-5.1,stale_reference_001,1,stale_reference:template-01,True,True,True,True
zai-org/GLM-5.1,stale_reference_002,0,stale_reference:template-02,True,True,True,True
zai-org/GLM-5.1,stale_reference_002,1,stale_reference:template-02,True,True,True,True
zai-org/GLM-5.1,stale_reference_003,0,stale_reference:template-03,True,True,True,True
zai-org/GLM-5.1,stale_reference_003,1,stale_reference:template-03,True,True,True,True
zai-org/GLM-5.1,stale_reference_004,0,stale_reference:template-04,True,True,True,True
zai-org/GLM-5.1,stale_reference_004,1,stale_reference:template-04,True,True,True,True
zai-org/GLM-5.1,stale_reference_005,0,stale_reference:template-05,True,True,True,True
zai-org/GLM-5.1,stale_reference_005,1,stale_reference:template-05,True,True,True,True
zai-org/GLM-5.1,stale_reference_006,0,stale_reference:template-06,True,True,True,True
zai-org/GLM-5.1,stale_reference_006,1,stale_reference:template-06,True,True,True,True
zai-org/GLM-5.1,stale_reference_007,0,stale_reference:template-07,True,True,True,True
zai-org/GLM-5.1,stale_reference_007,1,stale_reference:template-07,True,True,True,True
zai-org/GLM-5.1,stale_reference_008,0,stale_reference:template-00,True,True,True,True
zai-org/GLM-5.1,stale_reference_008,1,stale_reference:template-00,True,True,True,True
zai-org/GLM-5.1,stale_reference_009,0,stale_reference:template-01,True,True,True,True
zai-org/GLM-5.1,stale_reference_009,1,stale_reference:template-01,True,True,True,True
zai-org/GLM-5.1,stale_reference_010,0,stale_reference:template-02,True,True,True,True
zai-org/GLM-5.1,stale_reference_010,1,stale_reference:template-02,True,True,True,True
zai-org/GLM-5.1,stale_reference_011,0,stale_reference:template-03,True,True,True,True
zai-org/GLM-5.1,stale_reference_011,1,stale_reference:template-03,True,True,True,True
zai-org/GLM-5.1,stale_reference_012,0,stale_reference:template-04,True,True,True,True
zai-org/GLM-5.1,stale_reference_012,1,stale_reference:template-04,True,True,True,True
zai-org/GLM-5.1,stale_reference_013,0,stale_reference:template-05,True,True,True,True
zai-org/GLM-5.1,stale_reference_013,1,stale_reference:template-05,True,True,True,True
zai-org/GLM-5.1,stale_reference_014,0,stale_reference:template-06,True,True,True,True
zai-org/GLM-5.1,stale_reference_014,1,stale_reference:template-06,True,True,True,True
zai-org/GLM-5.1,stale_reference_015,0,stale_reference:template-07,True,True,True,True
zai-org/GLM-5.1,stale_reference_015,1,stale_reference:template-07,True,True,True,True
zai-org/GLM-5.1,stale_reference_016,0,stale_reference:template-00,True,True,True,True
zai-org/GLM-5.1,stale_reference_016,1,stale_reference:template-00,True,True,True,True
zai-org/GLM-5.1,stale_reference_017,0,stale_reference:template-01,True,True,True,True
zai-org/GLM-5.1,stale_reference_017,1,stale_reference:template-01,True,True,True,True
zai-org/GLM-5.1,stale_reference_018,0,stale_reference:template-02,True,True,True,True
zai-org/GLM-5.1,stale_reference_018,1,stale_reference:template-02,True,True,True,True
zai-org/GLM-5.1,stale_reference_019,0,stale_reference:template-03,True,True,True,True
zai-org/GLM-5.1,stale_reference_019,1,stale_reference:template-03,True,True,True,True
zai-org/GLM-5.1,stale_reference_020,0,stale_reference:template-04,True,True,True,True
zai-org/GLM-5.1,stale_reference_020,1,stale_reference:template-04,True,True,True,True
zai-org/GLM-5.1,stale_reference_021,0,stale_reference:template-05,True,True,True,True
zai-org/GLM-5.1,stale_reference_021,1,stale_reference:template-05,True,True,True,True
zai-org/GLM-5.1,stale_reference_022,0,stale_reference:template-06,True,True,True,True
zai-org/GLM-5.1,stale_reference_022,1,stale_reference:template-06,True,True,True,True
zai-org/GLM-5.1,stale_reference_023,0,stale_reference:template-07,True,True,True,True
zai-org/GLM-5.1,stale_reference_023,1,stale_reference:template-07,True,True,True,True
zai-org/GLM-5.1,stale_reference_024,0,stale_reference:template-00,True,True,True,True
zai-org/GLM-5.1,stale_reference_024,1,stale_reference:template-00,True,True,True,True
zai-org/GLM-5.1,stale_reference_025,0,stale_reference:template-01,True,True,True,True
zai-org/GLM-5.1,stale_reference_025,1,stale_reference:template-01,True,True,True,True
zai-org/GLM-5.1,stale_reference_026,0,stale_reference:template-02,True,True,True,True
zai-org/GLM-5.1,stale_reference_026,1,stale_reference:template-02,True,True,True,True
zai-org/GLM-5.1,stale_reference_027,0,stale_reference:template-03,True,True,True,True
zai-org/GLM-5.1,stale_reference_027,1,stale_reference:template-03,True,True,True,True
zai-org/GLM-5.1,stale_reference_028,0,stale_reference:template-04,True,True,True,True
zai-org/GLM-5.1,stale_reference_028,1,stale_reference:template-04,True,True,True,True
zai-org/GLM-5.1,stale_reference_029,0,stale_reference:template-05,True,True,True,True
zai-org/GLM-5.1,stale_reference_029,1,stale_reference:template-05,True,True,True,True
zai-org/GLM-5.1,unavailable_add_000,0,unavailable_add:template-00,True,True,True,True
zai-org/GLM-5.1,unavailable_add_000,1,unavailable_add:template-00,True,True,True,True
zai-org/GLM-5.1,unavailable_add_001,0,unavailable_add:template-01,True,True,True,True
zai-org/GLM-5.1,unavailable_add_001,1,unavailable_add:template-01,True,True,True,True
zai-org/GLM-5.1,unavailable_add_002,0,unavailable_add:template-02,True,True,True,True
zai-org/GLM-5.1,unavailable_add_002,1,unavailable_add:template-02,True,True,True,True
zai-org/GLM-5.1,unavailable_add_003,0,unavailable_add:template-03,True,True,True,True
zai-org/GLM-5.1,unavailable_add_003,1,unavailable_add:template-03,True,True,True,True
zai-org/GLM-5.1,unavailable_add_004,0,unavailable_add:template-04,True,True,True,True
zai-org/GLM-5.1,unavailable_add_004,1,unavailable_add:template-04,True,True,True,True
zai-org/GLM-5.1,unavailable_add_005,0,unavailable_add:template-05,True,True,True,True
zai-org/GLM-5.1,unavailable_add_005,1,unavailable_add:template-05,True,True,True,True
zai-org/GLM-5.1,unavailable_add_006,0,unavailable_add:template-06,True,True,True,True
zai-org/GLM-5.1,unavailable_add_006,1,unavailable_add:template-06,True,True,True,True
zai-org/GLM-5.1,unavailable_add_007,0,unavailable_add:template-07,True,True,True,True
zai-org/GLM-5.1,unavailable_add_007,1,unavailable_add:template-07,True,True,True,True
zai-org/GLM-5.1,unavailable_add_008,0,unavailable_add:template-00,True,True,True,True
zai-org/GLM-5.1,unavailable_add_008,1,unavailable_add:template-00,True,True,True,True
zai-org/GLM-5.1,unavailable_add_009,0,unavailable_add:template-01,True,True,True,True
zai-org/GLM-5.1,unavailable_add_009,1,unavailable_add:template-01,True,True,True,True
zai-org/GLM-5.1,unavailable_add_010,0,unavailable_add:template-02,True,True,True,True
zai-org/GLM-5.1,unavailable_add_010,1,unavailable_add:template-02,True,True,True,True
zai-org/GLM-5.1,unavailable_add_011,0,unavailable_add:template-03,True,True,True,True
zai-org/GLM-5.1,unavailable_add_011,1,unavailable_add:template-03,True,True,True,True
zai-org/GLM-5.1,unavailable_add_012,0,unavailable_add:template-04,True,True,True,True
zai-org/GLM-5.1,unavailable_add_012,1,unavailable_add:template-04,True,True,True,True
zai-org/GLM-5.1,unavailable_add_013,0,unavailable_add:template-05,True,True,True,True
zai-org/GLM-5.1,unavailable_add_013,1,unavailable_add:template-05,True,True,True,True
zai-org/GLM-5.1,unavailable_add_014,0,unavailable_add:template-06,True,True,True,True
zai-org/GLM-5.1,unavailable_add_014,1,unavailable_add:template-06,True,True,True,True
zai-org/GLM-5.1,unavailable_add_015,0,unavailable_add:template-07,True,True,True,True
zai-org/GLM-5.1,unavailable_add_015,1,unavailable_add:template-07,True,True,True,True
zai-org/GLM-5.1,unavailable_add_016,0,unavailable_add:template-00,True,True,True,True
zai-org/GLM-5.1,unavailable_add_016,1,unavailable_add:template-00,True,True,True,True
zai-org/GLM-5.1,unavailable_add_017,0,unavailable_add:template-01,True,True,True,True
zai-org/GLM-5.1,unavailable_add_017,1,unavailable_add:template-01,True,True,True,True
zai-org/GLM-5.1,unavailable_add_018,0,unavailable_add:template-02,True,True,True,True
zai-org/GLM-5.1,unavailable_add_018,1,unavailable_add:template-02,True,True,True,True
zai-org/GLM-5.1,unavailable_add_019,0,unavailable_add:template-03,True,True,True,True
zai-org/GLM-5.1,unavailable_add_019,1,unavailable_add:template-03,True,True,True,True
zai-org/GLM-5.1,unavailable_add_020,0,unavailable_add:template-04,True,True,True,True
zai-org/GLM-5.1,unavailable_add_020,1,unavailable_add:template-04,True,True,True,True
zai-org/GLM-5.1,unavailable_add_021,0,unavailable_add:template-05,True,True,True,True
zai-org/GLM-5.1,unavailable_add_021,1,unavailable_add:template-05,True,True,True,True
zai-org/GLM-5.1,unavailable_add_022,0,unavailable_add:template-06,True,True,True,True
zai-org/GLM-5.1,unavailable_add_022,1,unavailable_add:template-06,True,True,True,True
zai-org/GLM-5.1,unavailable_add_023,0,unavailable_add:template-07,True,True,True,True
zai-org/GLM-5.1,unavailable_add_023,1,unavailable_add:template-07,True,True,True,True
zai-org/GLM-5.1,unavailable_add_024,0,unavailable_add:template-00,True,True,True,True
zai-org/GLM-5.1,unavailable_add_024,1,unavailable_add:template-00,True,True,True,True
zai-org/GLM-5.1,unavailable_add_025,0,unavailable_add:template-01,True,True,True,True
zai-org/GLM-5.1,unavailable_add_025,1,unavailable_add:template-01,True,True,True,True
zai-org/GLM-5.1,unavailable_add_026,0,unavailable_add:template-02,True,True,True,True
zai-org/GLM-5.1,unavailable_add_026,1,unavailable_add:template-02,True,True,True,True
zai-org/GLM-5.1,unavailable_add_027,0,unavailable_add:template-03,True,True,True,True
zai-org/GLM-5.1,unavailable_add_027,1,unavailable_add:template-03,True,True,True,True
zai-org/GLM-5.1,unavailable_add_028,0,unavailable_add:template-04,True,True,True,True
zai-org/GLM-5.1,unavailable_add_028,1,unavailable_add:template-04,True,True,True,True
zai-org/GLM-5.1,unavailable_add_029,0,unavailable_add:template-05,True,True,True,True
zai-org/GLM-5.1,unavailable_add_029,1,unavailable_add:template-05,True,True,True,True
